medcodeid	da	category	term	snomedctconceptid	readcode
"378291000006117"	"anxiety"	"diagnoictic"	"[X]Dream anxiety disorder"	"419145002"	"Eu51511"
"3142901000006117"	"anxiety"	"diagnoictic"	"Cannabis-induced anxiety disorder"	"39951001"	"NO READ CODE"
"4196231000006110"	"anxiety"	"diagnoictic"	"Dream anxiety disorder"	"111487009"	"NO READ CODE"
"46409016"	"neurosis"	"diagnoictic"	"Neurotic excoriation"	"27720003"	"M184.12"
"4082601000006112"	"phobia"	"diagnoictic"	"Iophobia"	"102921008"	"NO READ CODE"
"376741000006119"	"with depression"	"diagnoictic"	"[X]Depressive neurosis"	"78667006"	"Eu34111"
"399961000006118"	"with depression"	"diagnoictic"	"Depressive neurosis"	"78667006"	"Eu34113"
"3265831000006118"	"anxiety"	"diagnoictic"	"Adjustment disorder with anxiety"	"47372000"	"NO READ CODE"
"3265811000006112"	"anxiety"	"diagnoictic"	"Adjustment disorder with anxious mood"	"47372000"	"NO READ CODE"
"1230451012"	"anxiety"	"diagnoictic"	"Adjustment reaction with anxious mood"	"47372000"	"E292400"
"3070671000006111"	"anxiety"	"diagnoictic"	"Anticipatory anxiety"	"35429005"	"NO READ CODE"
"2682511000006110"	"anxiety"	"diagnoictic"	"Anticipatory anxiety, mild"	"11458009"	"NO READ CODE"
"3090721000006114"	"anxiety"	"diagnoictic"	"Anticipatory anxiety, moderate"	"36646009"	"NO READ CODE"
"4944521000006113"	"anxiety"	"diagnoictic"	"Anxiety about altered body image"	"225644006"	"NO READ CODE"
"5249261000006112"	"anxiety"	"diagnoictic"	"Anxiety about behaviour or performance"	"247825008"	"NO READ CODE"
"5249061000006116"	"anxiety"	"diagnoictic"	"Anxiety about body function or health"	"247808006"	"NO READ CODE"
"2287071000000115"	"anxiety"	"diagnoictic"	"Anxiety about breathlessness"	"702535006"	"173f.00"
"5605231000006114"	"anxiety"	"diagnoictic"	"Anxiety about choking"	"277822002"	"NO READ CODE"
"5605251000006119"	"anxiety"	"diagnoictic"	"Anxiety about collapsing"	"277824001"	"NO READ CODE"
"5605281000006110"	"anxiety"	"diagnoictic"	"Anxiety about dying"	"277827008"	"NO READ CODE"
"5605371000006115"	"anxiety"	"diagnoictic"	"Anxiety about fainting"	"277833004"	"NO READ CODE"
"5249071000006111"	"anxiety"	"diagnoictic"	"Anxiety about health"	"247808006"	"NO READ CODE"
"8103671000006118"	"anxiety"	"diagnoictic"	"Anxiety about lethargy"	"323341000000102"	"NO READ CODE"
"5605191000006116"	"anxiety"	"diagnoictic"	"Anxiety about losing control of bowels"	"277818007"	"NO READ CODE"
"4944421000006114"	"anxiety"	"diagnoictic"	"Anxiety about loss of control"	"225637002"	"NO READ CODE"
"4944501000006115"	"anxiety"	"diagnoictic"	"Anxiety about making mistakes"	"225643000"	"NO READ CODE"
"4944481000006113"	"anxiety"	"diagnoictic"	"Anxiety about not coping with parenthood"	"225642005"	"NO READ CODE"
"4944431000006112"	"anxiety"	"diagnoictic"	"Anxiety about resuming sexual relations"	"225638007"	"NO READ CODE"
"5605421000006110"	"anxiety"	"diagnoictic"	"Anxiety about saying the wrong thing"	"277839000"	"NO READ CODE"
"5605261000006117"	"anxiety"	"diagnoictic"	"Anxiety about shaking"	"277825000"	"NO READ CODE"
"5249271000006117"	"anxiety"	"diagnoictic"	"Anxiety about social functioning"	"247825008"	"NO READ CODE"
"5605241000006116"	"anxiety"	"diagnoictic"	"Anxiety about swallowing"	"277823007"	"NO READ CODE"
"5605271000006112"	"anxiety"	"diagnoictic"	"Anxiety about sweating"	"277826004"	"NO READ CODE"
"5248991000006117"	"anxiety"	"diagnoictic"	"Anxiety and fear"	"247805009"	"NO READ CODE"
"3287771000006115"	"anxiety"	"diagnoictic"	"Anxiety reaction"	"48694002"	"NO READ CODE"
"516601000000113"	"anxiety"	"diagnoictic"	"Anxious"	"48694002"	"1B13.12"
"5934741000006116"	"anxiety"	"diagnoictic"	"Anxious avoidant attachment"	"304871006"	"NO READ CODE"
"5718781000006117"	"anxiety"	"diagnoictic"	"Anxious character"	"286710008"	"NO READ CODE"
"3785111000006110"	"anxiety"	"diagnoictic"	"Anxious cognitions"	"79015004"	"NO READ CODE"
"405078012"	"anxiety"	"diagnoictic"	"Anxious mother"	"270472006"	"13WB.11"
"2536376012"	"anxiety"	"diagnoictic"	"Anxiousness"	"48694002"	"1B13.00"
"488251000006113"	"anxiety"	"diagnoictic"	"Anxiousness - symptom"	"48694002"	"1B13.11"
"1818111000006112"	"anxiety"	"diagnoictic"	"Feeling anxious"	"1818111000006108"	"NO READ CODE"
"3287761000006110"	"anxiety"	"diagnoictic"	"Feeling anxious"	"48694002"	"NO READ CODE"
"5717641000006118"	"anxiety"	"diagnoictic"	"Level of anxiety"	"286644009"	"NO READ CODE"
"2712981000006115"	"anxiety"	"diagnoictic"	"Overanxious disorder of childhood"	"13438001"	"NO READ CODE"
"5628441000006118"	"anxiety"	"diagnoictic"	"Performance anxiety"	"279622009"	"NO READ CODE"
"14308031000006113"	"anxiety"	"history"	"History of separation anxiety"	"1362921000000109"	"NO READ CODE"
"1222552017"	"nervous"	"diagnoictic"	"[D]Nervous tension"	"425131000"	"R2y2.12"
"317958013"	"nervous"	"diagnoictic"	"[D]Nervousness"	"424196004"	"R2y2.00"
"1222553010"	"nervous"	"diagnoictic"	"Feeling nervous"	"424196004"	"R2y2.11"
"252973015"	"nervous"	"diagnoictic"	"General nervous symptom NOS"	"424196004"	"1B1Z.00"
"252894016"	"nervous"	"diagnoictic"	"General nervous symptoms"	"162189001"	"1B1..00"
"130538010"	"nervous"	"diagnoictic"	"Nervous breakdown"	"111475002"	"E20z.11"
"882411000006117"	"nervous"	"diagnoictic"	"Nervous debility -neurasthenia"	"52702003"	"E205.99"
"677031000006115"	"nervous"	"diagnoictic"	"Nervous exhaustion"	"78667006"	"E205.11"
"109281000006110"	"nervous"	"diagnoictic"	"Nervous tension"	"425131000"	"1B12.12"
"291891000006112"	"nervous"	"diagnoictic"	"Nervousness"	"424196004"	"1B12.00"
"253621012"	"nervous"	"diagnoictic"	"O/E - nervous"	"162724000"	"2259.00"
"853201000006116"	"OCD"	"diagnoictic"	"Obsessional compulsive psychosis"	"853201000006100"	"NO READ CODE"
"500817017"	"OCD"	"diagnoictic"	"Obsessional thoughts"	"67698009"	"1Ba0.00"
"5526011000006117"	"OCD"	"diagnoictic"	"Obsessional thoughts of causing harm to others"	"271559000"	"NO READ CODE"
"5531911000006114"	"OCD"	"diagnoictic"	"Obsessional thoughts of causing harm to self"	"271953006"	"NO READ CODE"
"13796551000006113"	"OCD"	"diagnoictic"	"Obsessional thoughts of causing self harm"	"271953006"	"NO READ CODE"
"5249951000006117"	"OCD"	"diagnoictic"	"Obsessional thoughts of contamination"	"247879004"	"NO READ CODE"
"5249961000006115"	"OCD"	"diagnoictic"	"Obsessional thoughts of disease"	"247880001"	"NO READ CODE"
"5249981000006113"	"OCD"	"diagnoictic"	"Obsessional thoughts of germs"	"247882009"	"NO READ CODE"
"2698661000006113"	"OCD"	"diagnoictic"	"Obsessive compulsive behavior"	"12479006"	"NO READ CODE"
"2698651000006111"	"OCD"	"diagnoictic"	"Obsessive compulsive behaviour"	"12479006"	"NO READ CODE"
"1488717011"	"panic"	"diagnoictic"	"C/O - panic attack"	"395017009"	"1B1V.00"
"2549895012"	"panic"	"diagnoictic"	"O/E - panic attack"	"417676004"	"225J.00"
"3798141000006117"	"panic"	"diagnoictic"	"Panic"	"79823003"	"NO READ CODE"
"424201000006112"	"personality_disorder"	"diagnoictic"	"[X]Psychoneurotic personality disorder"	"268634009"	"Eu60y16"
"363691000006117"	"personality_disorder"	"diagnoictic"	"Anxious personality disorder"	"231528008"	"Eu60600"
"62962010"	"personality_disorder"	"diagnoictic"	"Avoidant personality disorder"	"37746008"	"E21y100"
"675911000006115"	"personality_disorder"	"diagnoictic"	"Neurotic personality disorder"	"33449004"	"E21..11"
"675921000006111"	"personality_disorder"	"diagnoictic"	"Neurotic, personality and other nonpsychotic disorders"	"74732009"	"E2...00"
"2520371000006111"	"personality_disorder"	"diagnoictic"	"Obsessive compulsive personality disorder"	"1376001"	"NO READ CODE"
"4203991000006111"	"personality_disorder"	"diagnoictic"	"Obsessive-compulsive personality trait"	"112091009"	"NO READ CODE"
"401785014"	"personality_disorder"	"diagnoictic"	"Psychoneurotic personality disorder"	"268634009"	"E21y700"
"362401000006115"	"phobia"	"diagnoictic"	"[X]Acute reaction to stress"	"67195008"	"Eu43012"
"362441000006118"	"phobia"	"diagnoictic"	"[X]Acute stress reaction"	"67195008"	"Eu43000"
"366611000006116"	"phobia"	"diagnoictic"	"[X]Avoidant disorder childhood"	"64165008"	"Eu93211"
"296272014"	"phobia"	"diagnoictic"	"[X]Reaction to severe stress, unspecified"	"271952001"	"Eu43z00"
"318033015"	"phobia"	"diagnoictic"	"[X]State of emotional shock and stress, unspecified"	"442347009"	"Ryu5800"
"295475018"	"phobia"	"diagnoictic"	"Acute fugue state due to acute stress reaction"	"192038005"	"E281.00"
"295474019"	"phobia"	"diagnoictic"	"Acute panic state due to acute stress reaction"	"192037000"	"E280.00"
"3592701000006118"	"phobia"	"diagnoictic"	"Acute reaction to stress"	"67195008"	"NO READ CODE"
"3592651000006112"	"phobia"	"diagnoictic"	"Acute stress disorder"	"67195008"	"NO READ CODE"
"500650019"	"phobia"	"diagnoictic"	"Acute stress reaction"	"67195008"	"E28..00"
"401810015"	"phobia"	"diagnoictic"	"Acute stress reaction NOS"	"67195008"	"E28z.00"
"295476017"	"phobia"	"diagnoictic"	"Acute stupor state due to acute stress reaction"	"192039002"	"E282.00"
"302741000006114"	"phobia"	"diagnoictic"	"Emotional stress"	"442347009"	"R00zW00"
"295483012"	"phobia"	"diagnoictic"	"Other acute stress reaction NOS"	"67195008"	"E283z00"
"295477014"	"phobia"	"diagnoictic"	"Other acute stress reactions"	"67195008"	"E283.00"
"3854771000006114"	"phobia"	"diagnoictic"	"Shyness disorder of childhood"	"83253003"	"NO READ CODE"
"424471000006119"	"phobia"	"diagnoictic"	"Stress and adjustment reaction"	"271952001"	"Eu43.00"
"121871000006118"	"phobia"	"diagnoictic"	"Stress reaction causing mixed disturbance of emotion and conduct"	"192044009"	"E284.00"
"2668441000006114"	"phobia"	"diagnoictic"	"Work-related stress disorder"	"10586006"	"NO READ CODE"
"504002010"	"phobia"	"diagnoictic"	"Worried"	"79015004"	"1BK..00"
"4944461000006115"	"phobia"	"diagnoictic"	"Worried about being a bad father"	"225640002"	"NO READ CODE"
"4944471000006110"	"phobia"	"diagnoictic"	"Worried about being a bad mother"	"225641003"	"NO READ CODE"
"4944451000006117"	"phobia"	"diagnoictic"	"Worried about not coping with baby"	"225639004"	"NO READ CODE"
"134872016"	"phobia"	"diagnoictic"	"Worried well"	"81302005"	"2J4..00"
"2533632018"	"phobia"	"history"	"H/O: agoraphobia"	"414371008"	"146G.00"
"251630012"	"phobia"	"history"	"H/O: anxiety state"	"161470009"	"1466.00"
"6857231000006117"	"phobia"	"history"	"History of agoraphobia"	"414371008"	"NO READ CODE"
"4539991000006111"	"phobia"	"history"	"History of anxiety state"	"161470009"	"NO READ CODE"
"296249012"	"anxiety"	"diagnoictic"	"[X]Anxiety disorder, unspecified"	"197480006"	"Eu41z00"
"363641000006114"	"anxiety"	"diagnoictic"	"[X]Anxiety hysteria"	"197480006"	"Eu41y11"
"363661000006113"	"anxiety"	"diagnoictic"	"[X]Anxiety NOS"	"197480006"	"Eu41z11"
"363671000006118"	"anxiety"	"diagnoictic"	"[X]Anxiety reaction"	"197480006"	"Eu41112"
"370861000006110"	"anxiety"	"diagnoictic"	"[X]Childhood overanxious disorder"	"13438001"	"Eu93y12"
"388071000006116"	"anxiety"	"diagnoictic"	"[X]Generalized anxiety disorder"	"21897009"	"Eu41100"
"296238018"	"anxiety"	"diagnoictic"	"[X]Other anxiety disorders"	"197480006"	"Eu41.00"
"296245018"	"anxiety"	"diagnoictic"	"[X]Other mixed anxiety disorders"	"231504006"	"Eu41300"
"401881014"	"anxiety"	"diagnoictic"	"[X]Other specified anxiety disorders"	"197480006"	"Eu41y00"
"4937701000006118"	"anxiety"	"diagnoictic"	"Acknowledging anxiety"	"225216003"	"NO READ CODE"
"4948981000006112"	"anxiety"	"diagnoictic"	"Alleviating anxiety"	"225977007"	"NO READ CODE"
"3287741000006111"	"anxiety"	"diagnoictic"	"Anxiety"	"48694002"	"NO READ CODE"
"3630001000006116"	"anxiety"	"diagnoictic"	"Anxiety hyperventilation"	"69479009"	"NO READ CODE"
"5024101000006111"	"anxiety"	"diagnoictic"	"Anxiety hysteria"	"231506008"	"NO READ CODE"
"5718761000006110"	"anxiety"	"diagnoictic"	"Character trait finding of level of anxiety"	"286709003"	"NO READ CODE"
"427051000006113"	"anxiety"	"diagnoictic"	"Childhood social anxiety disorder"	"64165008"	"Eu93200"
"294960010"	"anxiety"	"diagnoictic"	"Chronic anxiety"	"191708009"	"E200400"
"6358151000006115"	"anxiety"	"diagnoictic"	"Episodic paroxysmal anxiety disorder"	"371631005"	"NO READ CODE"
"2848311000006117"	"anxiety"	"diagnoictic"	"GAD - Generalised anxiety disorder"	"21897009"	"NO READ CODE"
"2848301000006115"	"anxiety"	"diagnoictic"	"GAD - Generalized anxiety disorder"	"21897009"	"NO READ CODE"
"481154010"	"anxiety"	"diagnoictic"	"Generalised anxiety disorder"	"21897009"	"E200200"
"2848291000006116"	"anxiety"	"diagnoictic"	"Generalized anxiety disorder"	"21897009"	"NO READ CODE"
"3654681000006114"	"anxiety"	"diagnoictic"	"Mild anxiety"	"70997004"	"NO READ CODE"
"3497371000006119"	"anxiety"	"diagnoictic"	"Moderate anxiety"	"61387006"	"NO READ CODE"
"403931000006116"	"anxiety"	"diagnoictic"	"Organic anxiety disorder"	"17496003"	"Eu05400"
"294961014"	"anxiety"	"diagnoictic"	"Recurrent anxiety"	"191709001"	"E200500"
"4391041000006110"	"anxiety"	"diagnoictic"	"Separation anxiety"	"126943008"	"NO READ CODE"
"441512015"	"anxiety"	"diagnoictic"	"Separation anxiety disorder"	"11806006"	"E292000"
"296722013"	"anxiety"	"diagnoictic"	"Separation anxiety disorder of childhood"	"11806006"	"Eu93000"
"2907991000006110"	"anxiety"	"diagnoictic"	"Social anxiety disorder"	"25501002"	"NO READ CODE"
"8113001000006117"	"anxiety"	"diagnoictic"	"Stranger anxiety"	"351861000000106"	"NO READ CODE"
"972931000006117"	"anxiety"	"intervention"	"** The treatment of anxiety disorders"	"972931000006101"	"NO READ CODE"
"909691000006113"	"anxiety"	"intervention"	"[RFC] Anxiety management"	"909691000006109"	"NO READ CODE"
"4944401000006116"	"anxiety"	"intervention"	"Anxiety about treatment"	"225635005"	"NO READ CODE"
"6025521000006113"	"anxiety"	"intervention"	"Anxiety counselling"	"313087008"	"NO READ CODE"
"342665019"	"anxiety"	"intervention"	"Anxiety management training"	"228560001"	"8G94.00"
"6025551000006116"	"anxiety"	"intervention"	"Counselling for anxiety"	"313087008"	"NO READ CODE"
"7663271000006111"	"anxiety"	"intervention"	"Management of anxiety"	"710060004"	"NO READ CODE"
"2335571000000115"	"anxiety"	"intervention"	"Patient given advice about management of anxiety"	"908541000000103"	"8CAZ000"
"300681000000118"	"anxiety"	"referrals"	"Referral for guided self-help for anxiety"	"199101000000102"	"8HHp.00"
"2391581000000111"	"anxiety"	"referrals"	"Referral for guided self-help for anxiety declined"	"933461000000100"	"8IH5300"
"2618361000000113"	"anxiety"	"referrals"	"Referral for psychological management of anxiety"	"1037451000000103"	"NO READ CODE"
"2618401000000116"	"anxiety"	"referrals"	"Referral for psychological management of anxiety declined"	"1037471000000107"	"NO READ CODE"
"363211000006112"	"neurosis"	"diagnoictic"	"[X]Anankastic neurosis"	"191736004"	"Eu42.11"
"215911000000118"	"neurosis"	"diagnoictic"	"[X]Briquet's disorder"	"397923000"	"Eu45013"
"368021000006119"	"neurosis"	"diagnoictic"	"[X]Briquet's disorder"	"111475002"	"Eu46y11"
"2162217014"	"neurosis"	"diagnoictic"	"[X]Cardiac neurosis"	"231517009"	"Eu45311"
"1222259010"	"neurosis"	"diagnoictic"	"[X]Character neurosis NOS"	"33449004"	"Eu60z11"
"371371000006119"	"neurosis"	"diagnoictic"	"[X]Conduct disorder associated with neurotic disorder"	"192099000"	"Eu92y12"
"2162210011"	"neurosis"	"diagnoictic"	"[X]Da Costa's syndrome"	"231517009"	"Eu45312"
"1494942017"	"neurosis"	"diagnoictic"	"[X]Gastric neurosis"	"231517009"	"Eu45313"
"389381000006111"	"neurosis"	"diagnoictic"	"[X]Hypochondriacal neurosis"	"18193002"	"Eu45213"
"2162212015"	"neurosis"	"diagnoictic"	"[X]Neurocirculatory asthenia"	"231517009"	"Eu45314"
"399981000006111"	"neurosis"	"diagnoictic"	"[X]Neurotic, stress-related and somatoform disorders"	"74732009"	"Eu4..00"
"403531000006111"	"neurosis"	"diagnoictic"	"[X]Occupational neurosis, including writer's cramp"	"191744004"	"Eu46y13"
"296341013"	"neurosis"	"diagnoictic"	"[X]Other neurotic disorders"	"74732009"	"Eu46.00"
"401888015"	"neurosis"	"diagnoictic"	"[X]Other specified neurotic disorders"	"111475002"	"Eu46y00"
"423801000006114"	"neurosis"	"diagnoictic"	"[X]Psychasthenia neurosis"	"111475002"	"Eu46y15"
"427061000006110"	"neurosis"	"diagnoictic"	"[X]Social neurosis"	"25501002"	"Eu40112"
"429421000006116"	"neurosis"	"diagnoictic"	"[X]Traumatic neurosis"	"47505003"	"Eu43111"
"295011010"	"neurosis"	"diagnoictic"	"Anancastic neurosis"	"191736004"	"E203.11"
"4764861000006119"	"neurosis"	"diagnoictic"	"Anankastic neurosis"	"191736004"	"NO READ CODE"
"363651000006111"	"neurosis"	"diagnoictic"	"Anxiety neurosis"	"207363009"	"Eu41111"
"1785963019"	"neurosis"	"diagnoictic"	"Briquet's disorder"	"397923000"	"E20y011"
"882551000006115"	"neurosis"	"diagnoictic"	"Cardiac neuroses"	"191962000"	"E262099"
"2162219012"	"neurosis"	"diagnoictic"	"Cardiac neurosis"	"191962000"	"E262000"
"2162216017"	"neurosis"	"diagnoictic"	"Cardiovascular neurosis"	"191962000"	"E262100"
"295015018"	"neurosis"	"diagnoictic"	"Compulsive neurosis"	"191737008"	"E203000"
"4766241000006110"	"neurosis"	"diagnoictic"	"Da Costa's syndrome"	"191962000"	"NO READ CODE"
"295360013"	"neurosis"	"diagnoictic"	"Neurocirculatory asthenia"	"191962000"	"E262200"
"882351000006111"	"neurosis"	"diagnoictic"	"Neuroses"	"111475002"	"E20..99"
"675731000006112"	"neurosis"	"diagnoictic"	"Neuroses or other mental disorder NOS"	"74732009"	"E2z..00"
"1222256015"	"neurosis"	"diagnoictic"	"Neurosis"	"111475002"	"Eu46z11"
"296358015"	"neurosis"	"diagnoictic"	"Neurosis"	"111475002"	"Eu46z00"
"402503018"	"neurosis"	"diagnoictic"	"Neurotic condition, insight present"	"268957000"	"285..00"
"675881000006115"	"neurosis"	"diagnoictic"	"Neurotic disorder"	"111475002"	"E20..00"
"401783019"	"neurosis"	"diagnoictic"	"Neurotic disorder NOS"	"111475002"	"E20z.00"
"295016017"	"neurosis"	"diagnoictic"	"Obsessional neurosis"	"191738003"	"E203100"
"295033012"	"neurosis"	"diagnoictic"	"Other neurotic disorder NOS"	"111475002"	"E20yz00"
"295026012"	"neurosis"	"diagnoictic"	"Other neurotic disorders"	"111475002"	"E20y.00"
"295031014"	"neurosis"	"diagnoictic"	"Other occupational neurosis"	"111475002"	"E20y200"
"9331000006113"	"neurosis"	"diagnoictic"	"Other specified neuroses or other mental disorders"	"74732009"	"E2y..00"
"402505013"	"neurosis"	"diagnoictic"	"Poor insight into neurotic condition"	"268958005"	"286..00"
"295032019"	"neurosis"	"diagnoictic"	"Psychasthenic neurosis"	"191746002"	"E20y300"
"295441019"	"neurosis"	"diagnoictic"	"Psychogenic rumination"	"192014006"	"E275300"
"295029017"	"neurosis"	"diagnoictic"	"Writer's cramp neurosis"	"191744004"	"E20y100"
"460275012"	"neurosis"	"history"	"[V]Personal history of neurosis"	"161464003"	"ZV11200"
"296253014"	"OCD"	"diagnoictic"	"[X]Mixed obsessional thoughts and acts"	"191736004"	"Eu42200"
"400321000006113"	"OCD"	"diagnoictic"	"[X]Obsessive - compulsive disorder"	"191736004"	"Eu42.00"
"296255019"	"OCD"	"diagnoictic"	"[X]Obsessive-compulsive disorder, unspecified"	"191736004"	"Eu42z00"
"400341000006118"	"OCD"	"diagnoictic"	"[X]Obsessive-compulsive neurosis"	"191736004"	"Eu42.12"
"296254015"	"OCD"	"diagnoictic"	"[X]Other obsessive-compulsive disorders"	"191736004"	"Eu42y00"
"296251011"	"OCD"	"diagnoictic"	"[X]Predominantly obsessional thoughts or ruminations"	"67698009"	"Eu42000"
"296252016"	"OCD"	"diagnoictic"	"Compulsion expressed as ritual"	"67431008"	"Eu42100"
"4764881000006112"	"OCD"	"diagnoictic"	"Obsessive compulsive disorder"	"191736004"	"NO READ CODE"
"269821000006113"	"OCD"	"diagnoictic"	"Obsessive-compulsive disorder"	"191736004"	"E203.00"
"295017014"	"OCD"	"diagnoictic"	"Obsessive-compulsive disorder NOS"	"191736004"	"E203z00"
"4764871000006114"	"OCD"	"diagnoictic"	"OCD - Obsessive-compulsive disorder"	"191736004"	"NO READ CODE"
"418031000006113"	"panic"	"diagnoictic"	"[X]Panic attack"	"371631005"	"Eu41011"
"296239014"	"panic"	"diagnoictic"	"[X]Panic disorder [episodic paroxysmal anxiety]"	"371631005"	"Eu41000"
"418061000006116"	"panic"	"diagnoictic"	"[X]Panic state"	"371631005"	"Eu41012"
"6550101000006115"	"panic"	"diagnoictic"	"Complaining of panic attack"	"395017009"	"NO READ CODE"
"339044013"	"panic"	"diagnoictic"	"Panic attack"	"225624000"	"E200111"
"1210253015"	"panic"	"diagnoictic"	"Panic disorder"	"371631005"	"E200100"
"1808511000006119"	"panic"	"diagnoictic"	"Recurrent panic attacks"	"1808511000006103"	"NO READ CODE"
"3810661000006112"	"panic"	"diagnoictic"	"Severe anxiety (panic)"	"80583007"	"NO READ CODE"
"362181000006117"	"phobia"	"diagnoictic"	"[X]Acrophobia"	"54587008"	"Eu40211"
"362881000006114"	"phobia"	"diagnoictic"	"[X]Agoraphobia without history of panic disorder"	"70691001"	"Eu40011"
"363281000006117"	"phobia"	"diagnoictic"	"[X]Animal phobias"	"54307006"	"Eu40212"
"363361000006117"	"phobia"	"diagnoictic"	"[X]Anthropophobia"	"25501002"	"Eu40111"
"363681000006115"	"phobia"	"diagnoictic"	"[X]Anxiety state"	"198288003"	"Eu41113"
"371071000006117"	"phobia"	"diagnoictic"	"[X]Claustrophobia"	"54587008"	"Eu40213"
"371231000006113"	"phobia"	"diagnoictic"	"[X]Combat fatigue"	"67195008"	"Eu43013"
"379411000006119"	"phobia"	"diagnoictic"	"[X]Dysmorphophobia nondelusional"	"18193002"	"Eu45212"
"400201000006111"	"phobia"	"diagnoictic"	"[X]Nosophobia"	"18193002"	"Eu45215"
"296236019"	"phobia"	"diagnoictic"	"[X]Other phobic anxiety disorders"	"386810004"	"Eu40y00"
"461440017"	"phobia"	"diagnoictic"	"[X]Other physical and mental strain related to work"	"10586006"	"ZVu4100"
"296271019"	"phobia"	"diagnoictic"	"[X]Other reactions to severe stress"	"271952001"	"Eu43y00"
"418051000006118"	"phobia"	"diagnoictic"	"[X]Panic disorder with agoraphobia"	"191722009"	"Eu40012"
"420641000006116"	"phobia"	"diagnoictic"	"[X]Phobic anxiety disorder of childhood"	"192611004"	"Eu93100"
"296237011"	"phobia"	"diagnoictic"	"[X]Phobic anxiety disorder, unspecified"	"386810004"	"Eu40z00"
"296224013"	"phobia"	"diagnoictic"	"[X]Phobic anxiety disorders"	"386810004"	"Eu40.00"
"420671000006112"	"phobia"	"diagnoictic"	"[X]Phobic state NOS"	"386810004"	"Eu40z12"
"426871000006113"	"phobia"	"diagnoictic"	"[X]Simple phobia"	"386810004"	"Eu40214"
"97986013"	"phobia"	"diagnoictic"	"Acrophobia"	"58963008"	"E202600"
"295478016"	"phobia"	"diagnoictic"	"Acute situational disturbance"	"192041001"	"E283000"
"988881000006118"	"phobia"	"diagnoictic"	"Agoraphobia"	"191723004"	"E202299"
"882381000006115"	"phobia"	"diagnoictic"	"Agoraphobia"	"191722009"	"E202199"
"362871000006111"	"phobia"	"diagnoictic"	"Agoraphobia"	"70691001"	"Eu40000"
"294992011"	"phobia"	"diagnoictic"	"Agoraphobia with panic attacks"	"191722009"	"E202100"
"294993018"	"phobia"	"diagnoictic"	"Agoraphobia without history of panic disorder"	"61569007"	"E202200"
"1231321013"	"phobia"	"diagnoictic"	"Animal phobia"	"54307006"	"E202700"
"283464017"	"phobia"	"diagnoictic"	"Antiphobic therapy"	"183399002"	"8G52.00"
"5605381000006117"	"phobia"	"diagnoictic"	"Anxiety about having a heart attack"	"277834005"	"NO READ CODE"
"5886481000006112"	"phobia"	"diagnoictic"	"Anxiety attack"	"300895004"	"NO READ CODE"
"488201000006114"	"phobia"	"diagnoictic"	"Anxiety disorder"	"197480006"	"E200.00"
"304838011"	"phobia"	"diagnoictic"	"Anxiety state"	"198288003"	"E200.99"
"294963012"	"phobia"	"diagnoictic"	"Anxiety state"	"198288003"	"E200z00"
"294953016"	"phobia"	"diagnoictic"	"Anxiety state unspecified"	"198288003"	"E200000"
"3543571000006119"	"phobia"	"diagnoictic"	"Avoidant disorder of childhood"	"64165008"	"NO READ CODE"
"485870016"	"phobia"	"diagnoictic"	"Cancer phobia"	"34563004"	"E202B00"
"295584016"	"phobia"	"diagnoictic"	"Childhood and adolescent fearfulness disturbance"	"192110004"	"E2D0100"
"550361000006119"	"phobia"	"diagnoictic"	"Childhood and adolescent overanxiousness disturbance"	"13438001"	"E2D0000"
"3543591000006118"	"phobia"	"diagnoictic"	"Childhood avoidant disorder"	"64165008"	"NO READ CODE"
"4767501000006113"	"phobia"	"diagnoictic"	"Childhood phobic anxiety disorder"	"192611004"	"NO READ CODE"
"33475016"	"phobia"	"diagnoictic"	"Claustrophobia"	"19887002"	"E202800"
"101627011"	"phobia"	"diagnoictic"	"Combat fatigue"	"61157009"	"E28..11"
"65032014"	"phobia"	"diagnoictic"	"Dental phobia"	"38617005"	"E202C00"
"626101000006114"	"phobia"	"diagnoictic"	"Disturbance anxiety and fearfulness childhood/adolescent NOS"	"192108001"	"E2D0z00"
"626121000006116"	"phobia"	"diagnoictic"	"Disturbance of anxiety and fearfulness in childhood and adolescence"	"192108001"	"E2D0.00"
"6027651000006110"	"phobia"	"diagnoictic"	"Dysmorphophobia"	"313224008"	"NO READ CODE"
"285365017"	"phobia"	"diagnoictic"	"Encounter for fear"	"185348006"	"9N54.00"
"346985015"	"phobia"	"diagnoictic"	"Examination fear"	"231508009"	"E28z.11"
"4764791000006116"	"phobia"	"diagnoictic"	"Fear of crowded places"	"191728008"	"NO READ CODE"
"294998010"	"phobia"	"diagnoictic"	"Fear of crowds"	"191728008"	"E202900"
"166341019"	"phobia"	"diagnoictic"	"Fear of death"	"102912007"	"E202D00"
"370048011"	"phobia"	"diagnoictic"	"Fear of flying"	"247853008"	"E202A00"
"485869017"	"phobia"	"diagnoictic"	"Fear of getting cancer"	"34563004"	"1Bb1.00"
"370049015"	"phobia"	"diagnoictic"	"Flying phobia"	"247854002"	"E28z.12"
"980191000006111"	"phobia"	"diagnoictic"	"Needle phobia"	"231501003"	"Eu40300"
"991621000006112"	"phobia"	"diagnoictic"	"Needle phobia"	"563201000000101"	"E202z98"
"932131000006118"	"phobia"	"diagnoictic"	"Needle phobia"	"54587008"	"Eu40299"
"6342801000006111"	"phobia"	"diagnoictic"	"Noise phobia"	"370567003"	"NO READ CODE"
"3858511000006119"	"phobia"	"diagnoictic"	"Nondelusional dysmorphophobia"	"83482000"	"NO READ CODE"
"5024031000006116"	"phobia"	"diagnoictic"	"Non-situational panic attack"	"231503000"	"NO READ CODE"
"882391000006117"	"phobia"	"diagnoictic"	"Other phobias"	"563201000000101"	"E202z99"
"3073541000006113"	"phobia"	"diagnoictic"	"Panic disorder with agoraphobia"	"35607004"	"NO READ CODE"
"3962111000006111"	"phobia"	"diagnoictic"	"Panic disorder with agoraphobia AND mild panic attacks"	"89948007"	"NO READ CODE"
"2630621000006112"	"phobia"	"diagnoictic"	"Panic disorder with agoraphobia AND moderate panic attacks"	"8185002"	"NO READ CODE"
"2587471000006114"	"phobia"	"diagnoictic"	"Panic disorder with agoraphobia AND severe panic attacks"	"5509004"	"NO READ CODE"
"1808521000006110"	"phobia"	"diagnoictic"	"Panic disorder without agoraphobia"	"56576003"	"NO READ CODE"
"3684921000006110"	"phobia"	"diagnoictic"	"Panic disorder without agoraphobia with mild panic attacks"	"72861004"	"NO READ CODE"
"3558031000006116"	"phobia"	"diagnoictic"	"Panic disorder without agoraphobia with moderate panic attacks"	"65064003"	"NO READ CODE"
"3375111000006115"	"phobia"	"diagnoictic"	"Panic disorder without agoraphobia with panic attacks in partial remission"	"53956006"	"NO READ CODE"
"294991016"	"phobia"	"diagnoictic"	"Phobia"	"386808001"	"E202000"
"5249131000006114"	"phobia"	"diagnoictic"	"Phobia of choking"	"247813005"	"NO READ CODE"
"3649691000006114"	"phobia"	"diagnoictic"	"Phobia of going out"	"70691001"	"NO READ CODE"
"853241000006119"	"phobia"	"diagnoictic"	"Phobic anxiety"	"853241000006103"	"NO READ CODE"
"223641000000116"	"phobia"	"diagnoictic"	"Phobic anxiety disorder"	"386810004"	"E202.12"
"401780016"	"phobia"	"diagnoictic"	"Phobic disorder"	"386810004"	"E202z00"
"420631000006114"	"phobia"	"diagnoictic"	"Phobic disorder"	"386810004"	"Eu40z11"
"223631000000113"	"phobia"	"diagnoictic"	"Phobic disorders"	"386810004"	"E202.00"
"882371000006118"	"phobia"	"diagnoictic"	"Phobic state"	"386810004"	"E202.99"
"6029481000006111"	"phobia"	"diagnoictic"	"Phonophobia"	"313387002"	"NO READ CODE"
"851141000006112"	"phobia"	"diagnoictic"	"Phonophobia"	"851141000006108"	"NO READ CODE"
"103848017"	"phobia"	"diagnoictic"	"Photophobia"	"409668002"	"F481700"
"3822291000006111"	"phobia"	"diagnoictic"	"Physically well but worried"	"81302005"	"NO READ CODE"
"851351000006112"	"phobia"	"diagnoictic"	"School phobia"	"851351000006108"	"NO READ CODE"
"5531801000006117"	"phobia"	"diagnoictic"	"School phobia"	"271947006"	"NO READ CODE"
"14158161000006115"	"phobia"	"diagnoictic"	"Secondary tocophobia"	"1004005008"	"NO READ CODE"
"90724016"	"phobia"	"diagnoictic"	"Simple phobia"	"54587008"	"NO READ CODE"
"5024021000006119"	"phobia"	"diagnoictic"	"Situational panic attack"	"231502005"	"NO READ CODE"
"427071000006115"	"phobia"	"diagnoictic"	"Social phobia"	"25501002"	"Eu40100"
"294994012"	"phobia"	"diagnoictic"	"Social phobia, fear of eating in public"	"191724005"	"E202300"
"294995013"	"phobia"	"diagnoictic"	"Social phobia, fear of public speaking"	"191725006"	"E202400"
"294996014"	"phobia"	"diagnoictic"	"Social phobia, fear of public washing"	"191726007"	"E202500"
"138401000006119"	"phobia"	"diagnoictic"	"Social phobic disorders"	"25501002"	"E202.11"
"370038014"	"phobia"	"diagnoictic"	"Specific fear"	"247845000"	"1Bb..00"
"427231000006111"	"phobia"	"diagnoictic"	"Specific phobia"	"54587008"	"Eu40200"
"1809331000006113"	"phobia"	"diagnoictic"	"Symptoms of agoraphobia"	"1809331000006109"	"NO READ CODE"
"3381271000006114"	"phobia"	"diagnoictic"	"Zoophobia"	"54307006"	"NO READ CODE"
"6025151000006114"	"phobia"	"intervention"	"Phobia counselling"	"313075001"	"NO READ CODE"
"909701000006113"	"stress"	"diagnoictic"	"[RFC] Post traumatic stress disorder"	"909701000006109"	"NO READ CODE"
"362301000006112"	"stress"	"diagnoictic"	"[X]Acute crisis reaction"	"67195008"	"Eu43011"
"375971000006116"	"stress"	"diagnoictic"	"[X]Crisis state"	"67195008"	"Eu43014"
"423811000006112"	"stress"	"diagnoictic"	"[X]Psychic shock"	"67195008"	"Eu43015"
"3592671000006119"	"stress"	"diagnoictic"	"Acute crisis reaction"	"67195008"	"NO READ CODE"
"459711000006119"	"stress"	"diagnoictic"	"Acute post-trauma stress state"	"192042008"	"E283100"
"1755921000006119"	"stress"	"diagnoictic"	"Acute posttraumatic stress disorder following military combat"	"446175003"	"Eu43300"
"882651000006119"	"stress"	"diagnoictic"	"Chron post-traum stress dis"	"620181000000106"	"E29y199"
"6027091000006114"	"stress"	"diagnoictic"	"Chronic post-traumatic stress disorder"	"313182004"	"NO READ CODE"
"1755931000006116"	"stress"	"diagnoictic"	"Chronic post-traumatic stress disorder following military combat"	"699241002"	"Eu43400"
"7285321000006119"	"stress"	"diagnoictic"	"Complex posttraumatic stress disorder"	"443919007"	"NO READ CODE"
"1755941000006114"	"stress"	"diagnoictic"	"Delayed posttraumatic stress disorder following military combat"	"446180007"	"Eu43500"
"460751013"	"stress"	"diagnoictic"	"Occupation-related stress disorder"	"10586006"	"ZV4By00"
"295512014"	"stress"	"diagnoictic"	"Other post-traumatic stress disorder"	"47505003"	"E29y100"
"3268061000006113"	"stress"	"diagnoictic"	"Posttraumatic stress disorder"	"47505003"	"NO READ CODE"
"423021000006114"	"stress"	"diagnoictic"	"Post-traumatic stress disorder"	"47505003"	"Eu43100"
"3268091000006117"	"stress"	"diagnoictic"	"Post-traumatic stress syndrome"	"47505003"	"NO READ CODE"
"3268081000006115"	"stress"	"diagnoictic"	"PTSD - Post-traumatic stress disorder"	"47505003"	"NO READ CODE"
"398351000006110"	"with depression"	"diagnoictic"	"[X]Mild anxiety depression"	"231504006"	"Eu41211"
"398561000006117"	"with depression"	"diagnoictic"	"[X]Mixed anxiety and depressive disorder"	"231504006"	"Eu41200"
"419841000006116"	"with depression"	"diagnoictic"	"[X]Persistant anxiety depression"	"231504006"	"Eu34114"
"5024071000006118"	"with depression"	"diagnoictic"	"Anxiety depression"	"231504006"	"NO READ CODE"
"9901161000006119"	"with depression"	"diagnoictic"	"Mild major depressive disorder co-occurrent with anxiety single episode"	"16265951000119109"	"NO READ CODE"
"488211000006112"	"with depression"	"diagnoictic"	"Mixed anxiety and depressive disorder"	"231504006"	"E200300"
"1976491000006113"	"with depression"	"diagnoictic"	"Mixed anxiety and depressive reaction"	"1976491000006109"	"NO READ CODE"
"9901261000006114"	"with depression"	"diagnoictic"	"Moderate major depressive disorder co-occurrent with anxiety single episode"	"16266831000119100"	"NO READ CODE"
"12127571000006111"	"with depression"	"diagnoictic"	"Recurrent major depressive disorder in partial remission co-occurrent with anxiety"	"16265301000119106"	"NO READ CODE"
"12127531000006113"	"with depression"	"diagnoictic"	"Recurrent mild major depressive disorder co-occurrent with anxiety"	"16264621000119109"	"NO READ CODE"
"12127551000006118"	"with depression"	"diagnoictic"	"Recurrent moderate major depressive disorder co-occurrent with anxiety"	"16264901000119109"	"NO READ CODE"
"12127541000006115"	"with depression"	"diagnoictic"	"Recurrent severe major depressive disorder co-occurrent with anxiety"	"16264821000119108"	"NO READ CODE"
"9901281000006116"	"with depression"	"diagnoictic"	"Severe major depressive disorder co-occurrent with anxiety single episode"	"16266991000119108"	"NO READ CODE"
