medcodeid	da	category	term
"296209016"	"mood/affective disorder"	"diagnostic"	"[X]Other mood affective disorders"
"296207019"	"mood/affective disorder"	"diagnostic"	"[X]Other persistent mood affective disorders"
"401878016"	"mood/affective disorder"	"diagnostic"	"[X]Other recurrent mood affective disorders"
"401877014"	"mood/affective disorder"	"diagnostic"	"[X]Other single mood affective disorders"
"296218019"	"mood/affective disorder"	"diagnostic"	"[X]Other specified mood affective disorders"
"296208012"	"mood/affective disorder"	"diagnostic"	"[X]Persistent mood affective disorder, unspecified"
"401879012"	"mood/affective disorder"	"diagnostic"	"[X]Unspecified mood affective disorder"
"398851000006117"	"mood/affective disorder"	"diagnostic"	"Affective disorder"
"8366861000006113"	"mood/affective disorder"	"diagnostic"	"Current View Provisional Problem Description item 9 - depression/low mood"
"8089331000006119"	"mood/affective disorder"	"diagnostic"	"Opioid-induced mood disorder due to opioid dependence"
"1976411000006115"	"mood/affective disorder"	"diagnostic"	"Other recurrent mood affective disorders, recurrent brief depressive disorder"
"1976371000006116"	"mood/affective disorder"	"diagnostic"	"Other single mood affective disorders, mixed affective episode"
"369982012"	"mood/affective disorder"	"diagnostic"	"Seasonal affective disorder"
"908731000006114"	"maternal/parental-related"	"diagnostic"	"[RFC] Postnatal depression"
"423131000006113"	"maternal/parental-related"	"diagnostic"	"[X]Postnatal depression NOS"
"13902421000006110"	"maternal/parental-related"	"diagnostic"	"Antenatal depression"
"1785881000006119"	"maternal/parental-related"	"diagnostic"	"Antenatal depression"
"2620391000000111"	"maternal/parental-related"	"diagnostic"	"Maternal postnatal depression"
"5106051000006119"	"maternal/parental-related"	"diagnostic"	"Mild postnatal depression"
"7991681000006114"	"maternal/parental-related"	"diagnostic"	"Perinatal depression"
"853871000006111"	"maternal/parental-related"	"diagnostic"	"Post natal depression"
"223651000000118"	"maternal/parental-related"	"diagnostic"	"Postpartum depression"
"5106061000006117"	"maternal/parental-related"	"diagnostic"	"Severe postnatal depression"
"376701000006116"	"depression"	"diagnostic"	"[X]Depressive conduct disorder"
"423141000006115"	"depression"	"diagnostic"	"[X]Postpartum depression NOS"
"423041000006119"	"depression"	"diagnostic"	"[X]Post-schizophrenic depression"
"5024511000006118"	"depression"	"diagnostic"	"Depressive conduct disorder"
"14013791000006119"	"depression"	"diagnostic"	"Depressive disorder caused by methamphetamine"
"294690018"	"depression"	"diagnostic"	"Drug-induced depressive state"
"1972111000006114"	"depression"	"diagnostic"	"Organic depressive disorder"
"3837121000006116"	"depression"	"diagnostic"	"Postoperative depression"
"3517985017"	"depression"	"diagnostic"	"Postpartum major depression in remission"
"5023901000006110"	"depression"	"diagnostic"	"Post-schizophrenic depression"
"1975191000006114"	"depression"	"diagnostic"	"Post-schizophrenic depression, continuous"
"1975321000006114"	"depression"	"diagnostic"	"Post-schizophrenic depression, course uncertain, period of observation too short"
"1975261000006113"	"depression"	"diagnostic"	"Post-schizophrenic depression, episodic remittent"
"1975211000006110"	"depression"	"diagnostic"	"Post-schizophrenic depression, episodic with progressive deficit"
"1975231000006116"	"depression"	"diagnostic"	"Post-schizophrenic depression, episodic with stable deficit"
"1976921000006116"	"depression"	"diagnostic"	"Post-schizophrenic depression, other"
"295536013"	"depression"	"diagnostic"	"Postviral depression"
"202561000006114"	"depression"	"diagnostic"	"Prolonged depressive adjustment reaction"
"1231868010"	"depression"	"diagnostic"	"Puerperal depression"
"294843018"	"depression"	"diagnostic"	"Recurrent major depression in full remission"
"359151000006113"	"dementia with depression"	"diagnostic"	"[X] Senile dementia, depressed or paranoid type"
"294655014"	"dementia with depression"	"diagnostic"	"Arteriosclerotic dementia with depression"
"1972311000006112"	"dementia with depression"	"diagnostic"	"Dementia in Alzheimer's dis, atypical or mixed type, other symptoms, predominantly depressive"
"1972131000006115"	"dementia with depression"	"diagnostic"	"Dementia in Alzheimer's disease with early onset, other symptoms, predominantly depressive"
"1972201000006118"	"dementia with depression"	"diagnostic"	"Dementia in Alzheimer's disease with late onset, other symptoms, predominantly depressive"
"1972451000006118"	"dementia with depression"	"diagnostic"	"Dementia in Alzheimer's disease, unspecified, other symptoms, predominantly depressive"
"8044941000006117"	"dementia with depression"	"diagnostic"	"Depressed mood in Alzheimer's disease"
"1972911000006111"	"dementia with depression"	"diagnostic"	"Mixed cortical and subcortical vascular dementia, other symptoms, predominantly depressive"
"1972661000006119"	"dementia with depression"	"diagnostic"	"Multi-infarct dementia, other symptoms, predominantly depressive"
"1973381000006112"	"dementia with depression"	"diagnostic"	"Other vascular dementia, other symptoms, predominantly depressive"
"294642013"	"dementia with depression"	"diagnostic"	"Presenile dementia with depression"
"2929931000006112"	"dementia with depression"	"diagnostic"	"Primary degenerative dementia of the Alzheimer type, senile onset, with depression"
"294646011"	"dementia with depression"	"diagnostic"	"Senile dementia with depression"
"294644014"	"dementia with depression"	"diagnostic"	"Senile dementia with depressive or paranoid features"
"294647019"	"dementia with depression"	"diagnostic"	"Senile dementia with depressive or paranoid features NOS"
"1972071000006118"	"dementia with depression"	"diagnostic"	"Unspecified dementia, other symptoms, predominantly depressive"
"460274011"	"mood/affective disorder"	"history"	"History of affective disorder"
"8100481000006111"	"maternal/parental-related"	"history"	"History of postnatal depression"
"294621000000118"	"depression"	"history"	"Depression resolved"
"1975281000006115"	"depression"	"history"	"Post-schizophrenic depression, incomplete remission"
"2474716016"	"depression"	"history"	"Removed from depression register"
"1488771018"	"maternal/parental-related"	"intervention"	"Postnatal depression counselling"
"473201000006114"	"psychoses with depression"	"diagnostic"	"Mood disorder"
"5531851000006118"	"mood/affective disorder"	"diagnostic"	"Crying associated with mood"
"5964081000006117"	"mood/affective disorder"	"diagnostic"	"Cyclic mood swings"
"2164005017"	"mood/affective disorder"	"diagnostic"	"Depressed mood"
"5248901000006112"	"mood/affective disorder"	"diagnostic"	"Diurnal variation of mood"
"2164009011"	"mood/affective disorder"	"diagnostic"	"Low mood"
"983861000006115"	"mood/affective disorder"	"diagnostic"	"Sad mood"
"981611000006115"	"depression"	"diagnostic"	"Abnormal depressed feelings"
"295494011"	"depression"	"diagnostic"	"Brief depressive reaction NOS"
"407062014"	"depression"	"diagnostic"	"C/O - feeling depressed"
"5359011000006112"	"depression"	"diagnostic"	"Depression - motion"
"5934641000006110"	"depression"	"diagnostic"	"Depressive position relationship"
"1650771000000113"	"depression"	"diagnostic"	"Suspected depression"
"7483151000006113"	"depression"	"diagnostic"	"Suspected depressive disorder"
"1488626018"	"depression"	"diagnostic"	"Symptoms of depression"
"398351000006110"	"with anxiety"	"diagnostic"	"[X]Mild anxiety depression"
"398561000006117"	"with anxiety"	"diagnostic"	"[X]Mixed anxiety and depressive disorder"
"419841000006116"	"with anxiety"	"diagnostic"	"[X]Persistant anxiety depression"
"5024071000006118"	"with anxiety"	"diagnostic"	"Anxiety depression"
"9901161000006119"	"with anxiety"	"diagnostic"	"Mild major depressive disorder co-occurrent with anxiety single episode"
"488211000006112"	"with anxiety"	"diagnostic"	"Mixed anxiety and depressive disorder"
"1976491000006113"	"with anxiety"	"diagnostic"	"Mixed anxiety and depressive reaction"
"9901261000006114"	"with anxiety"	"diagnostic"	"Moderate major depressive disorder co-occurrent with anxiety single episode"
"12127561000006116"	"with anxiety"	"diagnostic"	"Recurrent major depressive disorder co-occurrent with anxiety in full remission"
"12127571000006111"	"with anxiety"	"diagnostic"	"Recurrent major depressive disorder in partial remission co-occurrent with anxiety"
"12127531000006113"	"with anxiety"	"diagnostic"	"Recurrent mild major depressive disorder co-occurrent with anxiety"
"12127551000006118"	"with anxiety"	"diagnostic"	"Recurrent moderate major depressive disorder co-occurrent with anxiety"
"12127541000006115"	"with anxiety"	"diagnostic"	"Recurrent severe major depressive disorder co-occurrent with anxiety"
"9901281000006116"	"with anxiety"	"diagnostic"	"Severe major depressive disorder co-occurrent with anxiety single episode"
"1755911000006110"	"mood/affective disorder"	"diagnostic"	"[X]Recurrent major depressive episodes, severe, with psychosis, psychosis in remission"
"1755901000006112"	"mood/affective disorder"	"diagnostic"	"[X]Single major depressive episode, severe, with psychosis, psychosis in remission"
"376291000006118"	"mood/affective disorder"	"diagnostic"	"Cyclothymia"
"7739881000006110"	"mood/affective disorder"	"diagnostic"	"Disruptive mood dysregulation disorder"
"296204014"	"mood/affective disorder"	"diagnostic"	"Disturbance in affect"
"2646121000006115"	"mood/affective disorder"	"diagnostic"	"Moderate mood disorder"
"3733211000006112"	"mood/affective disorder"	"diagnostic"	"Mood disorder, condition with depressive features"
"425411000006110"	"mood/affective disorder"	"diagnostic"	"SAD - Seasonal affective disorder"
"5627831000006114"	"mood/affective disorder"	"diagnostic"	"Seasonal variation of mood"
"7849101000006112"	"mood/affective disorder"	"diagnostic"	"Secondary mood disorder"
"3767531000006119"	"mood/affective disorder"	"diagnostic"	"Severe major depression, single episode, with psychotic features, mood-congruent"
"1222477019"	"depression"	"diagnostic"	"[D]Postoperative depression"
"909681000006110"	"depression"	"diagnostic"	"[RFC] Depression"
"426891000006114"	"depression"	"diagnostic"	"[X] Single episode agitated depression without psychotic symptoms"
"366561000006119"	"depression"	"diagnostic"	"[X]Atypical depression"
"376711000006118"	"depression"	"diagnostic"	"[X]Depressive disorder NOS"
"401872015"	"depression"	"diagnostic"	"[X]Depressive episode, unspecified"
"376741000006119"	"depression"	"diagnostic"	"[X]Depressive neurosis"
"379771000006116"	"depression"	"diagnostic"	"[X]Endogenous depression with psychotic symptoms"
"379781000006118"	"depression"	"diagnostic"	"[X]Endogenous depression without psychotic symptoms"
"396081000006116"	"depression"	"diagnostic"	"[X]Major depression, recurrent without psychotic symptoms"
"396071000006119"	"depression"	"diagnostic"	"[X]Manic-depressive reaction"
"213641000000111"	"depression"	"diagnostic"	"[X]Mild depression"
"296138013"	"depression"	"diagnostic"	"[X]Moderate depressive episode"
"398841000006119"	"depression"	"diagnostic"	"[X]Monopolar depression NOS"
"401871010"	"depression"	"diagnostic"	"[X]Other depressive episodes"
"296199015"	"depression"	"diagnostic"	"[X]Other recurrent depressive disorders"
"423611000006111"	"depression"	"diagnostic"	"[X]Prolonged single episode of reactive depression"
"424531000006118"	"depression"	"diagnostic"	"[X]Recurr depress disorder cur epi severe without psyc sympt"
"424541000006111"	"depression"	"diagnostic"	"[X]Recurr severe episodes/major depression+psychotic symptom"
"424551000006113"	"depression"	"diagnostic"	"[X]Recurr severe episodes/psychogenic depressive psychosis"
"424561000006110"	"depression"	"diagnostic"	"[X]Recurrent brief depressive episodes"
"424571000006115"	"depression"	"diagnostic"	"[X]Recurrent depress disorder cur epi severe with psyc symp"
"401873013"	"depression"	"diagnostic"	"[X]Recurrent depressive disorder"
"296180012"	"depression"	"diagnostic"	"[X]Recurrent depressive disorder, current episode mild"
"296181011"	"depression"	"diagnostic"	"[X]Recurrent depressive disorder, current episode moderate"
"296198011"	"depression"	"diagnostic"	"[X]Recurrent depressive disorder, currently in remission"
"401876017"	"depression"	"diagnostic"	"[X]Recurrent depressive disorder, unspecified"
"424631000006119"	"depression"	"diagnostic"	"[X]Recurrent episodes of depressive reaction"
"424641000006112"	"depression"	"diagnostic"	"[X]Recurrent episodes of psychogenic depression"
"424651000006114"	"depression"	"diagnostic"	"[X]Recurrent episodes of reactive depression"
"425751000006115"	"depression"	"diagnostic"	"[X]Seasonal depressive disorder"
"401869010"	"depression"	"diagnostic"	"[X]Severe depressive episode with psychotic symptoms"
"401866015"	"depression"	"diagnostic"	"[X]Severe depressive episode without psychotic symptoms"
"426911000006111"	"depression"	"diagnostic"	"[X]Single episode of depressive reaction"
"426921000006115"	"depression"	"diagnostic"	"[X]Single episode of major depression and psychotic symptoms"
"426931000006117"	"depression"	"diagnostic"	"[X]Single episode of masked depression NOS"
"426941000006110"	"depression"	"diagnostic"	"[X]Single episode of psychogenic depression"
"426951000006112"	"depression"	"diagnostic"	"[X]Single episode of psychogenic depressive psychosis"
"426971000006119"	"depression"	"diagnostic"	"[X]Single episode of reactive depression"
"426981000006116"	"depression"	"diagnostic"	"[X]Single episode of reactive depressive psychosis"
"426991000006118"	"depression"	"diagnostic"	"[X]Single episode vital depression w'out psychotic symptoms"
"432511000006119"	"depression"	"diagnostic"	"[X]Vital depression, recurrent without psychotic symptoms"
"138421012"	"depression"	"diagnostic"	"Agitated depression"
"474171000006112"	"depression"	"diagnostic"	"Agitated depression"
"294894013"	"depression"	"diagnostic"	"Atypical depressive disorder"
"295537016"	"depression"	"diagnostic"	"Chronic depression"
"2724681000006112"	"depression"	"diagnostic"	"Chronic major depressive disorder, single episode"
"2540711000006115"	"depression"	"diagnostic"	"Chronic recurrent major depressive disorder"
"5532721000006114"	"depression"	"diagnostic"	"Complaining of feeling depressed"
"3071801000006112"	"depression"	"diagnostic"	"Depressed"
"2164006016"	"depression"	"diagnostic"	"Depressed"
"5359021000006116"	"depression"	"diagnostic"	"Depression"
"882671000006112"	"depression"	"diagnostic"	"Depression"
"376691000006116"	"depression"	"diagnostic"	"Depression"
"1823881000006110"	"depression"	"diagnostic"	"Depression confirmed"
"882681000006110"	"depression"	"diagnostic"	"Depression NOS"
"5248911000006110"	"depression"	"diagnostic"	"Depression worse in morning"
"5248931000006116"	"depression"	"diagnostic"	"Depression worse later in day"
"295535012"	"depression"	"diagnostic"	"Depressive disorder"
"7515151000006115"	"depression"	"diagnostic"	"Depressive disorder in remission"
"12727931000006110"	"depression"	"diagnostic"	"Depressive disorder NEC"
"13974501000006115"	"depression"	"diagnostic"	"Depressive episode"
"376721000006114"	"depression"	"diagnostic"	"Depressive episode"
"3071791000006111"	"depression"	"diagnostic"	"Depressive illness"
"399961000006118"	"depression"	"diagnostic"	"Depressive neurosis"
"1494612017"	"depression"	"diagnostic"	"Depressive symptoms"
"379431000006113"	"depression"	"diagnostic"	"Dysthymia"
"441826016"	"depression"	"diagnostic"	"Endogenous depression"
"410861011"	"depression"	"diagnostic"	"Endogenous depression - recurrent"
"346972018"	"depression"	"diagnostic"	"Endogenous depression first episode"
"642461000006116"	"depression"	"diagnostic"	"Endogenous depression first episode"
"13974511000006117"	"depression"	"diagnostic"	"Episode of depression"
"6337501000006112"	"depression"	"diagnostic"	"Major depression"
"3531371000006112"	"depression"	"diagnostic"	"Major depression in complete remission"
"3190221000006112"	"depression"	"diagnostic"	"Major depression in remission"
"142521000006110"	"depression"	"diagnostic"	"Major depression single episode, in partial remission"
"7882721000006118"	"depression"	"diagnostic"	"Major depression with psychotic features"
"401766011"	"depression"	"diagnostic"	"Major depression, single episode"
"6337491000006116"	"depression"	"diagnostic"	"Major depressive disorder"
"3094951000006111"	"depression"	"diagnostic"	"Major depressive disorder, single episode"
"3628471000006116"	"depression"	"diagnostic"	"Major depressive disorder, single episode with catatonic features"
"2914841000006115"	"depression"	"diagnostic"	"Major depressive disorder, single episode with postpartum onset"
"7127661000006118"	"depression"	"diagnostic"	"Major depressive disorder, single episode, severe with psychotic features"
"294860011"	"depression"	"diagnostic"	"Manic-depressive - now depressed"
"294847017"	"depression"	"diagnostic"	"Manic-depressive - now manic"
"396791000006116"	"depression"	"diagnostic"	"Manic-depressive illness"
"346973011"	"depression"	"diagnostic"	"Masked depression"
"882811000006119"	"depression"	"diagnostic"	"Mild depression"
"296137015"	"depression"	"diagnostic"	"Mild depression"
"1975991000006112"	"depression"	"diagnostic"	"Mild depressive episode, with somatic syndrome"
"1975981000006114"	"depression"	"diagnostic"	"Mild depressive episode, without somatic syndrome"
"1715771000006112"	"depression"	"diagnostic"	"Mild major depression"
"294825017"	"depression"	"diagnostic"	"Mild major depression, single episode"
"3149661000006117"	"depression"	"diagnostic"	"Mild recurrent major depression"
"7803731000006112"	"depression"	"diagnostic"	"Minimal major depression single episode"
"3286331000006115"	"depression"	"diagnostic"	"Minor depressive disorder"
"6000711000006112"	"depression"	"diagnostic"	"Moderate depression"
"882821000006110"	"depression"	"diagnostic"	"Moderate depression"
"1976051000006112"	"depression"	"diagnostic"	"Moderate depressive episode, with somatic syndrome"
"1976021000006115"	"depression"	"diagnostic"	"Moderate depressive episode, without somatic syndrome"
"1715181000006114"	"depression"	"diagnostic"	"Moderate major depression"
"294826016"	"depression"	"diagnostic"	"Moderate major depression, single episode"
"2798691000006112"	"depression"	"diagnostic"	"Moderate recurrent major depression"
"7788661000006119"	"depression"	"diagnostic"	"Moderately severe depression"
"7803711000006118"	"depression"	"diagnostic"	"Moderately severe major depression single episode"
"2474715017"	"depression"	"diagnostic"	"On depression register"
"2533375017"	"depression"	"diagnostic"	"Patient given advice about management of depression"
"8035341000006119"	"depression"	"diagnostic"	"Positive screening for depression on PHQ-9 (Patient Health Questionnaire 9)"
"3700911000006115"	"depression"	"diagnostic"	"Psychotic depression"
"882401000006115"	"depression"	"diagnostic"	"Reactive (neurotic) depression"
"359121000006116"	"depression"	"diagnostic"	"Reactive depression"
"675861000006113"	"depression"	"diagnostic"	"Reactive depression (situational)"
"8465321000006112"	"depression"	"diagnostic"	"Reactive depression, prolonged single episode"
"294917018"	"depression"	"diagnostic"	"Reactive depressive psychosis"
"8089301000006110"	"depression"	"diagnostic"	"Reactive depressive psychosis, single episode"
"3153071000006116"	"depression"	"diagnostic"	"Recurrent brief depressive disorder"
"294844012"	"depression"	"diagnostic"	"Recurrent depression"
"2730011000000110"	"depression"	"diagnostic"	"Recurrent depression with current moderate episode"
"2729751000000118"	"depression"	"diagnostic"	"Recurrent depression with current severe episode and psychotic features"
"2729991000000112"	"depression"	"diagnostic"	"Recurrent depression with current severe episode without psychotic features"
"1976231000006110"	"depression"	"diagnostic"	"Recurrent depressive disorder, current episode mild, with somatic syndrome"
"1976211000006116"	"depression"	"diagnostic"	"Recurrent depressive disorder, current episode mild, without somatic syndrome"
"1976271000006113"	"depression"	"diagnostic"	"Recurrent depressive disorder, current episode moderate, with somatic syndrome"
"1976251000006115"	"depression"	"diagnostic"	"Recurrent depressive disorder, current episode moderate, without somatic syndrome"
"3578851000006118"	"depression"	"diagnostic"	"Recurrent major depression"
"3033261000006113"	"depression"	"diagnostic"	"Recurrent major depression in partial remission"
"3606411000006115"	"depression"	"diagnostic"	"Recurrent major depression in remission"
"3578861000006116"	"depression"	"diagnostic"	"Recurrent major depressive disorder"
"294845013"	"depression"	"diagnostic"	"Recurrent major depressive episode NOS"
"182721000006111"	"depression"	"diagnostic"	"Recurrent major depressive episodes"
"8237831000006115"	"depression"	"diagnostic"	"Recurrent major depressive episodes, in partial remission"
"8237841000006113"	"depression"	"diagnostic"	"Recurrent major depressive episodes, in remission"
"294837015"	"depression"	"diagnostic"	"Recurrent major depressive episodes, mild"
"294838013"	"depression"	"diagnostic"	"Recurrent major depressive episodes, moderate"
"182771000006112"	"depression"	"diagnostic"	"Recurrent major depressive episodes, severe"
"294840015"	"depression"	"diagnostic"	"Recurrent major depressive episodes, severe, with psychosis"
"8232591000006117"	"depression"	"diagnostic"	"Recurrent major depressive episodes, severe, with psychosis, psychosis in remission"
"294836012"	"depression"	"diagnostic"	"Recurrent major depressive episodes, unspecified"
"182801000006114"	"depression"	"diagnostic"	"Recurrent major depressive episodes,partial/unspec remission"
"424681000006118"	"depression"	"diagnostic"	"Recurrent reactive depressive episodes, severe, with psychosis"
"2370061000000111"	"depression"	"diagnostic"	"Referral for depression self-help video"
"300711000000119"	"depression"	"diagnostic"	"Referral for guided self-help for depression"
"2391541000000115"	"depression"	"diagnostic"	"Referral for guided self-help for depression declined"
"882831000006113"	"depression"	"diagnostic"	"Severe depression"
"223741000000112"	"depression"	"diagnostic"	"Severe depression"
"1715191000006112"	"depression"	"diagnostic"	"Severe major depression with psychotic features"
"1715781000006110"	"depression"	"diagnostic"	"Severe major depression without psychotic features"
"142541000006115"	"depression"	"diagnostic"	"Severe major depression, single episode"
"7127651000006115"	"depression"	"diagnostic"	"Severe major depression, single episode, with psychotic features"
"3743451000006110"	"depression"	"diagnostic"	"Severe major depression, single episode, without psychotic features"
"7965191000006118"	"depression"	"diagnostic"	"Severe recurrent major depression"
"2957311000006113"	"depression"	"diagnostic"	"Severe recurrent major depression with psychotic features"
"3087971000006112"	"depression"	"diagnostic"	"Severe recurrent major depression without psychotic features"
"2659601000000116"	"depression"	"diagnostic"	"Signposting to depression self-help group"
"294831019"	"depression"	"diagnostic"	"Single episode of major depression in full remission"
"294832014"	"depression"	"diagnostic"	"Single major depressive episode NOS"
"8237851000006110"	"depression"	"diagnostic"	"Single major depressive episode, in remission"
"294828015"	"depression"	"diagnostic"	"Single major depressive episode, severe, with psychosis"
"8232571000006118"	"depression"	"diagnostic"	"Single major depressive episode, severe, with psychosis, psychosis in remission"
"294824018"	"depression"	"diagnostic"	"Single major depressive episode, unspecified"
"345141000006111"	"mood/affective disorder"	"history"	"History of mood disorder"
"251629019"	"depression"	"history"	"H/O: depression"
"1780205015"	"depression"	"history"	"H/O: manic depressive disorder"
"4539971000006110"	"depression"	"history"	"History of depression"
"3513908018"	"depression"	"history"	"History of dysthymia"
"2143511000000118"	"mood/affective disorder"	"intervention"	"Antidepressant drug treatment changed"
"1730231000000110"	"mood/affective disorder"	"intervention"	"Antidepressant drug treatment started"
"1166201000000117"	"mood/affective disorder"	"intervention"	"Antidepressant drug treatment stopped"
"12735821000006110"	"depression"	"intervention"	"Counselling for depression"
"2534096013"	"depression"	"intervention"	"Depression annual review"
"8245201000006115"	"depression"	"intervention"	"Depression care management"
"226581000000119"	"depression"	"intervention"	"Depression enhanced service completed"
"226411000000110"	"depression"	"intervention"	"Depression enhanced services administration"
"2534091015"	"depression"	"intervention"	"Depression interim review"
"1773563015"	"depression"	"intervention"	"Depression management programme"
"2534092010"	"depression"	"intervention"	"Depression medication review"
"406881000000111"	"depression"	"intervention"	"Depression monitoring administration"
"408521000000112"	"depression"	"intervention"	"Depression monitoring first letter"
"8214741000006117"	"depression"	"intervention"	"Depression monitoring invitation"
"8459471000006114"	"depression"	"intervention"	"Depression monitoring invitation email"
"8459491000006110"	"depression"	"intervention"	"Depression monitoring invitation SMS (short message service) text message"
"408541000000117"	"depression"	"intervention"	"Depression monitoring second letter"
"408601000000116"	"depression"	"intervention"	"Depression monitoring telephone invitation"
"408561000000116"	"depression"	"intervention"	"Depression monitoring third letter"
"408581000000113"	"depression"	"intervention"	"Depression monitoring verbal invitation"
"8308801000006112"	"depression"	"intervention"	"Did not attend depression review"
"13962531000006113"	"depression"	"intervention"	"Follow up for depression"
"1680571000006118"	"depression"	"intervention"	"On full dose long term treatment depression - enh serv admin"
"681801000000113"	"depression"	"intervention"	"On full dose long term treatment for depression"
"378291000006117"	"anxiety"	"diagnoictic"	"[X]Dream anxiety disorder"
"3142901000006117"	"anxiety"	"diagnoictic"	"Cannabis-induced anxiety disorder"
"4196231000006110"	"anxiety"	"diagnoictic"	"Dream anxiety disorder"
"46409016"	"neurosis"	"diagnoictic"	"Neurotic excoriation"
"4082601000006112"	"phobia"	"diagnoictic"	"Iophobia"
"376741000006119"	"with depression"	"diagnoictic"	"[X]Depressive neurosis"
"399961000006118"	"with depression"	"diagnoictic"	"Depressive neurosis"
"3265831000006118"	"anxiety"	"diagnoictic"	"Adjustment disorder with anxiety"
"3265811000006112"	"anxiety"	"diagnoictic"	"Adjustment disorder with anxious mood"
"1230451012"	"anxiety"	"diagnoictic"	"Adjustment reaction with anxious mood"
"3070671000006111"	"anxiety"	"diagnoictic"	"Anticipatory anxiety"
"2682511000006110"	"anxiety"	"diagnoictic"	"Anticipatory anxiety, mild"
"3090721000006114"	"anxiety"	"diagnoictic"	"Anticipatory anxiety, moderate"
"4944521000006113"	"anxiety"	"diagnoictic"	"Anxiety about altered body image"
"5249261000006112"	"anxiety"	"diagnoictic"	"Anxiety about behaviour or performance"
"5249061000006116"	"anxiety"	"diagnoictic"	"Anxiety about body function or health"
"2287071000000115"	"anxiety"	"diagnoictic"	"Anxiety about breathlessness"
"5605231000006114"	"anxiety"	"diagnoictic"	"Anxiety about choking"
"5605251000006119"	"anxiety"	"diagnoictic"	"Anxiety about collapsing"
"5605281000006110"	"anxiety"	"diagnoictic"	"Anxiety about dying"
"5605371000006115"	"anxiety"	"diagnoictic"	"Anxiety about fainting"
"5249071000006111"	"anxiety"	"diagnoictic"	"Anxiety about health"
"8103671000006118"	"anxiety"	"diagnoictic"	"Anxiety about lethargy"
"5605191000006116"	"anxiety"	"diagnoictic"	"Anxiety about losing control of bowels"
"4944421000006114"	"anxiety"	"diagnoictic"	"Anxiety about loss of control"
"4944501000006115"	"anxiety"	"diagnoictic"	"Anxiety about making mistakes"
"4944481000006113"	"anxiety"	"diagnoictic"	"Anxiety about not coping with parenthood"
"4944431000006112"	"anxiety"	"diagnoictic"	"Anxiety about resuming sexual relations"
"5605421000006110"	"anxiety"	"diagnoictic"	"Anxiety about saying the wrong thing"
"5605261000006117"	"anxiety"	"diagnoictic"	"Anxiety about shaking"
"5249271000006117"	"anxiety"	"diagnoictic"	"Anxiety about social functioning"
"5605241000006116"	"anxiety"	"diagnoictic"	"Anxiety about swallowing"
"5605271000006112"	"anxiety"	"diagnoictic"	"Anxiety about sweating"
"5248991000006117"	"anxiety"	"diagnoictic"	"Anxiety and fear"
"3287771000006115"	"anxiety"	"diagnoictic"	"Anxiety reaction"
"516601000000113"	"anxiety"	"diagnoictic"	"Anxious"
"5934741000006116"	"anxiety"	"diagnoictic"	"Anxious avoidant attachment"
"5718781000006117"	"anxiety"	"diagnoictic"	"Anxious character"
"3785111000006110"	"anxiety"	"diagnoictic"	"Anxious cognitions"
"405078012"	"anxiety"	"diagnoictic"	"Anxious mother"
"2536376012"	"anxiety"	"diagnoictic"	"Anxiousness"
"488251000006113"	"anxiety"	"diagnoictic"	"Anxiousness - symptom"
"1818111000006112"	"anxiety"	"diagnoictic"	"Feeling anxious"
"3287761000006110"	"anxiety"	"diagnoictic"	"Feeling anxious"
"5717641000006118"	"anxiety"	"diagnoictic"	"Level of anxiety"
"2712981000006115"	"anxiety"	"diagnoictic"	"Overanxious disorder of childhood"
"5628441000006118"	"anxiety"	"diagnoictic"	"Performance anxiety"
"14308031000006113"	"anxiety"	"history"	"History of separation anxiety"
"1222552017"	"nervous"	"diagnoictic"	"[D]Nervous tension"
"317958013"	"nervous"	"diagnoictic"	"[D]Nervousness"
"1222553010"	"nervous"	"diagnoictic"	"Feeling nervous"
"252973015"	"nervous"	"diagnoictic"	"General nervous symptom NOS"
"252894016"	"nervous"	"diagnoictic"	"General nervous symptoms"
"130538010"	"nervous"	"diagnoictic"	"Nervous breakdown"
"882411000006117"	"nervous"	"diagnoictic"	"Nervous debility -neurasthenia"
"677031000006115"	"nervous"	"diagnoictic"	"Nervous exhaustion"
"109281000006110"	"nervous"	"diagnoictic"	"Nervous tension"
"291891000006112"	"nervous"	"diagnoictic"	"Nervousness"
"253621012"	"nervous"	"diagnoictic"	"O/E - nervous"
"853201000006116"	"OCD"	"diagnoictic"	"Obsessional compulsive psychosis"
"500817017"	"OCD"	"diagnoictic"	"Obsessional thoughts"
"5526011000006117"	"OCD"	"diagnoictic"	"Obsessional thoughts of causing harm to others"
"5531911000006114"	"OCD"	"diagnoictic"	"Obsessional thoughts of causing harm to self"
"13796551000006113"	"OCD"	"diagnoictic"	"Obsessional thoughts of causing self harm"
"5249951000006117"	"OCD"	"diagnoictic"	"Obsessional thoughts of contamination"
"5249961000006115"	"OCD"	"diagnoictic"	"Obsessional thoughts of disease"
"5249981000006113"	"OCD"	"diagnoictic"	"Obsessional thoughts of germs"
"2698661000006113"	"OCD"	"diagnoictic"	"Obsessive compulsive behavior"
"2698651000006111"	"OCD"	"diagnoictic"	"Obsessive compulsive behaviour"
"1488717011"	"panic"	"diagnoictic"	"C/O - panic attack"
"2549895012"	"panic"	"diagnoictic"	"O/E - panic attack"
"3798141000006117"	"panic"	"diagnoictic"	"Panic"
"424201000006112"	"personality_disorder"	"diagnoictic"	"[X]Psychoneurotic personality disorder"
"363691000006117"	"personality_disorder"	"diagnoictic"	"Anxious personality disorder"
"62962010"	"personality_disorder"	"diagnoictic"	"Avoidant personality disorder"
"675911000006115"	"personality_disorder"	"diagnoictic"	"Neurotic personality disorder"
"675921000006111"	"personality_disorder"	"diagnoictic"	"Neurotic, personality and other nonpsychotic disorders"
"2520371000006111"	"personality_disorder"	"diagnoictic"	"Obsessive compulsive personality disorder"
"4203991000006111"	"personality_disorder"	"diagnoictic"	"Obsessive-compulsive personality trait"
"401785014"	"personality_disorder"	"diagnoictic"	"Psychoneurotic personality disorder"
"362401000006115"	"phobia"	"diagnoictic"	"[X]Acute reaction to stress"
"362441000006118"	"phobia"	"diagnoictic"	"[X]Acute stress reaction"
"366611000006116"	"phobia"	"diagnoictic"	"[X]Avoidant disorder childhood"
"296272014"	"phobia"	"diagnoictic"	"[X]Reaction to severe stress, unspecified"
"318033015"	"phobia"	"diagnoictic"	"[X]State of emotional shock and stress, unspecified"
"295475018"	"phobia"	"diagnoictic"	"Acute fugue state due to acute stress reaction"
"295474019"	"phobia"	"diagnoictic"	"Acute panic state due to acute stress reaction"
"3592701000006118"	"phobia"	"diagnoictic"	"Acute reaction to stress"
"3592651000006112"	"phobia"	"diagnoictic"	"Acute stress disorder"
"500650019"	"phobia"	"diagnoictic"	"Acute stress reaction"
"401810015"	"phobia"	"diagnoictic"	"Acute stress reaction NOS"
"295476017"	"phobia"	"diagnoictic"	"Acute stupor state due to acute stress reaction"
"302741000006114"	"phobia"	"diagnoictic"	"Emotional stress"
"295483012"	"phobia"	"diagnoictic"	"Other acute stress reaction NOS"
"295477014"	"phobia"	"diagnoictic"	"Other acute stress reactions"
"3854771000006114"	"phobia"	"diagnoictic"	"Shyness disorder of childhood"
"424471000006119"	"phobia"	"diagnoictic"	"Stress and adjustment reaction"
"121871000006118"	"phobia"	"diagnoictic"	"Stress reaction causing mixed disturbance of emotion and conduct"
"2668441000006114"	"phobia"	"diagnoictic"	"Work-related stress disorder"
"504002010"	"phobia"	"diagnoictic"	"Worried"
"4944461000006115"	"phobia"	"diagnoictic"	"Worried about being a bad father"
"4944471000006110"	"phobia"	"diagnoictic"	"Worried about being a bad mother"
"4944451000006117"	"phobia"	"diagnoictic"	"Worried about not coping with baby"
"134872016"	"phobia"	"diagnoictic"	"Worried well"
"2533632018"	"phobia"	"history"	"H/O: agoraphobia"
"251630012"	"phobia"	"history"	"H/O: anxiety state"
"6857231000006117"	"phobia"	"history"	"History of agoraphobia"
"4539991000006111"	"phobia"	"history"	"History of anxiety state"
"296249012"	"anxiety"	"diagnoictic"	"[X]Anxiety disorder, unspecified"
"363641000006114"	"anxiety"	"diagnoictic"	"[X]Anxiety hysteria"
"363661000006113"	"anxiety"	"diagnoictic"	"[X]Anxiety NOS"
"363671000006118"	"anxiety"	"diagnoictic"	"[X]Anxiety reaction"
"370861000006110"	"anxiety"	"diagnoictic"	"[X]Childhood overanxious disorder"
"388071000006116"	"anxiety"	"diagnoictic"	"[X]Generalized anxiety disorder"
"296238018"	"anxiety"	"diagnoictic"	"[X]Other anxiety disorders"
"296245018"	"anxiety"	"diagnoictic"	"[X]Other mixed anxiety disorders"
"401881014"	"anxiety"	"diagnoictic"	"[X]Other specified anxiety disorders"
"4937701000006118"	"anxiety"	"diagnoictic"	"Acknowledging anxiety"
"4948981000006112"	"anxiety"	"diagnoictic"	"Alleviating anxiety"
"3287741000006111"	"anxiety"	"diagnoictic"	"Anxiety"
"3630001000006116"	"anxiety"	"diagnoictic"	"Anxiety hyperventilation"
"5024101000006111"	"anxiety"	"diagnoictic"	"Anxiety hysteria"
"5718761000006110"	"anxiety"	"diagnoictic"	"Character trait finding of level of anxiety"
"427051000006113"	"anxiety"	"diagnoictic"	"Childhood social anxiety disorder"
"294960010"	"anxiety"	"diagnoictic"	"Chronic anxiety"
"6358151000006115"	"anxiety"	"diagnoictic"	"Episodic paroxysmal anxiety disorder"
"2848311000006117"	"anxiety"	"diagnoictic"	"GAD - Generalised anxiety disorder"
"2848301000006115"	"anxiety"	"diagnoictic"	"GAD - Generalized anxiety disorder"
"481154010"	"anxiety"	"diagnoictic"	"Generalised anxiety disorder"
"2848291000006116"	"anxiety"	"diagnoictic"	"Generalized anxiety disorder"
"3654681000006114"	"anxiety"	"diagnoictic"	"Mild anxiety"
"3497371000006119"	"anxiety"	"diagnoictic"	"Moderate anxiety"
"403931000006116"	"anxiety"	"diagnoictic"	"Organic anxiety disorder"
"294961014"	"anxiety"	"diagnoictic"	"Recurrent anxiety"
"4391041000006110"	"anxiety"	"diagnoictic"	"Separation anxiety"
"441512015"	"anxiety"	"diagnoictic"	"Separation anxiety disorder"
"296722013"	"anxiety"	"diagnoictic"	"Separation anxiety disorder of childhood"
"2907991000006110"	"anxiety"	"diagnoictic"	"Social anxiety disorder"
"8113001000006117"	"anxiety"	"diagnoictic"	"Stranger anxiety"
"972931000006117"	"anxiety"	"intervention"	"** The treatment of anxiety disorders"
"909691000006113"	"anxiety"	"intervention"	"[RFC] Anxiety management"
"4944401000006116"	"anxiety"	"intervention"	"Anxiety about treatment"
"6025521000006113"	"anxiety"	"intervention"	"Anxiety counselling"
"342665019"	"anxiety"	"intervention"	"Anxiety management training"
"6025551000006116"	"anxiety"	"intervention"	"Counselling for anxiety"
"7663271000006111"	"anxiety"	"intervention"	"Management of anxiety"
"2335571000000115"	"anxiety"	"intervention"	"Patient given advice about management of anxiety"
"300681000000118"	"anxiety"	"referrals"	"Referral for guided self-help for anxiety"
"2391581000000111"	"anxiety"	"referrals"	"Referral for guided self-help for anxiety declined"
"2618361000000113"	"anxiety"	"referrals"	"Referral for psychological management of anxiety"
"2618401000000116"	"anxiety"	"referrals"	"Referral for psychological management of anxiety declined"
"363211000006112"	"neurosis"	"diagnoictic"	"[X]Anankastic neurosis"
"215911000000118"	"neurosis"	"diagnoictic"	"[X]Briquet's disorder"
"368021000006119"	"neurosis"	"diagnoictic"	"[X]Briquet's disorder"
"2162217014"	"neurosis"	"diagnoictic"	"[X]Cardiac neurosis"
"1222259010"	"neurosis"	"diagnoictic"	"[X]Character neurosis NOS"
"371371000006119"	"neurosis"	"diagnoictic"	"[X]Conduct disorder associated with neurotic disorder"
"2162210011"	"neurosis"	"diagnoictic"	"[X]Da Costa's syndrome"
"1494942017"	"neurosis"	"diagnoictic"	"[X]Gastric neurosis"
"389381000006111"	"neurosis"	"diagnoictic"	"[X]Hypochondriacal neurosis"
"2162212015"	"neurosis"	"diagnoictic"	"[X]Neurocirculatory asthenia"
"399981000006111"	"neurosis"	"diagnoictic"	"[X]Neurotic, stress-related and somatoform disorders"
"403531000006111"	"neurosis"	"diagnoictic"	"[X]Occupational neurosis, including writer's cramp"
"296341013"	"neurosis"	"diagnoictic"	"[X]Other neurotic disorders"
"401888015"	"neurosis"	"diagnoictic"	"[X]Other specified neurotic disorders"
"423801000006114"	"neurosis"	"diagnoictic"	"[X]Psychasthenia neurosis"
"427061000006110"	"neurosis"	"diagnoictic"	"[X]Social neurosis"
"429421000006116"	"neurosis"	"diagnoictic"	"[X]Traumatic neurosis"
"295011010"	"neurosis"	"diagnoictic"	"Anancastic neurosis"
"4764861000006119"	"neurosis"	"diagnoictic"	"Anankastic neurosis"
"363651000006111"	"neurosis"	"diagnoictic"	"Anxiety neurosis"
"1785963019"	"neurosis"	"diagnoictic"	"Briquet's disorder"
"882551000006115"	"neurosis"	"diagnoictic"	"Cardiac neuroses"
"2162219012"	"neurosis"	"diagnoictic"	"Cardiac neurosis"
"2162216017"	"neurosis"	"diagnoictic"	"Cardiovascular neurosis"
"295015018"	"neurosis"	"diagnoictic"	"Compulsive neurosis"
"4766241000006110"	"neurosis"	"diagnoictic"	"Da Costa's syndrome"
"295360013"	"neurosis"	"diagnoictic"	"Neurocirculatory asthenia"
"882351000006111"	"neurosis"	"diagnoictic"	"Neuroses"
"675731000006112"	"neurosis"	"diagnoictic"	"Neuroses or other mental disorder NOS"
"1222256015"	"neurosis"	"diagnoictic"	"Neurosis"
"296358015"	"neurosis"	"diagnoictic"	"Neurosis"
"402503018"	"neurosis"	"diagnoictic"	"Neurotic condition, insight present"
"675881000006115"	"neurosis"	"diagnoictic"	"Neurotic disorder"
"401783019"	"neurosis"	"diagnoictic"	"Neurotic disorder NOS"
"295016017"	"neurosis"	"diagnoictic"	"Obsessional neurosis"
"295033012"	"neurosis"	"diagnoictic"	"Other neurotic disorder NOS"
"295026012"	"neurosis"	"diagnoictic"	"Other neurotic disorders"
"295031014"	"neurosis"	"diagnoictic"	"Other occupational neurosis"
"9331000006113"	"neurosis"	"diagnoictic"	"Other specified neuroses or other mental disorders"
"402505013"	"neurosis"	"diagnoictic"	"Poor insight into neurotic condition"
"295032019"	"neurosis"	"diagnoictic"	"Psychasthenic neurosis"
"295441019"	"neurosis"	"diagnoictic"	"Psychogenic rumination"
"295029017"	"neurosis"	"diagnoictic"	"Writer's cramp neurosis"
"460275012"	"neurosis"	"history"	"[V]Personal history of neurosis"
"296253014"	"OCD"	"diagnoictic"	"[X]Mixed obsessional thoughts and acts"
"400321000006113"	"OCD"	"diagnoictic"	"[X]Obsessive - compulsive disorder"
"296255019"	"OCD"	"diagnoictic"	"[X]Obsessive-compulsive disorder, unspecified"
"400341000006118"	"OCD"	"diagnoictic"	"[X]Obsessive-compulsive neurosis"
"296254015"	"OCD"	"diagnoictic"	"[X]Other obsessive-compulsive disorders"
"296251011"	"OCD"	"diagnoictic"	"[X]Predominantly obsessional thoughts or ruminations"
"296252016"	"OCD"	"diagnoictic"	"Compulsion expressed as ritual"
"4764881000006112"	"OCD"	"diagnoictic"	"Obsessive compulsive disorder"
"269821000006113"	"OCD"	"diagnoictic"	"Obsessive-compulsive disorder"
"295017014"	"OCD"	"diagnoictic"	"Obsessive-compulsive disorder NOS"
"4764871000006114"	"OCD"	"diagnoictic"	"OCD - Obsessive-compulsive disorder"
"418031000006113"	"panic"	"diagnoictic"	"[X]Panic attack"
"296239014"	"panic"	"diagnoictic"	"[X]Panic disorder [episodic paroxysmal anxiety]"
"418061000006116"	"panic"	"diagnoictic"	"[X]Panic state"
"6550101000006115"	"panic"	"diagnoictic"	"Complaining of panic attack"
"339044013"	"panic"	"diagnoictic"	"Panic attack"
"1210253015"	"panic"	"diagnoictic"	"Panic disorder"
"1808511000006119"	"panic"	"diagnoictic"	"Recurrent panic attacks"
"3810661000006112"	"panic"	"diagnoictic"	"Severe anxiety (panic)"
"362181000006117"	"phobia"	"diagnoictic"	"[X]Acrophobia"
"362881000006114"	"phobia"	"diagnoictic"	"[X]Agoraphobia without history of panic disorder"
"363281000006117"	"phobia"	"diagnoictic"	"[X]Animal phobias"
"363361000006117"	"phobia"	"diagnoictic"	"[X]Anthropophobia"
"363681000006115"	"phobia"	"diagnoictic"	"[X]Anxiety state"
"371071000006117"	"phobia"	"diagnoictic"	"[X]Claustrophobia"
"371231000006113"	"phobia"	"diagnoictic"	"[X]Combat fatigue"
"379411000006119"	"phobia"	"diagnoictic"	"[X]Dysmorphophobia nondelusional"
"400201000006111"	"phobia"	"diagnoictic"	"[X]Nosophobia"
"296236019"	"phobia"	"diagnoictic"	"[X]Other phobic anxiety disorders"
"461440017"	"phobia"	"diagnoictic"	"[X]Other physical and mental strain related to work"
"296271019"	"phobia"	"diagnoictic"	"[X]Other reactions to severe stress"
"418051000006118"	"phobia"	"diagnoictic"	"[X]Panic disorder with agoraphobia"
"420641000006116"	"phobia"	"diagnoictic"	"[X]Phobic anxiety disorder of childhood"
"296237011"	"phobia"	"diagnoictic"	"[X]Phobic anxiety disorder, unspecified"
"296224013"	"phobia"	"diagnoictic"	"[X]Phobic anxiety disorders"
"420671000006112"	"phobia"	"diagnoictic"	"[X]Phobic state NOS"
"426871000006113"	"phobia"	"diagnoictic"	"[X]Simple phobia"
"97986013"	"phobia"	"diagnoictic"	"Acrophobia"
"295478016"	"phobia"	"diagnoictic"	"Acute situational disturbance"
"988881000006118"	"phobia"	"diagnoictic"	"Agoraphobia"
"882381000006115"	"phobia"	"diagnoictic"	"Agoraphobia"
"362871000006111"	"phobia"	"diagnoictic"	"Agoraphobia"
"294992011"	"phobia"	"diagnoictic"	"Agoraphobia with panic attacks"
"294993018"	"phobia"	"diagnoictic"	"Agoraphobia without history of panic disorder"
"1231321013"	"phobia"	"diagnoictic"	"Animal phobia"
"283464017"	"phobia"	"diagnoictic"	"Antiphobic therapy"
"5605381000006117"	"phobia"	"diagnoictic"	"Anxiety about having a heart attack"
"5886481000006112"	"phobia"	"diagnoictic"	"Anxiety attack"
"488201000006114"	"phobia"	"diagnoictic"	"Anxiety disorder"
"304838011"	"phobia"	"diagnoictic"	"Anxiety state"
"294963012"	"phobia"	"diagnoictic"	"Anxiety state"
"294953016"	"phobia"	"diagnoictic"	"Anxiety state unspecified"
"3543571000006119"	"phobia"	"diagnoictic"	"Avoidant disorder of childhood"
"485870016"	"phobia"	"diagnoictic"	"Cancer phobia"
"295584016"	"phobia"	"diagnoictic"	"Childhood and adolescent fearfulness disturbance"
"550361000006119"	"phobia"	"diagnoictic"	"Childhood and adolescent overanxiousness disturbance"
"3543591000006118"	"phobia"	"diagnoictic"	"Childhood avoidant disorder"
"4767501000006113"	"phobia"	"diagnoictic"	"Childhood phobic anxiety disorder"
"33475016"	"phobia"	"diagnoictic"	"Claustrophobia"
"101627011"	"phobia"	"diagnoictic"	"Combat fatigue"
"65032014"	"phobia"	"diagnoictic"	"Dental phobia"
"626101000006114"	"phobia"	"diagnoictic"	"Disturbance anxiety and fearfulness childhood/adolescent NOS"
"626121000006116"	"phobia"	"diagnoictic"	"Disturbance of anxiety and fearfulness in childhood and adolescence"
"6027651000006110"	"phobia"	"diagnoictic"	"Dysmorphophobia"
"285365017"	"phobia"	"diagnoictic"	"Encounter for fear"
"346985015"	"phobia"	"diagnoictic"	"Examination fear"
"4764791000006116"	"phobia"	"diagnoictic"	"Fear of crowded places"
"294998010"	"phobia"	"diagnoictic"	"Fear of crowds"
"166341019"	"phobia"	"diagnoictic"	"Fear of death"
"370048011"	"phobia"	"diagnoictic"	"Fear of flying"
"485869017"	"phobia"	"diagnoictic"	"Fear of getting cancer"
"370049015"	"phobia"	"diagnoictic"	"Flying phobia"
"980191000006111"	"phobia"	"diagnoictic"	"Needle phobia"
"991621000006112"	"phobia"	"diagnoictic"	"Needle phobia"
"932131000006118"	"phobia"	"diagnoictic"	"Needle phobia"
"6342801000006111"	"phobia"	"diagnoictic"	"Noise phobia"
"3858511000006119"	"phobia"	"diagnoictic"	"Nondelusional dysmorphophobia"
"5024031000006116"	"phobia"	"diagnoictic"	"Non-situational panic attack"
"882391000006117"	"phobia"	"diagnoictic"	"Other phobias"
"3073541000006113"	"phobia"	"diagnoictic"	"Panic disorder with agoraphobia"
"3962111000006111"	"phobia"	"diagnoictic"	"Panic disorder with agoraphobia AND mild panic attacks"
"2630621000006112"	"phobia"	"diagnoictic"	"Panic disorder with agoraphobia AND moderate panic attacks"
"2587471000006114"	"phobia"	"diagnoictic"	"Panic disorder with agoraphobia AND severe panic attacks"
"1808521000006110"	"phobia"	"diagnoictic"	"Panic disorder without agoraphobia"
"3684921000006110"	"phobia"	"diagnoictic"	"Panic disorder without agoraphobia with mild panic attacks"
"3558031000006116"	"phobia"	"diagnoictic"	"Panic disorder without agoraphobia with moderate panic attacks"
"3375111000006115"	"phobia"	"diagnoictic"	"Panic disorder without agoraphobia with panic attacks in partial remission"
"294991016"	"phobia"	"diagnoictic"	"Phobia"
"5249131000006114"	"phobia"	"diagnoictic"	"Phobia of choking"
"3649691000006114"	"phobia"	"diagnoictic"	"Phobia of going out"
"853241000006119"	"phobia"	"diagnoictic"	"Phobic anxiety"
"223641000000116"	"phobia"	"diagnoictic"	"Phobic anxiety disorder"
"401780016"	"phobia"	"diagnoictic"	"Phobic disorder"
"420631000006114"	"phobia"	"diagnoictic"	"Phobic disorder"
"223631000000113"	"phobia"	"diagnoictic"	"Phobic disorders"
"882371000006118"	"phobia"	"diagnoictic"	"Phobic state"
"6029481000006111"	"phobia"	"diagnoictic"	"Phonophobia"
"851141000006112"	"phobia"	"diagnoictic"	"Phonophobia"
"103848017"	"phobia"	"diagnoictic"	"Photophobia"
"3822291000006111"	"phobia"	"diagnoictic"	"Physically well but worried"
"851351000006112"	"phobia"	"diagnoictic"	"School phobia"
"5531801000006117"	"phobia"	"diagnoictic"	"School phobia"
"14158161000006115"	"phobia"	"diagnoictic"	"Secondary tocophobia"
"90724016"	"phobia"	"diagnoictic"	"Simple phobia"
"5024021000006119"	"phobia"	"diagnoictic"	"Situational panic attack"
"427071000006115"	"phobia"	"diagnoictic"	"Social phobia"
"294994012"	"phobia"	"diagnoictic"	"Social phobia, fear of eating in public"
"294995013"	"phobia"	"diagnoictic"	"Social phobia, fear of public speaking"
"294996014"	"phobia"	"diagnoictic"	"Social phobia, fear of public washing"
"138401000006119"	"phobia"	"diagnoictic"	"Social phobic disorders"
"370038014"	"phobia"	"diagnoictic"	"Specific fear"
"427231000006111"	"phobia"	"diagnoictic"	"Specific phobia"
"1809331000006113"	"phobia"	"diagnoictic"	"Symptoms of agoraphobia"
"3381271000006114"	"phobia"	"diagnoictic"	"Zoophobia"
"6025151000006114"	"phobia"	"intervention"	"Phobia counselling"
"909701000006113"	"stress"	"diagnoictic"	"[RFC] Post traumatic stress disorder"
"362301000006112"	"stress"	"diagnoictic"	"[X]Acute crisis reaction"
"375971000006116"	"stress"	"diagnoictic"	"[X]Crisis state"
"423811000006112"	"stress"	"diagnoictic"	"[X]Psychic shock"
"3592671000006119"	"stress"	"diagnoictic"	"Acute crisis reaction"
"459711000006119"	"stress"	"diagnoictic"	"Acute post-trauma stress state"
"1755921000006119"	"stress"	"diagnoictic"	"Acute posttraumatic stress disorder following military combat"
"882651000006119"	"stress"	"diagnoictic"	"Chron post-traum stress dis"
"6027091000006114"	"stress"	"diagnoictic"	"Chronic post-traumatic stress disorder"
"1755931000006116"	"stress"	"diagnoictic"	"Chronic post-traumatic stress disorder following military combat"
"7285321000006119"	"stress"	"diagnoictic"	"Complex posttraumatic stress disorder"
"1755941000006114"	"stress"	"diagnoictic"	"Delayed posttraumatic stress disorder following military combat"
"460751013"	"stress"	"diagnoictic"	"Occupation-related stress disorder"
"295512014"	"stress"	"diagnoictic"	"Other post-traumatic stress disorder"
"3268061000006113"	"stress"	"diagnoictic"	"Posttraumatic stress disorder"
"423021000006114"	"stress"	"diagnoictic"	"Post-traumatic stress disorder"
"3268091000006117"	"stress"	"diagnoictic"	"Post-traumatic stress syndrome"
"3268081000006115"	"stress"	"diagnoictic"	"PTSD - Post-traumatic stress disorder"
"398351000006110"	"with depression"	"diagnoictic"	"[X]Mild anxiety depression"
"398561000006117"	"with depression"	"diagnoictic"	"[X]Mixed anxiety and depressive disorder"
"419841000006116"	"with depression"	"diagnoictic"	"[X]Persistant anxiety depression"
"5024071000006118"	"with depression"	"diagnoictic"	"Anxiety depression"
"9901161000006119"	"with depression"	"diagnoictic"	"Mild major depressive disorder co-occurrent with anxiety single episode"
"488211000006112"	"with depression"	"diagnoictic"	"Mixed anxiety and depressive disorder"
"1976491000006113"	"with depression"	"diagnoictic"	"Mixed anxiety and depressive reaction"
"9901261000006114"	"with depression"	"diagnoictic"	"Moderate major depressive disorder co-occurrent with anxiety single episode"
"12127571000006111"	"with depression"	"diagnoictic"	"Recurrent major depressive disorder in partial remission co-occurrent with anxiety"
"12127531000006113"	"with depression"	"diagnoictic"	"Recurrent mild major depressive disorder co-occurrent with anxiety"
"12127551000006118"	"with depression"	"diagnoictic"	"Recurrent moderate major depressive disorder co-occurrent with anxiety"
"12127541000006115"	"with depression"	"diagnoictic"	"Recurrent severe major depressive disorder co-occurrent with anxiety"
"9901281000006116"	"with depression"	"diagnoictic"	"Severe major depressive disorder co-occurrent with anxiety single episode"
