medcodeid	aurum_readterm	readcode
"7696821000006118"	"PDA (Pathological demand avoidance)"	"NO READ CODE"
"6768081000006116"	"Autism"	"NO READ CODE"
"7565791000006114"	"High-functioning autism"	"NO READ CODE"
"2477201014"	"Kanner's syndrome"	"E140.11"
"2876021000006110"	"Aspergers disorder"	"NO READ CODE"
"3202381000006119"	"Autistic disorder of childhood onset"	"NO READ CODE"
"6768091000006118"	"Autism disorder"	"NO READ CODE"
"2875981000006116"	"Asperger's disorder"	"NO READ CODE"
"394581000006118"	"[X]Kanner's syndrome"	"Eu84014"
"13503701000006111"	"Autism spectrum disorder due to AUTS2 deficiency"	"NO READ CODE"
"6383321000006111"	"Autistic spectrum disorder with isolated skills"	"NO READ CODE"
"3286271010"	"Pathological demand avoidance"	"NO READ CODE"
"2876011000006119"	"Asperger disorder"	"NO READ CODE"
"3078471000006111"	"Pervasive developmental disorder"	"NO READ CODE"
"5024421000006110"	"Atypical autistic syndrome"	"NO READ CODE"
"363931000006110"	"Asperger's syndrome"	"Eu84500"
"366531000006111"	"Atypical autism"	"Eu84100"
"294935010"	"Active infantile autism"	"E140000"
"294936011"	"Residual infantile autism"	"E140100"
"2535850012"	"Autistic spectrum disorder"	"Eu84z11"
"370801000006114"	"[X]Childhood autism"	"Eu84000"
"781051000006117"	"Infantile autism"	"E140.00"
"366591000006110"	"[X]Autistic psychopathy"	"Eu84511"
"296678017"	"[X]Other pervasive developmental disorders"	"Eu84y00"
"294937019"	"Infantile autism NOS"	"E140z00"
"296679013"	"[X]Pervasive developmental disorder, unspecified"	"Eu84z00"
"72723012"	"Childhood autism"	"E140.13"
"2579633010"	"Autism"	"E140.12"
"420581000006111"	"Autism spectrum disorder"	"Eu84.00"
"389671000006119"	"[X]Infantile autism"	"Eu84012"
"366581000006112"	"Autistic disorder"	"Eu84011"
"13964071000006114"	"Autism spectrum disorder with disorder of intellectual development and impaired functional language"	"NO READ CODE"
"13963471000006119"	"Autism spectrum disorder with disorder of intellectual development and impaired functional language without loss of previously acquired skills"	"NO READ CODE"
