medcodeid	term	readcode	snomedctconceptid
"2605671000006111"	"Referred pain"	"NO READ CODE"	"6617009"
"6383961000006118"	"Disorder characterised by pain"	"NO READ CODE"	"373673007"
"8096411000006114"	"Pain control agreement"	"NO READ CODE"	"303261000000103"
"3516940011"	"Pain control care plan"	"NO READ CODE"	"736248007"
"6792861000006119"	"Pain control education"	"NO READ CODE"	"410239009"
"6792881000006112"	"Pain control management"	"NO READ CODE"	"410240006"
"4929411000006115"	"Pain control nurse"	"NO READ CODE"	"224555005"
"5554371000006116"	"Pain diary"	"NO READ CODE"	"273685000"
"1808571000006111"	"Pain management"	"NO READ CODE"	"278414003"
"318040019"	"[X]Other chronic pain"	"Ryu7000"	"82423001"
"401886016"	"[X]Persistent somatoform pain disorder"	"Eu45400"	"30077003"
"427141000006110"	"[X]Somatoform pain disorder"	"Eu45414"	"30077003"
"4202081000006115"	"Chronic abdominal pain"	"NO READ CODE"	"111985007"
"8018171000006111"	"Chronic ankle pain"	"NO READ CODE"	"51881000119109"
"4507141000006118"	"Chronic back pain"	"NO READ CODE"	"134407002"
"7163621000006113"	"Chronic facial pain"	"NO READ CODE"	"432615008"
"3507421013"	"Chronic female pelvic pain syndrome"	"NO READ CODE"	"11892641000119101"
"3517648011"	"Chronic idiopathic pain syndrome"	"NO READ CODE"	"736464002"
"8243341000006114"	"Chronic idiopathic pain syndrome"	"NO READ CODE"	"781021000000103"
"317098012"	"Chronic intractable pain"	"R00zC00"	"274665008"
"415888015"	"Chronic low back pain"	"16C9.00"	"278860009"
"12735361000006113"	"Chronic mechanical low back pain"	"NO READ CODE"	"144951000000106"
"3636667013"	"Chronic musculoskeletal pain"	"NO READ CODE"	"762452003"
"7967631000006118"	"Chronic neck pain"	"NO READ CODE"	"1121000119107"
"3515752018"	"Chronic neuropathic pain"	"NO READ CODE"	"735936005"
"3515075019"	"Chronic nociceptive pain"	"NO READ CODE"	"735644008"
"5086191000006118"	"Chronic nonspecific abdominal pain"	"NO READ CODE"	"235841007"
"3636671011"	"Chronic orofacial pain"	"NO READ CODE"	"762454002"
"136713011"	"Chronic pain"	"1M52.00"	"82423001"
"9493231000006118"	"Chronic pain following right total hip arthroplasty"	"NO READ CODE"	"12400301000119102"
"7163611000006117"	"Chronic pain in face"	"NO READ CODE"	"432615008"
"5103021000006116"	"Chronic pain in female pelvis"	"NO READ CODE"	"237067000"
"8042001000006113"	"Chronic pain in male pelvis"	"NO READ CODE"	"133731000119108"
"9872911000006110"	"Chronic pain of left foot"	"NO READ CODE"	"16002911000119108"
"9872891000006113"	"Chronic pain of right foot"	"NO READ CODE"	"16002871000119105"
"14308061000006116"	"Chronic pain of shoulder"	"NO READ CODE"	"1362941000000102"
"1841501000006118"	"Chronic pain review"	"NO READ CODE"	"1841501000006102"
"2225421000000111"	"Chronic pain review"	"66n..00"	"860381000000107"
"6383361000006117"	"Chronic pain syndrome"	"NO READ CODE"	"373621006"
"297551015"	"Chronic painful diabetic neuropathy"	"F372100"	"193184006"
"14071331000006110"	"Chronic painful neuropathy due to diabetes mellitus"	"NO READ CODE"	"193184006"
"5103011000006112"	"Chronic pelvic pain of female"	"NO READ CODE"	"237067000"
"5620581000006113"	"Chronic pelvic pain without obvious pathology"	"NO READ CODE"	"279032003"
"3636664018"	"Chronic post-traumatic pain"	"NO READ CODE"	"762451005"
"3636893016"	"Chronic primary musculoskeletal pain"	"NO READ CODE"	"762591005"
"3636890018"	"Chronic primary widespread pain"	"NO READ CODE"	"762590006"
"2214301000000116"	"Chronic regional pain syndrome"	"F369.11"	"128200000"
"2742391000000119"	"Chronic sacroiliac joint pain"	"NO READ CODE"	"1094851000000101"
"14308051000006118"	"Chronic shoulder pain"	"NO READ CODE"	"1362941000000102"
"13717021000006110"	"Chronic urinary bladder pain"	"NO READ CODE"	"16580691000119107"
"5618331000006113"	"CLBP - Chronic low back pain"	"NO READ CODE"	"278860009"
"5009561000006114"	"Diabetic chronic painful polyneuropathy"	"NO READ CODE"	"230575000"
"2415191000000113"	"Diabetic peripheral neuropathic pain"	"1M8..00"	"944141000000108"
"4075731000006112"	"Generalised chronic body pains"	"NO READ CODE"	"102481003"
"6567871000006114"	"Locomotor pain disorder"	"NO READ CODE"	"396332003"
"6567881000006112"	"Musculoskeletal pain disorder"	"NO READ CODE"	"396332003"
"5243321000006110"	"Neurological pain disorder"	"NO READ CODE"	"247384001"
"3527381016"	"Primary chronic pain"	"NO READ CODE"	"737305006"
"371011000006114"	"Somatoform pain disorder"	"Eu62y11"	"30077003"
"230611000006118"	"Phantom limb syndrome with pain"	"F336000"	"5771000119106"
"7663991000006117"	"Phantom pain"	"NO READ CODE"	"710110008"
"7682501000006114"	"Phantom pain following amputation of lower limb"	"NO READ CODE"	"711057003"
"7682511000006112"	"Phantom pain following amputation of upper limb"	"NO READ CODE"	"711058008"
"5939871000006116"	"Admission to pain management department"	"NO READ CODE"	"305391001"
"939731000006111"	"Bone pain control"	"NO READ CODE"	"939731000006107"
"2534102018"	"Cancer pain and symptom management"	"9Ok5.00"	"413742003"
"1873411000006119"	"Care contact service: pain clinic"	"NO READ CODE"	"1873411000006103"
"7567261000006119"	"Chronic pain clinic"	"NO READ CODE"	"702840008"
"958281000006114"	"Colicky abdominal pain control"	"NO READ CODE"	"958281000006105"
"5957081000006119"	"Discharge by pain management nurse"	"NO READ CODE"	"306504007"
"5955881000006115"	"Discharge by pain management specialist"	"NO READ CODE"	"306407003"
"5958631000006114"	"Discharge from pain management service"	"NO READ CODE"	"306618005"
"1981031000006119"	"Keele TAPS trial - refer to pain management service"	"NO READ CODE"	"1981031000006103"
"1620641000006119"	"Paediatric pain management"	"NO READ CODE"	"828441000000100"
"1488786012"	"Pain and symptom management"	"8BAO.00"	"395087001"
"7567901000006110"	"Pain clinic"	"NO READ CODE"	"702897005"
"1488586010"	"Pain management (specialty)"	"9b8F.00"	"394882004"
"5994531000006112"	"Pain management department"	"NO READ CODE"	"309949003"
"8096391000006114"	"Pain management programme"	"NO READ CODE"	"303251000000101"
"904701000006114"	"Pain management referral"	"NO READ CODE"	"904701000006105"
"5996011000006115"	"Pain management service"	"NO READ CODE"	"310071006"
"5987651000006111"	"Pain management specialist"	"NO READ CODE"	"309337009"
"5621561000006114"	"Pain rehabilitation"	"NO READ CODE"	"279102009"
"1832361000006116"	"Physiotherapy treatment modality: pain management program"	"NO READ CODE"	"1832361000006100"
"2281831000000118"	"Private referral to pain management service"	"8HVk.00"	"885251000000103"
"1776891000006116"	"Reason for referral: Pain/Symptom Control"	"NO READ CODE"	"1776891000006100"
"283685013"	"Refer to pain clinic"	"8H69.00"	"183568002"
"5947691000006111"	"Referral by pain management specialist"	"NO READ CODE"	"305948002"
"284074019"	"Referral to back pain clinic"	"8HTH.00"	"183868005"
"3561159012"	"Referral to chronic pain management service"	"NO READ CODE"	"745233009"
"8259711000006110"	"Referral to pain management clinic"	"NO READ CODE"	"809591000000106"
"5954781000006114"	"Referral to pain management nurse"	"NO READ CODE"	"306330005"
"448997012"	"Referral to pain management service"	"NO READ CODE"	"306109009"
"449236019"	"Referral to pain management specialist"	"NO READ CODE"	"306265007"
"1979101000006116"	"Referred for pain control"	"NO READ CODE"	"1979101000006100"
"1775521000006110"	"Referred to Pain Management Service"	"NO READ CODE"	"1775521000006106"
"381741000000112"	"Rehabilitation for pain syndrome"	"7P21200"	"790831000000102"
"5944511000006111"	"Seen by pain management nurse"	"NO READ CODE"	"305745006"
"5945311000006116"	"Seen by pain management service"	"NO READ CODE"	"305799001"
"5943341000006116"	"Seen by pain management specialist"	"NO READ CODE"	"305652004"
"285246011"	"Seen in pain clinic"	"9N1k.00"	"185248009"
"9682311000006113"	"Uncontrolled pain"	"NO READ CODE"	"14040001000004109"
"5942101000006114"	"Under care of pain management nurse"	"NO READ CODE"	"305568004"
"447902010"	"Under care of pain management specialist"	"9NNh.00"	"305469009"
