medcodeid	term	snomedctconceptid	readcode
"2197541000000118"	"Constipation in children clinical pathway"	"847591000000107"	"8CMW100"
"295382018"	"Psychogenic constipation"	"191973007"	"E264500"
"303161017"	"Constipation - functional"	"197118003"	"J520.00"
"484894013"	"Chronic constipation with overflow"	"31499008"	"J520100"
"303163019"	"Chronic constipation without overflow"	"197120000"	"J520200"
"630451000006116"	"Drug-induced constipation"	"21782001"	"J520300"
"353853017"	"Chronic constipation"	"236069009"	"J520400"
"303165014"	"Other specified constipation"	"14760008"	"J520y00"
"590101000006113"	"Constipation NOS"	"14760008"	"J520z00"
"2791650019"	"Irritable bowel syndrome characterised by constipation"	"440630006"	"J521100"
"906171000006112"	"[RFC] Constipation"	"906171000006108"	"NO READ CODE"
"2733871000006113"	"Difficulty opening bowels"	"14760008"	"NO READ CODE"
"5086181000006116"	"Irritable bowel syndrome variant of childhood with constipation"	"235840008"	"NO READ CODE"
"3068881000006119"	"Slow transit constipation"	"35298007"	"NO READ CODE"
"982721000006114"	"Constipation"	"982721000006105"	"NO READ CODE"
"3219701000006116"	"Fecal impaction"	"44635007"	"NO READ CODE"
"4786191000006112"	"Functional constipation"	"197118003"	"NO READ CODE"
"7240101000006111"	"Constipation predominant irritable bowel syndrome"	"440630006"	"NO READ CODE"
"1726521000006115"	"Chronic constipation"	"1726521000006104"	"NO READ CODE"
"3007481000006116"	"Overflow incontinence due to constipation"	"31499008"	"NO READ CODE"
"3849221000006117"	"Chronic idiopathic constipation"	"82934008"	"NO READ CODE"
"5272771000006119"	"Constipation alternates with diarrhoea"	"249517009"	"NO READ CODE"
"909031000006119"	"[RFC] Constipation"	"909031000006103"	"NO READ CODE"
"11933491000006119"	"IPOS patient score : degree pt affected by constipation past week"	"11933491000006103"	"NO READ CODE"
"1824121000006115"	"Paediatric constipation clinical pathway protocol not followed"	"1824121000006104"	"NO READ CODE"
"7171761000006117"	"Neurogenic constipation"	"432994008"	"NO READ CODE"
"3446061000006115"	"Intermittent constipation pattern"	"58230007"	"NO READ CODE"
"2733891000006114"	"CN - Constipation"	"14760008"	"NO READ CODE"
"11932891000006111"	"IPOS patient score : degree pt affected by constipation past 3 days"	"11932891000006107"	"NO READ CODE"
"5089151000006118"	"Simple constipation"	"236070005"	"NO READ CODE"
"7361411000006110"	"Cleveland Clinic constipation score"	"448880001"	"NO READ CODE"
"6511401000006110"	"Constipation management"	"389082000"	"NO READ CODE"
"3068901000006117"	"Constipation by delayed colonic transit"	"35298007"	"NO READ CODE"
"7159921000006114"	"Atonic constipation"	"432414001"	"NO READ CODE"
"4786201000006110"	"Constipation-functional"	"197118003"	"NO READ CODE"
"7296631000006117"	"Irregular bowel habits"	"444702007"	"NO READ CODE"
