medcodeid	term	readcode	snomedctconceptid
"294718018"	"Dementia in conditions EC"	"E041.00"	"191519005"
"5618231000006117"	"Frontal lobe degeneration"	"NO READ CODE"	"278855005"
"345092016"	"Frontotemporal degeneration"	"F118.00"	"230273006"
"7560411000006117"	"Frontotemporal lobar degeneration"	"NO READ CODE"	"702426001"
"5005881000006116"	"Patchy dementia"	"NO READ CODE"	"230289009"
"2825541000006118"	"Prion disease"	"NO READ CODE"	"20484008"
"988981000006113"	"Prion protein disease"	"F11xz99"	"603691000000101"
"882921000006118"	"Prion protein disease"	"F1...99"	"410057002"
"399481000000113"	"Prion protein markers for Creutzfeldt-Jakob disease"	"4L49.00"	"1018591000000102"
"5005741000006115"	"Traumatic encephalopathy"	"NO READ CODE"	"230282000"
"905791000006115"	"[RFC] Alzheimer's disease"	"NO READ CODE"	"905791000006104"
"363031000006111"	"[X]Alzheimer's disease type 1"	"Eu00111"	"416975007"
"363041000006118"	"[X]Alzheimer's disease type 2"	"Eu00013"	"416780008"
"299325013"	"[X]Other Alzheimer's disease"	"Fyu3000"	"26929004"
"2931231000006118"	"AD - Alzheimer's disease"	"NO READ CODE"	"26929004"
"8030791000006119"	"Altered behaviour in Alzheimer's disease"	"NO READ CODE"	"97751000119108"
"2931241000006111"	"Alzheimer disease"	"NO READ CODE"	"26929004"
"45046017"	"Alzheimer's disease"	"F110.00"	"26929004"
"8044981000006111"	"Alzheimer's disease co-occurrent with delirium"	"NO READ CODE"	"142011000119109"
"499946014"	"Alzheimer's disease with early onset"	"F110000"	"416780008"
"500317011"	"Alzheimer's disease with late onset"	"F110100"	"416975007"
"8044911000006116"	"Delusions in Alzheimer's disease"	"NO READ CODE"	"141991000119109"
"8044941000006117"	"Depressed mood in Alzheimer's disease"	"NO READ CODE"	"142001000119106"
"8032931000006117"	"Early onset Alzheimers disease with behavioral disturbance"	"NO READ CODE"	"105421000119105"
"8032911000006111"	"Early onset Alzheimer's disease with behavioural disturbance"	"NO READ CODE"	"105421000119105"
"5005501000006111"	"Familial Alzheimer's disease of early onset"	"NO READ CODE"	"230265002"
"5005541000006113"	"Familial Alzheimer's disease of late onset"	"NO READ CODE"	"230267005"
"5005581000006119"	"Focal Alzheimer's disease"	"NO READ CODE"	"230269008"
"7834071000006116"	"Non-amnestic Alzheimer disease"	"NO READ CODE"	"722600006"
"5005521000006118"	"Non-familial Alzheimer's disease of early onset"	"NO READ CODE"	"230266001"
"5005561000006112"	"Non-familial Alzheimer's disease of late onset"	"NO READ CODE"	"230268000"
"5005711000006119"	"Progressive aphasia in Alzheimer's disease"	"NO READ CODE"	"230280008"
"914941000006112"	"[D] Dementia"	"NO READ CODE"	"914941000006108"
"914951000006114"	"[D] Dementia in Alzheimer's disease"	"NO READ CODE"	"914951000006105"
"914931000006119"	"[D] Dementia with Lewy bodies"	"NO READ CODE"	"914931000006103"
"914921000006117"	"[D] Vascular dementia"	"NO READ CODE"	"914921000006101"
"939491000006118"	"[RFC] Dementia"	"NO READ CODE"	"939491000006102"
"359081000006118"	"[X] Presenile dementia NOS"	"Eu02z11"	"12348006"
"359141000006111"	"[X] Senile dementia NOS"	"Eu02z14"	"15662003"
"359151000006113"	"[X] Senile dementia, depressed or paranoid type"	"Eu02z16"	"191457008"
"362941000006113"	"[X]Alcoholic dementia NOS"	"Eu10711"	"281004"
"363021000006113"	"[X]Alzheimer's dementia unspec"	"Eu00z11"	"26929004"
"363791000006112"	"[X]Arteriosclerotic dementia"	"Eu01.11"	"56267009"
"295714013"	"[X]Delirium superimposed on dementia"	"Eu04100"	"2776000"
"295671015"	"[X]Dementia in Alzheimer's dis, atypical or mixed type"	"Eu00200"	"26929004"
"295668011"	"[X]Dementia in Alzheimer's disease"	"Eu00.00"	"26929004"
"295672010"	"[X]Dementia in Alzheimer's disease, unspecified"	"Eu00z00"	"26929004"
"376571000006116"	"[X]Dementia in human immunodef virus [HIV] disease"	"Eu02400"	"421529006"
"295690011"	"[X]Dementia in other specified diseases classif elsewhere"	"Eu02y00"	"191519005"
"399031000006111"	"[X]Multi-infarct dementia"	"Eu01100"	"56267009"
"295680015"	"[X]Other vascular dementia"	"Eu01y00"	"429998004"
"423221000006117"	"[X]Predominantly cortical dementia"	"Eu01111"	"56267009"
"423351000006115"	"[X]Presenile dementia,Alzheimer's type"	"Eu00011"	"416780008"
"423381000006111"	"[X]Primary degen dementia of Alzheimer's type, senile onset"	"Eu00113"	"416975007"
"423391000006114"	"[X]Primary degen dementia, Alzheimer's type, presenile onset"	"Eu00012"	"416780008"
"425901000006116"	"[X]Senile dementia,Alzheimer's type"	"Eu00112"	"416975007"
"295681016"	"[X]Vascular dementia, unspecified"	"Eu01z00"	"429998004"
"6973461000006110"	"Acquired immune deficiency syndrome dementia complex"	"NO READ CODE"	"421529006"
"346929012"	"Alcoholic dementia"	"E012.11"	"281004"
"8024641000006111"	"Altered behaviour in Huntington's dementia"	"NO READ CODE"	"82361000119107"
"2931251000006113"	"Alzheimer dementia"	"NO READ CODE"	"26929004"
"5005421000006117"	"Amyotrophic lateral sclerosis with dementia"	"NO READ CODE"	"230258005"
"497559016"	"Arteriosclerotic dementia"	"E004.00"	"56267009"
"294656010"	"Arteriosclerotic dementia NOS"	"E004z00"	"56267009"
"294653019"	"Arteriosclerotic dementia with delirium"	"E004100"	"191464005"
"294655014"	"Arteriosclerotic dementia with depression"	"E004300"	"191466007"
"294654013"	"Arteriosclerotic dementia with paranoia"	"E004200"	"191465006"
"12106391000006112"	"Behavioral and psychological symptoms of dementia"	"NO READ CODE"	"10171000132106"
"12106351000006118"	"Behavioural and psychological symptoms of dementia"	"NO READ CODE"	"10171000132106"
"7755121000006115"	"Behavioural variant of frontotemporal dementia"	"NO READ CODE"	"716994006"
"12106371000006111"	"BPSD - behavioral and psychological symptoms of dementia"	"NO READ CODE"	"10171000132106"
"12106381000006114"	"BPSD - behavioural and psychological symptoms of dementia"	"NO READ CODE"	"10171000132106"
"4768981000006114"	"Cerebral degeneration due to Creutzfeldt-Jakob disease"	"NO READ CODE"	"192818008"
"542651000006110"	"Cerebral degeneration due to Jakob - Creutzfeldt disease"	"F11x700"	"192818008"
"296991018"	"Cerebral degeneration in Niemann-Pick disease"	"F102100"	"192792002"
"359101000006114"	"Cerebral degeneration presenting primarily with dementia"	"Eu02z13"	"279982005"
"2510981000006118"	"CJD - Creutzfeldt-Jakob disease"	"NO READ CODE"	"792004"
"13943181000006116"	"Classical sporadic Creutzfeldt-Jakob disease"	"NO READ CODE"	"840452004"
"3802671000006118"	"Cortical Lewy body disease"	"NO READ CODE"	"80098002"
"13934381000006118"	"Cortical vascular dementia"	"NO READ CODE"	"833326008"
"2510951000006114"	"Creutzfeldt-Jakob disease"	"NO READ CODE"	"792004"
"7874771000006117"	"Delirium superimposed on dementia"	"NO READ CODE"	"725898002"
"359241000006119"	"Dementia"	"Eu02z00"	"52448006"
"882171000006115"	"Dementia"	"E00..97"	"268612007"
"6973421000006116"	"Dementia associated with AIDS"	"NO READ CODE"	"421529006"
"2502971000006115"	"Dementia associated with alcoholism"	"NO READ CODE"	"281004"
"295684012"	"Dementia associated with another disease"	"Eu02.00"	"191519005"
"7510741000006111"	"Dementia associated with multiple sclerosis"	"NO READ CODE"	"698626001"
"7510731000006118"	"Dementia associated with normal pressure hydrocephalus"	"NO READ CODE"	"698625002"
"7043661000006117"	"Dementia associated with Parkinson Disease"	"NO READ CODE"	"425390006"
"7043651000006119"	"Dementia associated with Parkinson's Disease"	"NO READ CODE"	"425390006"
"1823871000006112"	"Dementia confirmed"	"NO READ CODE"	"1823871000006108"
"7710381000006117"	"Dementia co-occurrent with human immunodeficiency virus infection"	"NO READ CODE"	"713844000"
"3636474012"	"Dementia due to and following injury of head"	"NO READ CODE"	"762351006"
"7955111000006116"	"Dementia due to chronic subdural haematoma"	"NO READ CODE"	"733191004"
"295686014"	"Dementia due to Creutzfeldt Jakob disease"	"Eu02100"	"429458009"
"295687017"	"Dementia due to Huntington chorea"	"Eu02200"	"442344002"
"7263021000006116"	"Dementia due to Huntingtons disease"	"NO READ CODE"	"442344002"
"8031771000006112"	"Dementia due to Parkinson disease"	"NO READ CODE"	"101421000119107"
"8031761000006117"	"Dementia due to Parkinsons disease"	"NO READ CODE"	"101421000119107"
"8031751000006119"	"Dementia due to Parkinson's disease"	"NO READ CODE"	"101421000119107"
"8009531000006112"	"Dementia due to Pick disease"	"NO READ CODE"	"21921000119103"
"8009521000006114"	"Dementia due to Picks disease"	"NO READ CODE"	"21921000119103"
"295685013"	"Dementia due to Pick's disease"	"Eu02000"	"21921000119103"
"1972341000006111"	"Dementia in Alzheimer's dis, atypical or mixed type, other mixed symptoms"	"NO READ CODE"	"1972341000006107"
"1972251000006119"	"Dementia in Alzheimer's dis, atypical or mixed type, other symptoms, predominantly delusional"	"NO READ CODE"	"1972251000006103"
"1972311000006112"	"Dementia in Alzheimer's dis, atypical or mixed type, other symptoms, predominantly depressive"	"NO READ CODE"	"1972311000006108"
"1972291000006113"	"Dementia in Alzheimer's dis, atypical or mixed type, other symptoms, predominantly hallucinatory"	"NO READ CODE"	"1972291000006109"
"1972231000006114"	"Dementia in Alzheimer's dis, atypical or mixed type, without additional symptoms"	"NO READ CODE"	"1972231000006105"
"6900241000006112"	"Dementia in Alzheimer's disease - type 1"	"NO READ CODE"	"416975007"
"6897271000006114"	"Dementia in Alzheimer's disease - type 2"	"NO READ CODE"	"416780008"
"376531000006119"	"Dementia in Alzheimer's disease with early onset"	"Eu00000"	"416780008"
"1972141000006113"	"Dementia in Alzheimer's disease with early onset, other mixed symptoms"	"NO READ CODE"	"1972141000006109"
"1971541000006114"	"Dementia in Alzheimer's disease with early onset, other symptoms, predominantly delusional"	"NO READ CODE"	"1971541000006105"
"1972131000006115"	"Dementia in Alzheimer's disease with early onset, other symptoms, predominantly depressive"	"NO READ CODE"	"1972131000006104"
"1971771000006112"	"Dementia in Alzheimer's disease with early onset, other symptoms, predominantly hallucinatory"	"NO READ CODE"	"1971771000006108"
"1971401000006111"	"Dementia in Alzheimer's disease with early onset, without additional symptoms"	"NO READ CODE"	"1971401000006107"
"376541000006112"	"Dementia in Alzheimer's disease with late onset"	"Eu00100"	"416975007"
"1972211000006115"	"Dementia in Alzheimer's disease with late onset, other mixed symptoms"	"NO READ CODE"	"1972211000006104"
"1972181000006119"	"Dementia in Alzheimer's disease with late onset, other symptoms, predominantly delusional"	"NO READ CODE"	"1972181000006103"
"1972201000006118"	"Dementia in Alzheimer's disease with late onset, other symptoms, predominantly depressive"	"NO READ CODE"	"1972201000006102"
"1972191000006116"	"Dementia in Alzheimer's disease with late onset, other symptoms, predominantly hallucinatory"	"NO READ CODE"	"1972191000006100"
"1972171000006117"	"Dementia in Alzheimer's disease with late onset, without additional symptoms"	"NO READ CODE"	"1972171000006101"
"1972471000006111"	"Dementia in Alzheimer's disease, unspecified, other mixed symptoms"	"NO READ CODE"	"1972471000006107"
"1972401000006117"	"Dementia in Alzheimer's disease, unspecified, other symptoms, predominantly delusional"	"NO READ CODE"	"1972401000006101"
"1972451000006118"	"Dementia in Alzheimer's disease, unspecified, other symptoms, predominantly depressive"	"NO READ CODE"	"1972451000006102"
"1972371000006115"	"Dementia in Alzheimer's disease, unspecified, without additional symptoms"	"NO READ CODE"	"1972371000006104"
"295688010"	"Dementia in Parkinsons disease"	"Eu02300"	"425390006"
"5618261000006114"	"Dementia of frontal lobe type"	"NO READ CODE"	"278857002"
"7969281000006110"	"Dementia of the Alzheimer type with behavioural disturbance"	"NO READ CODE"	"1581000119101"
"6897241000006118"	"Dementia of the Alzheimers type with early onset"	"NO READ CODE"	"416780008"
"6900201000006110"	"Dementia of the Alzheimers type, late onset"	"NO READ CODE"	"416975007"
"3802651000006111"	"Dementia of the Lewy body type"	"NO READ CODE"	"80098002"
"1949621000006118"	"Dementia stage at diagnosis"	"NO READ CODE"	"1949621000006102"
"1949631000006115"	"Dementia stage at diagnosis - early (mild)"	"NO READ CODE"	"1949631000006104"
"1949651000006110"	"Dementia stage at diagnosis - late (severe)"	"NO READ CODE"	"1949651000006106"
"1949641000006113"	"Dementia stage at diagnosis - mid (moderate)"	"NO READ CODE"	"1949641000006109"
"1949671000006117"	"Dementia stage at diagnosis - not known"	"NO READ CODE"	"1949671000006101"
"1949661000006112"	"Dementia stage at diagnosis - undetermined"	"NO READ CODE"	"1949661000006108"
"7969371000006115"	"Dementia with behavioural disturbance"	"NO READ CODE"	"1591000119103"
"7955161000006118"	"Dementia with Down syndrome"	"NO READ CODE"	"733194007"
"12370661000006114"	"Dementia with mixed aetiology"	"NO READ CODE"	"79341000119107"
"12370641000006110"	"Dementia with mixed etiology"	"NO READ CODE"	"79341000119107"
"5618271000006119"	"DFT - Dementia frontal lobe type"	"NO READ CODE"	"278857002"
"2649061000006115"	"Dialysis dementia"	"NO READ CODE"	"9345005"
"299641000000112"	"Diffuse Lewy body disease"	"Eu02500"	"80098002"
"3189531000006118"	"Diffuse Lewy body disease with spongiform cortical change"	"NO READ CODE"	"42769004"
"294688019"	"Drug-induced dementia"	"E02y100"	"191493005"
"8014401000006116"	"Early onset dementia with delusions"	"NO READ CODE"	"31081000119101"
"7863681000006115"	"Epilepsy co-occurrent and due to dementia"	"NO READ CODE"	"724992007"
"8024691000006119"	"Epileptic dementia with behavioural disturbance"	"NO READ CODE"	"82381000119103"
"5005601000006112"	"Frontotemporal dementia"	"NO READ CODE"	"230270009"
"7560531000006110"	"Frontotemporal dementia with parkinsonism-17"	"NO READ CODE"	"702429008"
"7840631000006118"	"Ischaemic vascular dementia"	"NO READ CODE"	"723123001"
"2386018"	"Jakob-Creutzfeldt disease"	"A411.00"	"792004"
"3802641000006114"	"LBD - Lewy body disease"	"NO READ CODE"	"80098002"
"6024071000006116"	"Lewy body dementia"	"NO READ CODE"	"312991009"
"8042801000006115"	"Lewy body dementia with behavioral disturbance"	"NO READ CODE"	"135811000119107"
"8042791000006116"	"Lewy body dementia with behavioural disturbance"	"NO READ CODE"	"135811000119107"
"745381000006119"	"Lewy body disease"	"F116.00"	"80098002"
"3802621000006119"	"Lewy body variant of Alzheimer's disease"	"NO READ CODE"	"80098002"
"1972431000006113"	"Mental & behav dis due to cannabinoids: resid & late-onset psychot dis, dementia"	"NO READ CODE"	"1972431000006109"
"1971661000006114"	"Mental & behav dis due to seds/hypntcs: resid & late-onset psychot dis, dementia"	"NO READ CODE"	"1971661000006105"
"1974931000006114"	"Mental & behav dis due to tobacco: resid & late-onset psychot dis, dementia"	"NO READ CODE"	"1974931000006105"
"1975591000006119"	"Mental & behav dis due to use alcohol: resid & late-onset psychot dis, dementia"	"NO READ CODE"	"1975591000006103"
"1973941000006119"	"Mental & behav dis due to use cocaine: resid & late-onset psychot dis, dementia"	"NO READ CODE"	"1973941000006103"
"1971701000006118"	"Mental & behav dis due to use opioids: resid & late-onset psychot dis, dementia"	"NO READ CODE"	"1971701000006102"
"1973711000006116"	"Mental and behav dis due to hallucinogens: resid & late-onset psychot dis, dementia"	"NO READ CODE"	"1973711000006100"
"1976091000006118"	"Mental and behav dis due to other stimulants inc caffeine: resid/late-onset psycht dis, dementia"	"NO READ CODE"	"1976091000006102"
"1973171000006112"	"Mental and behav dis due to vol solvents: resid & late-onset psychotic dis, dementia"	"NO READ CODE"	"1973171000006108"
"1974271000006119"	"Mental and behav dis mlti drg use/oth psych subs: resid/late psychot dis, dementia"	"NO READ CODE"	"1974271000006103"
"3414231000006117"	"MID - Multi-infarct dementia"	"NO READ CODE"	"56267009"
"398571000006112"	"Mixed cortical and subcortical vascular dementia"	"Eu01300"	"230287006"
"1972931000006117"	"Mixed cortical and subcortical vascular dementia, other mixed symptoms"	"NO READ CODE"	"1972931000006101"
"1972831000006110"	"Mixed cortical and subcortical vascular dementia, other symptoms, predominantly delusional"	"NO READ CODE"	"1972831000006106"
"1972911000006111"	"Mixed cortical and subcortical vascular dementia, other symptoms, predominantly depressive"	"NO READ CODE"	"1972911000006107"
"1972871000006113"	"Mixed cortical and subcortical vascular dementia, other symptoms, predominantly hallucinatory"	"NO READ CODE"	"1972871000006109"
"1972821000006112"	"Mixed cortical and subcortical vascular dementia, without additional symptoms"	"NO READ CODE"	"1972821000006108"
"8024201000006111"	"Mixed dementia"	"NO READ CODE"	"79341000119107"
"696161000006115"	"Multi-infarct dementia"	"E004.11"	"56267009"
"2912321000006113"	"Multi-infarct dementia with delusions"	"NO READ CODE"	"25772007"
"1972681000006112"	"Multi-infarct dementia, other mixed symptoms"	"NO READ CODE"	"1972681000006108"
"1972661000006119"	"Multi-infarct dementia, other symptoms, predominantly depressive"	"NO READ CODE"	"1972661000006103"
"3653671000006113"	"Multi-infarct dementia, uncomplicated"	"NO READ CODE"	"70936005"
"12370651000006112"	"MVAD - Mixed vascular Alzheimer dementia"	"NO READ CODE"	"79341000119107"
"401760017"	"Other alcoholic dementia"	"E012.00"	"281004"
"1973401000006112"	"Other vascular dementia, other mixed symptoms"	"NO READ CODE"	"1973401000006108"
"1973271000006117"	"Other vascular dementia, other symptoms, predominantly delusional"	"NO READ CODE"	"1973271000006101"
"1973381000006112"	"Other vascular dementia, other symptoms, predominantly depressive"	"NO READ CODE"	"1973381000006108"
"1973341000006118"	"Other vascular dementia, other symptoms, predominantly hallucinatory"	"NO READ CODE"	"1973341000006102"
"1973221000006118"	"Other vascular dementia, without additional symptoms"	"NO READ CODE"	"1973221000006102"
"3511181000006115"	"Parkinson-dementia complex of Guam"	"NO READ CODE"	"62239001"
"2707661000006119"	"Pick disease"	"NO READ CODE"	"13092008"
"22408016"	"Pick's disease"	"F111.00"	"13092008"
"7511421000006118"	"Post-traumatic dementia with behavioural change"	"NO READ CODE"	"698687007"
"2729791000000114"	"Predominantly cortical vascular dementia"	"NO READ CODE"	"1089531000000108"
"21256010"	"Presenile dementia"	"E001.00"	"12348006"
"294643015"	"Presenile dementia NOS"	"E001z00"	"12348006"
"294638010"	"Presenile dementia with delirium"	"E001100"	"191452002"
"294642013"	"Presenile dementia with depression"	"E001300"	"191455000"
"294641018"	"Presenile dementia with paranoia"	"E001200"	"191454001"
"6897251000006116"	"Presenile dementia, Alzheimer's type"	"NO READ CODE"	"416780008"
"8010111000006117"	"Primary degenerative dementia"	"NO READ CODE"	"22381000119105"
"6897211000006117"	"Primary degenerative dementia of the Alzheimer type, presenile onset"	"NO READ CODE"	"416780008"
"2603271000006110"	"Primary degenerative dementia of the Alzheimer type, presenile onset, uncomplicated"	"NO READ CODE"	"6475002"
"6900181000006114"	"Primary degenerative dementia of the Alzheimer type, senile onset"	"NO READ CODE"	"416975007"
"3575041000006117"	"Primary degenerative dementia of the Alzheimer type, senile onset, uncomplicated"	"NO READ CODE"	"66108005"
"2575731000006115"	"Primary degenerative dementia of the Alzheimer type, senile onset, with delirium"	"NO READ CODE"	"4817008"
"2929931000006112"	"Primary degenerative dementia of the Alzheimer type, senile onset, with depression"	"NO READ CODE"	"26852004"
"12626321000006119"	"QOF (Quality and Outcomes Framework) dementia quality indicator-related care invitation"	"NO READ CODE"	"1110901000000109"
"12734321000006118"	"QOF (Quality and Outcomes Framework) dementia quality indicator-related care invitation using preferred method of communication"	"NO READ CODE"	"143381000000102"
"7843521000006113"	"Rapidly progressive dementia"	"NO READ CODE"	"723390000"
"6900221000006117"	"SDAT - Senile dementia, Alzheimer's type"	"NO READ CODE"	"416975007"
"5005871000006119"	"Semantic dementia"	"NO READ CODE"	"230288001"
"882191000006119"	"Senile and presenile dementias"	"E00..99"	"268612007"
"882941000006113"	"Senile brain degeneration"	"F112.99"	"45864009"
"76484016"	"Senile degeneration of brain"	"F112.00"	"45864009"
"26545010"	"Senile dementia"	"E00..11"	"15662003"
"882201000006116"	"Senile dementia - simple type"	"E000.99"	"191449005"
"6024061000006111"	"Senile dementia of the Lewy body type"	"NO READ CODE"	"312991009"
"294648012"	"Senile dementia with delirium"	"E003.00"	"191461002"
"6348031000006112"	"Senile dementia with delusion"	"NO READ CODE"	"371024007"
"294646011"	"Senile dementia with depression"	"E002100"	"191459006"
"294644014"	"Senile dementia with depressive or paranoid features"	"E002.00"	"191457008"
"294647019"	"Senile dementia with depressive or paranoid features NOS"	"E002z00"	"191457008"
"294645010"	"Senile dementia with paranoia"	"E002000"	"191458003"
"6348061000006115"	"Senile dementia with psychosis"	"NO READ CODE"	"371026009"
"882211000006118"	"Senile dementia-acute confused"	"E003.99"	"191461002"
"148381000006115"	"Senile/presenile dementia"	"E00..12"	"52448006"
"2366181000000114"	"Sporadic CJD (Creutzfeldt-Jakob disease)"	"A411011"	"713060000"
"2366171000000112"	"Sporadic Creutzfeldt-Jakob disease"	"A411000"	"713060000"
"3964661000006114"	"Subcortical atherosclerotic dementia"	"NO READ CODE"	"90099008"
"3635492010"	"Subcortical dementia"	"NO READ CODE"	"762707000"
"428201000006119"	"Subcortical vascular dementia"	"Eu01200"	"230286002"
"1972791000006115"	"Subcortical vascular dementia, other mixed symptoms"	"NO READ CODE"	"1972791000006104"
"1972731000006119"	"Subcortical vascular dementia, other symptoms, predominantly delusional"	"NO READ CODE"	"1972731000006103"
"1972751000006114"	"Subcortical vascular dementia, other symptoms, predominantly hallucinatory"	"NO READ CODE"	"1972751000006105"
"1972711000006113"	"Subcortical vascular dementia, without additional symptoms"	"NO READ CODE"	"1972711000006109"
"294652012"	"Uncomplicated arteriosclerotic dementia"	"E004000"	"191463004"
"294637017"	"Uncomplicated presenile dementia"	"E001000"	"191451009"
"294635013"	"Uncomplicated senile dementia"	"E000.00"	"191449005"
"1972081000006115"	"Unspecified dementia, other mixed symptoms"	"NO READ CODE"	"1972081000006104"
"1972041000006114"	"Unspecified dementia, other symptoms, predominantly delusional"	"NO READ CODE"	"1972041000006105"
"1972071000006118"	"Unspecified dementia, other symptoms, predominantly depressive"	"NO READ CODE"	"1972071000006102"
"1972061000006113"	"Unspecified dementia, other symptoms, predominantly hallucinatory"	"NO READ CODE"	"1972061000006109"
"1972021000006119"	"Unspecified dementia, without additional symptoms"	"NO READ CODE"	"1972021000006103"
"3414251000006112"	"VAD - Vascular dementia"	"NO READ CODE"	"56267009"
"1805751000006115"	"Variant Creutzfeldt-Jakob disease"	"NO READ CODE"	"304603007"
"431681000006117"	"Vascular dementia"	"Eu01.00"	"429998004"
"431691000006119"	"Vascular dementia of acute onset"	"Eu01000"	"230285003"
"1972571000006110"	"Vascular dementia of acute onset, other mixed symptoms"	"NO READ CODE"	"1972571000006106"
"1972501000006116"	"Vascular dementia of acute onset, other symptoms, predominantly delusional"	"NO READ CODE"	"1972501000006100"
"1972481000006114"	"Vascular dementia of acute onset, without additional symptoms"	"NO READ CODE"	"1972481000006105"
"8089241000006117"	"Vascular dementia with behavioral disturbance"	"NO READ CODE"	"288631000119104"
"8089231000006110"	"Vascular dementia with behavioural disturbance"	"NO READ CODE"	"288631000119104"
"1976831000006111"	"Vascular dementia, unspecified, other mixed symptoms"	"NO READ CODE"	"1976831000006107"
"1973531000006117"	"Vascular dementia, unspecified, other symptoms, predominantly hallucinatory"	"NO READ CODE"	"1973531000006101"
"1973461000006113"	"Vascular dementia, unspecified, without additional symptoms"	"NO READ CODE"	"1973461000006109"
"2664611000006117"	"Vascular dementia, with delirium"	"NO READ CODE"	"10349009"
"251625013"	"H/O: dementia"	"1461.00"	"161465002"
"1820331000006111"	"History of Creutzfeldt-Jakob disease"	"NO READ CODE"	"1820331000006107"
"4539871000006116"	"History of dementia"	"NO READ CODE"	"161465002"
"1932091000006115"	"3D study - problems with dementia management"	"NO READ CODE"	"1932091000006104"
"8028391000006119"	"Anti-dementia drug therapy"	"NO READ CODE"	"92001000000104"
"2290431000000110"	"Antipsychotic drug therapy for dementia"	"8BPa.00"	"700214004"
"2445471000000112"	"Dementia advance care plan"	"8CMe000"	"959361000000105"
"2743011000000119"	"Dementia advance care plan agreed"	"NO READ CODE"	"1095121000000102"
"2345881000000115"	"Dementia advance care plan agreed"	"8CSA.00"	"1095121000000102"
"2345801000000113"	"Dementia advance care plan declined"	"8IAe000"	"956881000000103"
"2445691000000113"	"Dementia advance care plan review declined"	"8IAe200"	"959461000000102"
"12116721000006112"	"Dementia advance care planning declined"	"NO READ CODE"	"1098271000000104"
"408401000000119"	"Dementia annual review"	"6AB..00"	"249181000000100"
"2248021000000110"	"Dementia care plan"	"8CMZ.00"	"736371006"
"11930781000006119"	"Dementia care plan"	"NO READ CODE"	"869791000000101"
"1834091000006117"	"Dementia care plan"	"NO READ CODE"	"1834091000006101"
"2439591000000113"	"Dementia care plan agreed"	"8CMZ000"	"956841000000106"
"2439671000000110"	"Dementia care plan declined"	"8CMZ200"	"956881000000103"
"2439711000000111"	"Dementia care plan review declined"	"8CMZ300"	"956901000000100"
"2439631000000113"	"Dementia care plan reviewed"	"8CMZ100"	"956861000000107"
"6452391000006116"	"Dementia management"	"NO READ CODE"	"386257007"
"2403101000000116"	"Dementia medication review"	"8BM0200"	"938551000000108"
"1916981000006111"	"Dementia medication review"	"NO READ CODE"	"1916981000006107"
"407461000000119"	"Dementia monitoring"	"66h..00"	"248711000000102"
"406841000000115"	"Dementia monitoring administration"	"9Ou..00"	"713821000000106"
"408361000000111"	"Dementia monitoring first letter"	"9Ou1.00"	"715821000000107"
"1856601000006111"	"Dementia monitoring in primary care"	"NO READ CODE"	"1856601000006107"
"1856611000006114"	"Dementia monitoring in secondary care"	"NO READ CODE"	"1856611000006105"
"8214731000006110"	"Dementia monitoring invitation"	"NO READ CODE"	"711441000000100"
"408421000000111"	"Dementia monitoring second letter"	"9Ou2.00"	"717471000000101"
"408501000000115"	"Dementia monitoring telephone invitation"	"9Ou5.00"	"716991000000108"
"408461000000115"	"Dementia monitoring third letter"	"9Ou3.00"	"716671000000102"
"408481000000112"	"Dementia monitoring verbal invitation"	"9Ou4.00"	"716221000000104"
"1950571000006111"	"Dementia PDS (Scot) - peer support status"	"NO READ CODE"	"1950571000006107"
"1950501000006117"	"Dementia PDS (Scot) - planning for future care status"	"NO READ CODE"	"1950501000006101"
"1950641000006119"	"Dementia PDS (Scot) - supporting community connections status"	"NO READ CODE"	"1950641000006103"
"1950651000006117"	"Dementia PDS (Scot) support community connections - pillar met"	"NO READ CODE"	"1950651000006101"
"1950731000006115"	"Dementia PDS planning future decisn-making -pillar partially met"	"NO READ CODE"	"1950731000006104"
"1949721000006114"	"Dementia post diagnostic support (PDS) - transition arrangements"	"NO READ CODE"	"1949721000006105"
"1949771000006110"	"Dementia post diagnostic support (PDS)(Scot)- 5 pillar model"	"NO READ CODE"	"1949771000006106"
"1949611000006114"	"Dementia post diagnostic support (Scotland)"	"NO READ CODE"	"1949611000006105"
"915111000006112"	"Dementia review"	"NO READ CODE"	"915111000006108"
"915121000006116"	"Dementia review with third party"	"NO READ CODE"	"915121000006100"
"1949711000006118"	"Dementia support plan (Scot) absent at 12 months"	"NO READ CODE"	"1949711000006102"
"1949691000006116"	"Dementia support plan (Scot) in place at 12 months"	"NO READ CODE"	"1949691000006100"
"1949701000006116"	"Dementia support plan (Scot) partly in place at 12 months"	"NO READ CODE"	"1949701000006100"
"1856631000006115"	"Did not attend dementia monitoring"	"NO READ CODE"	"1856631000006104"
"2742971000000119"	"Offer of dementia advance care planning review declined"	"NO READ CODE"	"1095101000000106"
"1949681000006119"	"Person centred dementia support plan (Scotland)"	"NO READ CODE"	"1949681000006103"
"2742991000000115"	"Review of dementia advance care plan"	"NO READ CODE"	"1095111000000108"
"2345931000000111"	"Review of dementia advance care plan"	"8CMG200"	"956861000000107"
"2620431000000115"	"Shared care prescribing of drug for dementia"	"NO READ CODE"	"719787003"
"2620471000000118"	"Shared care prescribing of drugs for dementia declined"	"NO READ CODE"	"720022007"
