medcodeid	da	category	term	snomedctconceptid	readcode
"296209016"	"mood/affective disorder"	"diagnostic"	"[X]Other mood affective disorders"	"46206005"	"Eu3y.00"
"296207019"	"mood/affective disorder"	"diagnostic"	"[X]Other persistent mood affective disorders"	"386782008"	"Eu34y00"
"401878016"	"mood/affective disorder"	"diagnostic"	"[X]Other recurrent mood affective disorders"	"386782008"	"Eu3y100"
"401877014"	"mood/affective disorder"	"diagnostic"	"[X]Other single mood affective disorders"	"46206005"	"Eu3y000"
"296218019"	"mood/affective disorder"	"diagnostic"	"[X]Other specified mood affective disorders"	"46206005"	"Eu3yy00"
"296208012"	"mood/affective disorder"	"diagnostic"	"[X]Persistent mood affective disorder, unspecified"	"386782008"	"Eu34z00"
"401879012"	"mood/affective disorder"	"diagnostic"	"[X]Unspecified mood affective disorder"	"46206005"	"Eu3z.00"
"398851000006117"	"mood/affective disorder"	"diagnostic"	"Affective disorder"	"46206005"	"Eu3..00"
"8366861000006113"	"mood/affective disorder"	"diagnostic"	"Current View Provisional Problem Description item 9 - depression/low mood"	"986901000000108"	"NO READ CODE"
"8089331000006119"	"mood/affective disorder"	"diagnostic"	"Opioid-induced mood disorder due to opioid dependence"	"288861000119108"	"NO READ CODE"
"1976411000006115"	"mood/affective disorder"	"diagnostic"	"Other recurrent mood affective disorders, recurrent brief depressive disorder"	"1976411000006104"	"NO READ CODE"
"1976371000006116"	"mood/affective disorder"	"diagnostic"	"Other single mood affective disorders, mixed affective episode"	"1976371000006100"	"NO READ CODE"
"369982012"	"mood/affective disorder"	"diagnostic"	"Seasonal affective disorder"	"247803002"	"E118.00"
"908731000006114"	"maternal/parental-related"	"diagnostic"	"[RFC] Postnatal depression"	"908731000006105"	"NO READ CODE"
"423131000006113"	"maternal/parental-related"	"diagnostic"	"[X]Postnatal depression NOS"	"58703003"	"Eu53011"
"13902421000006110"	"maternal/parental-related"	"diagnostic"	"Antenatal depression"	"788120007"	"NO READ CODE"
"1785881000006119"	"maternal/parental-related"	"diagnostic"	"Antenatal depression"	"790961000000101"	"Eu32B00"
"2620391000000111"	"maternal/parental-related"	"diagnostic"	"Maternal postnatal depression"	"1038261000000100"	"NO READ CODE"
"5106051000006119"	"maternal/parental-related"	"diagnostic"	"Mild postnatal depression"	"237349002"	"NO READ CODE"
"7991681000006114"	"maternal/parental-related"	"diagnostic"	"Perinatal depression"	"10211000132109"	"NO READ CODE"
"853871000006111"	"maternal/parental-related"	"diagnostic"	"Post natal depression"	"853871000006107"	"NO READ CODE"
"223651000000118"	"maternal/parental-related"	"diagnostic"	"Postpartum depression"	"58703003"	"E204.11"
"5106061000006117"	"maternal/parental-related"	"diagnostic"	"Severe postnatal depression"	"237350002"	"NO READ CODE"
"376701000006116"	"depression"	"diagnostic"	"[X]Depressive conduct disorder"	"231542000"	"Eu92000"
"423141000006115"	"depression"	"diagnostic"	"[X]Postpartum depression NOS"	"58703003"	"Eu53012"
"423041000006119"	"depression"	"diagnostic"	"[X]Post-schizophrenic depression"	"231485007"	"Eu20400"
"5024511000006118"	"depression"	"diagnostic"	"Depressive conduct disorder"	"231542000"	"NO READ CODE"
"14013791000006119"	"depression"	"diagnostic"	"Depressive disorder caused by methamphetamine"	"16238221000119109"	"NO READ CODE"
"294690018"	"depression"	"diagnostic"	"Drug-induced depressive state"	"191495003"	"E02y300"
"1972111000006114"	"depression"	"diagnostic"	"Organic depressive disorder"	"1972111000006105"	"NO READ CODE"
"3837121000006116"	"depression"	"diagnostic"	"Postoperative depression"	"82218004"	"NO READ CODE"
"3517985017"	"depression"	"diagnostic"	"Postpartum major depression in remission"	"104851000119103"	"NO READ CODE"
"5023901000006110"	"depression"	"diagnostic"	"Post-schizophrenic depression"	"231485007"	"NO READ CODE"
"1975191000006114"	"depression"	"diagnostic"	"Post-schizophrenic depression, continuous"	"1975191000006105"	"NO READ CODE"
"1975321000006114"	"depression"	"diagnostic"	"Post-schizophrenic depression, course uncertain, period of observation too short"	"1975321000006105"	"NO READ CODE"
"1975261000006113"	"depression"	"diagnostic"	"Post-schizophrenic depression, episodic remittent"	"1975261000006109"	"NO READ CODE"
"1975211000006110"	"depression"	"diagnostic"	"Post-schizophrenic depression, episodic with progressive deficit"	"1975211000006106"	"NO READ CODE"
"1975231000006116"	"depression"	"diagnostic"	"Post-schizophrenic depression, episodic with stable deficit"	"1975231000006100"	"NO READ CODE"
"1976921000006116"	"depression"	"diagnostic"	"Post-schizophrenic depression, other"	"1976921000006100"	"NO READ CODE"
"295536013"	"depression"	"diagnostic"	"Postviral depression"	"192079006"	"E2B0.00"
"202561000006114"	"depression"	"diagnostic"	"Prolonged depressive adjustment reaction"	"192049004"	"E291.00"
"1231868010"	"depression"	"diagnostic"	"Puerperal depression"	"58703003"	"62T1.00"
"294843018"	"depression"	"diagnostic"	"Recurrent major depression in full remission"	"46244001"	"E113600"
"359151000006113"	"dementia with depression"	"diagnostic"	"[X] Senile dementia, depressed or paranoid type"	"191457008"	"Eu02z16"
"294655014"	"dementia with depression"	"diagnostic"	"Arteriosclerotic dementia with depression"	"191466007"	"E004300"
"1972311000006112"	"dementia with depression"	"diagnostic"	"Dementia in Alzheimer's dis, atypical or mixed type, other symptoms, predominantly depressive"	"1972311000006108"	"NO READ CODE"
"1972131000006115"	"dementia with depression"	"diagnostic"	"Dementia in Alzheimer's disease with early onset, other symptoms, predominantly depressive"	"1972131000006104"	"NO READ CODE"
"1972201000006118"	"dementia with depression"	"diagnostic"	"Dementia in Alzheimer's disease with late onset, other symptoms, predominantly depressive"	"1972201000006102"	"NO READ CODE"
"1972451000006118"	"dementia with depression"	"diagnostic"	"Dementia in Alzheimer's disease, unspecified, other symptoms, predominantly depressive"	"1972451000006102"	"NO READ CODE"
"8044941000006117"	"dementia with depression"	"diagnostic"	"Depressed mood in Alzheimer's disease"	"142001000119106"	"NO READ CODE"
"1972911000006111"	"dementia with depression"	"diagnostic"	"Mixed cortical and subcortical vascular dementia, other symptoms, predominantly depressive"	"1972911000006107"	"NO READ CODE"
"1972661000006119"	"dementia with depression"	"diagnostic"	"Multi-infarct dementia, other symptoms, predominantly depressive"	"1972661000006103"	"NO READ CODE"
"1973381000006112"	"dementia with depression"	"diagnostic"	"Other vascular dementia, other symptoms, predominantly depressive"	"1973381000006108"	"NO READ CODE"
"294642013"	"dementia with depression"	"diagnostic"	"Presenile dementia with depression"	"191455000"	"E001300"
"2929931000006112"	"dementia with depression"	"diagnostic"	"Primary degenerative dementia of the Alzheimer type, senile onset, with depression"	"26852004"	"NO READ CODE"
"294646011"	"dementia with depression"	"diagnostic"	"Senile dementia with depression"	"191459006"	"E002100"
"294644014"	"dementia with depression"	"diagnostic"	"Senile dementia with depressive or paranoid features"	"191457008"	"E002.00"
"294647019"	"dementia with depression"	"diagnostic"	"Senile dementia with depressive or paranoid features NOS"	"191457008"	"E002z00"
"1972071000006118"	"dementia with depression"	"diagnostic"	"Unspecified dementia, other symptoms, predominantly depressive"	"1972071000006102"	"NO READ CODE"
"460274011"	"mood/affective disorder"	"history"	"History of affective disorder"	"429124005"	"ZV11100"
"8100481000006111"	"maternal/parental-related"	"history"	"History of postnatal depression"	"311611000000104"	"NO READ CODE"
"294621000000118"	"depression"	"history"	"Depression resolved"	"196381000000100"	"212S.00"
"1975281000006115"	"depression"	"history"	"Post-schizophrenic depression, incomplete remission"	"1975281000006104"	"NO READ CODE"
"2474716016"	"depression"	"history"	"Removed from depression register"	"413170007"	"9HA1.00"
"1488771018"	"maternal/parental-related"	"intervention"	"Postnatal depression counselling"	"395072006"	"6G00.00"
"473201000006114"	"psychoses with depression"	"diagnostic"	"Mood disorder"	"46206005"	"E11..00"
"5531851000006118"	"mood/affective disorder"	"diagnostic"	"Crying associated with mood"	"271951008"	"NO READ CODE"
"5964081000006117"	"mood/affective disorder"	"diagnostic"	"Cyclic mood swings"	"307076007"	"NO READ CODE"
"2164005017"	"mood/affective disorder"	"diagnostic"	"Depressed mood"	"366979004"	"1BT..00"
"5248901000006112"	"mood/affective disorder"	"diagnostic"	"Diurnal variation of mood"	"247800004"	"NO READ CODE"
"2164009011"	"mood/affective disorder"	"diagnostic"	"Low mood"	"366979004"	"1BT..11"
"983861000006115"	"mood/affective disorder"	"diagnostic"	"Sad mood"	"366979004"	"1BT..12"
"981611000006115"	"depression"	"diagnostic"	"Abnormal depressed feelings"	"981611000006104"	"NO READ CODE"
"295494011"	"depression"	"diagnostic"	"Brief depressive reaction NOS"	"192046006"	"E290z00"
"407062014"	"depression"	"diagnostic"	"C/O - feeling depressed"	"272022009"	"1B17.11"
"5359011000006112"	"depression"	"diagnostic"	"Depression - motion"	"255339005"	"NO READ CODE"
"5934641000006110"	"depression"	"diagnostic"	"Depressive position relationship"	"304862002"	"NO READ CODE"
"1650771000000113"	"depression"	"diagnostic"	"Suspected depression"	"473126001"	"1JJ..00"
"7483151000006113"	"depression"	"diagnostic"	"Suspected depressive disorder"	"473126001"	"NO READ CODE"
"1488626018"	"depression"	"diagnostic"	"Symptoms of depression"	"394924000"	"1B1U.00"
"398351000006110"	"with anxiety"	"diagnostic"	"[X]Mild anxiety depression"	"231504006"	"Eu41211"
"398561000006117"	"with anxiety"	"diagnostic"	"[X]Mixed anxiety and depressive disorder"	"231504006"	"Eu41200"
"419841000006116"	"with anxiety"	"diagnostic"	"[X]Persistant anxiety depression"	"231504006"	"Eu34114"
"5024071000006118"	"with anxiety"	"diagnostic"	"Anxiety depression"	"231504006"	"NO READ CODE"
"9901161000006119"	"with anxiety"	"diagnostic"	"Mild major depressive disorder co-occurrent with anxiety single episode"	"16265951000119109"	"NO READ CODE"
"488211000006112"	"with anxiety"	"diagnostic"	"Mixed anxiety and depressive disorder"	"231504006"	"E200300"
"1976491000006113"	"with anxiety"	"diagnostic"	"Mixed anxiety and depressive reaction"	"1976491000006109"	"NO READ CODE"
"9901261000006114"	"with anxiety"	"diagnostic"	"Moderate major depressive disorder co-occurrent with anxiety single episode"	"16266831000119100"	"NO READ CODE"
"12127561000006116"	"with anxiety"	"diagnostic"	"Recurrent major depressive disorder co-occurrent with anxiety in full remission"	"16265061000119105"	"NO READ CODE"
"12127571000006111"	"with anxiety"	"diagnostic"	"Recurrent major depressive disorder in partial remission co-occurrent with anxiety"	"16265301000119106"	"NO READ CODE"
"12127531000006113"	"with anxiety"	"diagnostic"	"Recurrent mild major depressive disorder co-occurrent with anxiety"	"16264621000119109"	"NO READ CODE"
"12127551000006118"	"with anxiety"	"diagnostic"	"Recurrent moderate major depressive disorder co-occurrent with anxiety"	"16264901000119109"	"NO READ CODE"
"12127541000006115"	"with anxiety"	"diagnostic"	"Recurrent severe major depressive disorder co-occurrent with anxiety"	"16264821000119108"	"NO READ CODE"
"9901281000006116"	"with anxiety"	"diagnostic"	"Severe major depressive disorder co-occurrent with anxiety single episode"	"16266991000119108"	"NO READ CODE"
"1755911000006110"	"mood/affective disorder"	"diagnostic"	"[X]Recurrent major depressive episodes, severe, with psychosis, psychosis in remission"	"755331000000108"	"Eu32A00"
"1755901000006112"	"mood/affective disorder"	"diagnostic"	"[X]Single major depressive episode, severe, with psychosis, psychosis in remission"	"755321000000106"	"Eu32900"
"376291000006118"	"mood/affective disorder"	"diagnostic"	"Cyclothymia"	"76105009"	"Eu34000"
"7739881000006110"	"mood/affective disorder"	"diagnostic"	"Disruptive mood dysregulation disorder"	"715924009"	"NO READ CODE"
"296204014"	"mood/affective disorder"	"diagnostic"	"Disturbance in affect"	"386782008"	"Eu34.00"
"2646121000006115"	"mood/affective disorder"	"diagnostic"	"Moderate mood disorder"	"9167000"	"NO READ CODE"
"3733211000006112"	"mood/affective disorder"	"diagnostic"	"Mood disorder, condition with depressive features"	"75837004"	"NO READ CODE"
"425411000006110"	"mood/affective disorder"	"diagnostic"	"SAD - Seasonal affective disorder"	"247803002"	"Eu33.15"
"5627831000006114"	"mood/affective disorder"	"diagnostic"	"Seasonal variation of mood"	"279571009"	"NO READ CODE"
"7849101000006112"	"mood/affective disorder"	"diagnostic"	"Secondary mood disorder"	"723912004"	"NO READ CODE"
"3767531000006119"	"mood/affective disorder"	"diagnostic"	"Severe major depression, single episode, with psychotic features, mood-congruent"	"77911002"	"NO READ CODE"
"1222477019"	"depression"	"diagnostic"	"[D]Postoperative depression"	"82218004"	"R007z13"
"909681000006110"	"depression"	"diagnostic"	"[RFC] Depression"	"909681000006106"	"NO READ CODE"
"426891000006114"	"depression"	"diagnostic"	"[X] Single episode agitated depression without psychotic symptoms"	"310497006"	"Eu32211"
"366561000006119"	"depression"	"diagnostic"	"[X]Atypical depression"	"191659001"	"Eu32y11"
"376711000006118"	"depression"	"diagnostic"	"[X]Depressive disorder NOS"	"35489007"	"Eu32z12"
"401872015"	"depression"	"diagnostic"	"[X]Depressive episode, unspecified"	"35489007"	"Eu32z00"
"376741000006119"	"depression"	"diagnostic"	"[X]Depressive neurosis"	"78667006"	"Eu34111"
"379771000006116"	"depression"	"diagnostic"	"[X]Endogenous depression with psychotic symptoms"	"73867007"	"Eu33311"
"379781000006118"	"depression"	"diagnostic"	"[X]Endogenous depression without psychotic symptoms"	"300706003"	"Eu33211"
"396081000006116"	"depression"	"diagnostic"	"[X]Major depression, recurrent without psychotic symptoms"	"268621008"	"Eu33212"
"396071000006119"	"depression"	"diagnostic"	"[X]Manic-depressive reaction"	"13746004"	"Eu31.13"
"213641000000111"	"depression"	"diagnostic"	"[X]Mild depression"	"310495003"	"Eu32400"
"296138013"	"depression"	"diagnostic"	"[X]Moderate depressive episode"	"310496002"	"Eu32100"
"398841000006119"	"depression"	"diagnostic"	"[X]Monopolar depression NOS"	"35489007"	"Eu33z11"
"401871010"	"depression"	"diagnostic"	"[X]Other depressive episodes"	"35489007"	"Eu32y00"
"296199015"	"depression"	"diagnostic"	"[X]Other recurrent depressive disorders"	"191616006"	"Eu33y00"
"423611000006111"	"depression"	"diagnostic"	"[X]Prolonged single episode of reactive depression"	"87414006"	"Eu32z13"
"424531000006118"	"depression"	"diagnostic"	"[X]Recurr depress disorder cur epi severe without psyc sympt"	"310497006"	"Eu33200"
"424541000006111"	"depression"	"diagnostic"	"[X]Recurr severe episodes/major depression+psychotic symptom"	"28475009"	"Eu33313"
"424551000006113"	"depression"	"diagnostic"	"[X]Recurr severe episodes/psychogenic depressive psychosis"	"191613003"	"Eu33314"
"424561000006110"	"depression"	"diagnostic"	"[X]Recurrent brief depressive episodes"	"40568001"	"Eu3y111"
"424571000006115"	"depression"	"diagnostic"	"[X]Recurrent depress disorder cur epi severe with psyc symp"	"28475009"	"Eu33300"
"401873013"	"depression"	"diagnostic"	"[X]Recurrent depressive disorder"	"191616006"	"Eu33.00"
"296180012"	"depression"	"diagnostic"	"[X]Recurrent depressive disorder, current episode mild"	"310495003"	"Eu33000"
"296181011"	"depression"	"diagnostic"	"[X]Recurrent depressive disorder, current episode moderate"	"310496002"	"Eu33100"
"296198011"	"depression"	"diagnostic"	"[X]Recurrent depressive disorder, currently in remission"	"698957003"	"Eu33400"
"401876017"	"depression"	"diagnostic"	"[X]Recurrent depressive disorder, unspecified"	"191616006"	"Eu33z00"
"424631000006119"	"depression"	"diagnostic"	"[X]Recurrent episodes of depressive reaction"	"191616006"	"Eu33.11"
"424641000006112"	"depression"	"diagnostic"	"[X]Recurrent episodes of psychogenic depression"	"191616006"	"Eu33.12"
"424651000006114"	"depression"	"diagnostic"	"[X]Recurrent episodes of reactive depression"	"191616006"	"Eu33.13"
"425751000006115"	"depression"	"diagnostic"	"[X]Seasonal depressive disorder"	"247803002"	"Eu33.14"
"401869010"	"depression"	"diagnostic"	"[X]Severe depressive episode with psychotic symptoms"	"191604000"	"Eu32300"
"401866015"	"depression"	"diagnostic"	"[X]Severe depressive episode without psychotic symptoms"	"310497006"	"Eu32200"
"426911000006111"	"depression"	"diagnostic"	"[X]Single episode of depressive reaction"	"87414006"	"Eu32.11"
"426921000006115"	"depression"	"diagnostic"	"[X]Single episode of major depression and psychotic symptoms"	"191604000"	"Eu32311"
"426931000006117"	"depression"	"diagnostic"	"[X]Single episode of masked depression NOS"	"231500002"	"Eu32y12"
"426941000006110"	"depression"	"diagnostic"	"[X]Single episode of psychogenic depression"	"87414006"	"Eu32.12"
"426951000006112"	"depression"	"diagnostic"	"[X]Single episode of psychogenic depressive psychosis"	"191676002"	"Eu32312"
"426971000006119"	"depression"	"diagnostic"	"[X]Single episode of reactive depression"	"87414006"	"Eu32.13"
"426981000006116"	"depression"	"diagnostic"	"[X]Single episode of reactive depressive psychosis"	"191676002"	"Eu32314"
"426991000006118"	"depression"	"diagnostic"	"[X]Single episode vital depression w'out psychotic symptoms"	"310497006"	"Eu32213"
"432511000006119"	"depression"	"diagnostic"	"[X]Vital depression, recurrent without psychotic symptoms"	"310497006"	"Eu33214"
"138421012"	"depression"	"diagnostic"	"Agitated depression"	"83458005"	"E135.00"
"474171000006112"	"depression"	"diagnostic"	"Agitated depression"	"83458005"	"E112.11"
"294894013"	"depression"	"diagnostic"	"Atypical depressive disorder"	"191659001"	"E11y200"
"295537016"	"depression"	"diagnostic"	"Chronic depression"	"192080009"	"E2B1.00"
"2724681000006112"	"depression"	"diagnostic"	"Chronic major depressive disorder, single episode"	"14183003"	"NO READ CODE"
"2540711000006115"	"depression"	"diagnostic"	"Chronic recurrent major depressive disorder"	"2618002"	"NO READ CODE"
"5532721000006114"	"depression"	"diagnostic"	"Complaining of feeling depressed"	"272022009"	"NO READ CODE"
"3071801000006112"	"depression"	"diagnostic"	"Depressed"	"35489007"	"NO READ CODE"
"2164006016"	"depression"	"diagnostic"	"Depressed"	"366979004"	"1B17.00"
"5359021000006116"	"depression"	"diagnostic"	"Depression"	"255339005"	"NO READ CODE"
"882671000006112"	"depression"	"diagnostic"	"Depression"	"609311000000100"	"E2B..98"
"376691000006116"	"depression"	"diagnostic"	"Depression"	"35489007"	"Eu32z11"
"1823881000006110"	"depression"	"diagnostic"	"Depression confirmed"	"1823881000006106"	"NO READ CODE"
"882681000006110"	"depression"	"diagnostic"	"Depression NOS"	"609311000000100"	"E2B..99"
"5248911000006110"	"depression"	"diagnostic"	"Depression worse in morning"	"247801000"	"NO READ CODE"
"5248931000006116"	"depression"	"diagnostic"	"Depression worse later in day"	"247802007"	"NO READ CODE"
"295535012"	"depression"	"diagnostic"	"Depressive disorder"	"35489007"	"E2B..00"
"7515151000006115"	"depression"	"diagnostic"	"Depressive disorder in remission"	"698957003"	"NO READ CODE"
"12727931000006110"	"depression"	"diagnostic"	"Depressive disorder NEC"	"609311000000100"	"NO READ CODE"
"13974501000006115"	"depression"	"diagnostic"	"Depressive episode"	"871840004"	"NO READ CODE"
"376721000006114"	"depression"	"diagnostic"	"Depressive episode"	"35489007"	"Eu32.00"
"3071791000006111"	"depression"	"diagnostic"	"Depressive illness"	"35489007"	"NO READ CODE"
"399961000006118"	"depression"	"diagnostic"	"Depressive neurosis"	"78667006"	"Eu34113"
"1494612017"	"depression"	"diagnostic"	"Depressive symptoms"	"394924000"	"1B1U.11"
"379431000006113"	"depression"	"diagnostic"	"Dysthymia"	"78667006"	"Eu34100"
"441826016"	"depression"	"diagnostic"	"Endogenous depression"	"300706003"	"E112.14"
"410861011"	"depression"	"diagnostic"	"Endogenous depression - recurrent"	"274948002"	"E113.11"
"346972018"	"depression"	"diagnostic"	"Endogenous depression first episode"	"231499006"	"E112.13"
"642461000006116"	"depression"	"diagnostic"	"Endogenous depression first episode"	"231499006"	"E112.12"
"13974511000006117"	"depression"	"diagnostic"	"Episode of depression"	"871840004"	"NO READ CODE"
"6337501000006112"	"depression"	"diagnostic"	"Major depression"	"370143000"	"NO READ CODE"
"3531371000006112"	"depression"	"diagnostic"	"Major depression in complete remission"	"63412003"	"NO READ CODE"
"3190221000006112"	"depression"	"diagnostic"	"Major depression in remission"	"42810003"	"NO READ CODE"
"142521000006110"	"depression"	"diagnostic"	"Major depression single episode, in partial remission"	"70747007"	"E112500"
"7882721000006118"	"depression"	"diagnostic"	"Major depression with psychotic features"	"726772006"	"NO READ CODE"
"401766011"	"depression"	"diagnostic"	"Major depression, single episode"	"36923009"	"E112.00"
"6337491000006116"	"depression"	"diagnostic"	"Major depressive disorder"	"370143000"	"NO READ CODE"
"3094951000006111"	"depression"	"diagnostic"	"Major depressive disorder, single episode"	"36923009"	"NO READ CODE"
"3628471000006116"	"depression"	"diagnostic"	"Major depressive disorder, single episode with catatonic features"	"69392006"	"NO READ CODE"
"2914841000006115"	"depression"	"diagnostic"	"Major depressive disorder, single episode with postpartum onset"	"25922000"	"NO READ CODE"
"7127661000006118"	"depression"	"diagnostic"	"Major depressive disorder, single episode, severe with psychotic features"	"430852001"	"NO READ CODE"
"294860011"	"depression"	"diagnostic"	"Manic-depressive - now depressed"	"191627008"	"E115.11"
"294847017"	"depression"	"diagnostic"	"Manic-depressive - now manic"	"191618007"	"E114.11"
"396791000006116"	"depression"	"diagnostic"	"Manic-depressive illness"	"13746004"	"Eu31.11"
"346973011"	"depression"	"diagnostic"	"Masked depression"	"231500002"	"E11z200"
"882811000006119"	"depression"	"diagnostic"	"Mild depression"	"430421000000104"	"Eu32099"
"296137015"	"depression"	"diagnostic"	"Mild depression"	"310495003"	"Eu32000"
"1975991000006112"	"depression"	"diagnostic"	"Mild depressive episode, with somatic syndrome"	"1975991000006108"	"NO READ CODE"
"1975981000006114"	"depression"	"diagnostic"	"Mild depressive episode, without somatic syndrome"	"1975981000006105"	"NO READ CODE"
"1715771000006112"	"depression"	"diagnostic"	"Mild major depression"	"87512008"	"Eu32500"
"294825017"	"depression"	"diagnostic"	"Mild major depression, single episode"	"79298009"	"E112100"
"3149661000006117"	"depression"	"diagnostic"	"Mild recurrent major depression"	"40379007"	"NO READ CODE"
"7803731000006112"	"depression"	"diagnostic"	"Minimal major depression single episode"	"720454007"	"NO READ CODE"
"3286331000006115"	"depression"	"diagnostic"	"Minor depressive disorder"	"48589009"	"NO READ CODE"
"6000711000006112"	"depression"	"diagnostic"	"Moderate depression"	"310496002"	"NO READ CODE"
"882821000006110"	"depression"	"diagnostic"	"Moderate depression"	"465441000000108"	"Eu32199"
"1976051000006112"	"depression"	"diagnostic"	"Moderate depressive episode, with somatic syndrome"	"1976051000006108"	"NO READ CODE"
"1976021000006115"	"depression"	"diagnostic"	"Moderate depressive episode, without somatic syndrome"	"1976021000006104"	"NO READ CODE"
"1715181000006114"	"depression"	"diagnostic"	"Moderate major depression"	"832007"	"Eu32600"
"294826016"	"depression"	"diagnostic"	"Moderate major depression, single episode"	"15639000"	"E112200"
"2798691000006112"	"depression"	"diagnostic"	"Moderate recurrent major depression"	"18818009"	"NO READ CODE"
"7788661000006119"	"depression"	"diagnostic"	"Moderately severe depression"	"719593009"	"NO READ CODE"
"7803711000006118"	"depression"	"diagnostic"	"Moderately severe major depression single episode"	"720453001"	"NO READ CODE"
"2474715017"	"depression"	"diagnostic"	"On depression register"	"413169006"	"9HA0.00"
"2533375017"	"depression"	"diagnostic"	"Patient given advice about management of depression"	"415044007"	"8CAa.00"
"8035341000006119"	"depression"	"diagnostic"	"Positive screening for depression on PHQ-9 (Patient Health Questionnaire 9)"	"112001000119100"	"NO READ CODE"
"3700911000006115"	"depression"	"diagnostic"	"Psychotic depression"	"73867007"	"NO READ CODE"
"882401000006115"	"depression"	"diagnostic"	"Reactive (neurotic) depression"	"87414006"	"E204.99"
"359121000006116"	"depression"	"diagnostic"	"Reactive depression"	"87414006"	"Eu32z14"
"675861000006113"	"depression"	"diagnostic"	"Reactive depression (situational)"	"87414006"	"E204.00"
"8465321000006112"	"depression"	"diagnostic"	"Reactive depression, prolonged single episode"	"1086661000000108"	"NO READ CODE"
"294917018"	"depression"	"diagnostic"	"Reactive depressive psychosis"	"191676002"	"E130.00"
"8089301000006110"	"depression"	"diagnostic"	"Reactive depressive psychosis, single episode"	"288751000119101"	"NO READ CODE"
"3153071000006116"	"depression"	"diagnostic"	"Recurrent brief depressive disorder"	"40568001"	"NO READ CODE"
"294844012"	"depression"	"diagnostic"	"Recurrent depression"	"191616006"	"E113700"
"2730011000000110"	"depression"	"diagnostic"	"Recurrent depression with current moderate episode"	"1089641000000100"	"NO READ CODE"
"2729751000000118"	"depression"	"diagnostic"	"Recurrent depression with current severe episode and psychotic features"	"1089511000000100"	"NO READ CODE"
"2729991000000112"	"depression"	"diagnostic"	"Recurrent depression with current severe episode without psychotic features"	"1089631000000109"	"NO READ CODE"
"1976231000006110"	"depression"	"diagnostic"	"Recurrent depressive disorder, current episode mild, with somatic syndrome"	"1976231000006106"	"NO READ CODE"
"1976211000006116"	"depression"	"diagnostic"	"Recurrent depressive disorder, current episode mild, without somatic syndrome"	"1976211000006100"	"NO READ CODE"
"1976271000006113"	"depression"	"diagnostic"	"Recurrent depressive disorder, current episode moderate, with somatic syndrome"	"1976271000006109"	"NO READ CODE"
"1976251000006115"	"depression"	"diagnostic"	"Recurrent depressive disorder, current episode moderate, without somatic syndrome"	"1976251000006104"	"NO READ CODE"
"3578851000006118"	"depression"	"diagnostic"	"Recurrent major depression"	"66344007"	"NO READ CODE"
"3033261000006113"	"depression"	"diagnostic"	"Recurrent major depression in partial remission"	"33135002"	"NO READ CODE"
"3606411000006115"	"depression"	"diagnostic"	"Recurrent major depression in remission"	"68019004"	"NO READ CODE"
"3578861000006116"	"depression"	"diagnostic"	"Recurrent major depressive disorder"	"66344007"	"NO READ CODE"
"294845013"	"depression"	"diagnostic"	"Recurrent major depressive episode NOS"	"268621008"	"E113z00"
"182721000006111"	"depression"	"diagnostic"	"Recurrent major depressive episodes"	"268621008"	"E113.00"
"8237831000006115"	"depression"	"diagnostic"	"Recurrent major depressive episodes, in partial remission"	"764691000000109"	"NO READ CODE"
"8237841000006113"	"depression"	"diagnostic"	"Recurrent major depressive episodes, in remission"	"764701000000109"	"NO READ CODE"
"294837015"	"depression"	"diagnostic"	"Recurrent major depressive episodes, mild"	"191610000"	"E113100"
"294838013"	"depression"	"diagnostic"	"Recurrent major depressive episodes, moderate"	"191611001"	"E113200"
"182771000006112"	"depression"	"diagnostic"	"Recurrent major depressive episodes, severe"	"764611000000100"	"E113300"
"294840015"	"depression"	"diagnostic"	"Recurrent major depressive episodes, severe, with psychosis"	"191613003"	"E113400"
"8232591000006117"	"depression"	"diagnostic"	"Recurrent major depressive episodes, severe, with psychosis, psychosis in remission"	"755331000000108"	"NO READ CODE"
"294836012"	"depression"	"diagnostic"	"Recurrent major depressive episodes, unspecified"	"268621008"	"E113000"
"182801000006114"	"depression"	"diagnostic"	"Recurrent major depressive episodes,partial/unspec remission"	"764691000000109"	"E113500"
"424681000006118"	"depression"	"diagnostic"	"Recurrent reactive depressive episodes, severe, with psychosis"	"1086471000000103"	"Eu33316"
"2370061000000111"	"depression"	"diagnostic"	"Referral for depression self-help video"	"923921000000104"	"8HHq000"
"300711000000119"	"depression"	"diagnostic"	"Referral for guided self-help for depression"	"199111000000100"	"8HHq.00"
"2391541000000115"	"depression"	"diagnostic"	"Referral for guided self-help for depression declined"	"933441000000101"	"8IH5200"
"882831000006113"	"depression"	"diagnostic"	"Severe depression"	"397701000000102"	"Eu32299"
"223741000000112"	"depression"	"diagnostic"	"Severe depression"	"310497006"	"Eu32212"
"1715191000006112"	"depression"	"diagnostic"	"Severe major depression with psychotic features"	"73867007"	"Eu32800"
"1715781000006110"	"depression"	"diagnostic"	"Severe major depression without psychotic features"	"75084000"	"Eu32700"
"142541000006115"	"depression"	"diagnostic"	"Severe major depression, single episode"	"251000119105"	"E112300"
"7127651000006115"	"depression"	"diagnostic"	"Severe major depression, single episode, with psychotic features"	"430852001"	"NO READ CODE"
"3743451000006110"	"depression"	"diagnostic"	"Severe major depression, single episode, without psychotic features"	"76441001"	"NO READ CODE"
"7965191000006118"	"depression"	"diagnostic"	"Severe recurrent major depression"	"281000119103"	"NO READ CODE"
"2957311000006113"	"depression"	"diagnostic"	"Severe recurrent major depression with psychotic features"	"28475009"	"NO READ CODE"
"3087971000006112"	"depression"	"diagnostic"	"Severe recurrent major depression without psychotic features"	"36474008"	"NO READ CODE"
"2659601000000116"	"depression"	"diagnostic"	"Signposting to depression self-help group"	"1057351000000106"	"NO READ CODE"
"294831019"	"depression"	"diagnostic"	"Single episode of major depression in full remission"	"19527009"	"E112600"
"294832014"	"depression"	"diagnostic"	"Single major depressive episode NOS"	"36923009"	"E112z00"
"8237851000006110"	"depression"	"diagnostic"	"Single major depressive episode, in remission"	"764711000000106"	"NO READ CODE"
"294828015"	"depression"	"diagnostic"	"Single major depressive episode, severe, with psychosis"	"191604000"	"E112400"
"8232571000006118"	"depression"	"diagnostic"	"Single major depressive episode, severe, with psychosis, psychosis in remission"	"755321000000106"	"NO READ CODE"
"294824018"	"depression"	"diagnostic"	"Single major depressive episode, unspecified"	"36923009"	"E112000"
"345141000006111"	"mood/affective disorder"	"history"	"History of mood disorder"	"429124005"	"ZV11111"
"251629019"	"depression"	"history"	"H/O: depression"	"161469008"	"1465.00"
"1780205015"	"depression"	"history"	"H/O: manic depressive disorder"	"400998002"	"146D.00"
"4539971000006110"	"depression"	"history"	"History of depression"	"161469008"	"NO READ CODE"
"3513908018"	"depression"	"history"	"History of dysthymia"	"1099001000119103"	"NO READ CODE"
"2143511000000118"	"mood/affective disorder"	"intervention"	"Antidepressant drug treatment changed"	"823501000000106"	"6658000"
"1730231000000110"	"mood/affective disorder"	"intervention"	"Antidepressant drug treatment started"	"764639002"	"6659000"
"1166201000000117"	"mood/affective disorder"	"intervention"	"Antidepressant drug treatment stopped"	"698459008"	"665A000"
"12735821000006110"	"depression"	"intervention"	"Counselling for depression"	"286711000000107"	"NO READ CODE"
"2534096013"	"depression"	"intervention"	"Depression annual review"	"413972000"	"9H90.00"
"8245201000006115"	"depression"	"intervention"	"Depression care management"	"784051000000106"	"NO READ CODE"
"226581000000119"	"depression"	"intervention"	"Depression enhanced service completed"	"166481000000107"	"9k40.00"
"226411000000110"	"depression"	"intervention"	"Depression enhanced services administration"	"166291000000108"	"9k4..00"
"2534091015"	"depression"	"intervention"	"Depression interim review"	"413973005"	"9H92.00"
"1773563015"	"depression"	"intervention"	"Depression management programme"	"401174001"	"8BK0.00"
"2534092010"	"depression"	"intervention"	"Depression medication review"	"413974004"	"9H91.00"
"406881000000111"	"depression"	"intervention"	"Depression monitoring administration"	"713831000000108"	"9Ov..00"
"408521000000112"	"depression"	"intervention"	"Depression monitoring first letter"	"717211000000107"	"9Ov0.00"
"8214741000006117"	"depression"	"intervention"	"Depression monitoring invitation"	"711451000000102"	"NO READ CODE"
"8459471000006114"	"depression"	"intervention"	"Depression monitoring invitation email"	"1083051000000106"	"NO READ CODE"
"8459491000006110"	"depression"	"intervention"	"Depression monitoring invitation SMS (short message service) text message"	"1083071000000102"	"NO READ CODE"
"408541000000117"	"depression"	"intervention"	"Depression monitoring second letter"	"716681000000100"	"9Ov1.00"
"408601000000116"	"depression"	"intervention"	"Depression monitoring telephone invitation"	"716421000000103"	"9Ov4.00"
"408561000000116"	"depression"	"intervention"	"Depression monitoring third letter"	"716961000000102"	"9Ov2.00"
"408581000000113"	"depression"	"intervention"	"Depression monitoring verbal invitation"	"717261000000109"	"9Ov3.00"
"8308801000006112"	"depression"	"intervention"	"Did not attend depression review"	"883491000000106"	"NO READ CODE"
"13962531000006113"	"depression"	"intervention"	"Follow up for depression"	"870191006"	"NO READ CODE"
"1680571000006118"	"depression"	"intervention"	"On full dose long term treatment depression - enh serv admin"	"361761000000106"	"9kQ..00"
"681801000000113"	"depression"	"intervention"	"On full dose long term treatment for depression"	"361761000000106"	"9kQ..11"
