medcodeid	term	snomedctconceptid	readcode
"2160089017"	"Insulin autoimmune syndrome"	"408539000"	"C10J.00"
"189701000000116"	"Insulin autoimmune syndrome without complication"	"408539000"	"C10J000"
"2288061000000111"	"Type II diabetes mellitus in remission"	"703138006"	"C10P100"
"616341000006117"	"Diabetes mellitus screening"	"171183004"	"6872.00"
"5110111000006116"	"Nocturnal hypoglycaemia"	"237635002"	"NO READ CODE"
"7854021000006118"	"X-linked immune dysregulation, polyendocrinopathy, enteropathy syndrome"	"724276006"	"NO READ CODE"
"1786715019"	"Bronzed diabetes"	"399144008"	"C350011"
"283938017"	"Diabetology D.V. done"	"183751004"	"8HLE.00"
"283889016"	"Diabetology D.V. requested"	"183722003"	"8HKE.00"
"223351000000111"	"Achard - Thiers syndrome"	"34041001"	"C152.11"
"3029742016"	"Congenital generalized lipodystrophy"	"284449005"	"NO READ CODE"
"423112012"	"Congenital total lipodystrophy"	"284449005"	"NO READ CODE"
"7811791000006112"	"DEND syndrome"	"721088003"	"NO READ CODE"
"1219628016"	"Donohue's syndrome"	"111307005"	"C1zy311"
"3330160012"	"HHS - Hyperosmolar hyperglycaemic syndrome"	"310505005"	"NO READ CODE"
"3330159019"	"HHS - Hyperosmolar hyperglycemic syndrome"	"310505005"	"NO READ CODE"
"6022731000006110"	"High risk proliferative retinopathy"	"312907002"	"NO READ CODE"
"356101019"	"Hyperproinsulinaemia"	"237613005"	"NO READ CODE"
"4636621000006116"	"Hypoglycaemia unawareness"	"170766006"	"NO READ CODE"
"2302761000000119"	"Hypoglycaemic warning absent"	"894741000000107"	"66AJ400"
"8058021000006115"	"Hypoglycaemic warning good"	"198131000000101"	"NO READ CODE"
"8058011000006111"	"Hypoglycaemic warning impaired"	"198121000000103"	"NO READ CODE"
"4636611000006112"	"Hypoglycemia unawareness"	"170766006"	"NO READ CODE"
"1219629012"	"Leprechaunism"	"111307005"	"C1zy300"
"264714010"	"Loss of hypoglycaemic warning"	"170766006"	"66AJ200"
"1978871000006110"	"Mauriac's syndrome"	"80660001"	"NO READ CODE"
"6047141000006115"	"Papillopathy"	"314537004"	"NO READ CODE"
"5030731000006111"	"PDR - NVD"	"232021008"	"NO READ CODE"
"356109017"	"Rogers syndrome"	"237617006"	"NO READ CODE"
"1495356017"	"Total lipoatrophy"	"284449005"	"NO READ CODE"
"135166013"	"Acquired nephrogenic diabetes insipidus"	"81475007"	"K081000"
"3232091000006112"	"Central diabetes insipidus"	"45369008"	"NO READ CODE"
"498950010"	"Congenital nephrogenic diabetes insipidus"	"61165007"	"K081100"
"75638010"	"Cranial diabetes insipidus"	"45369008"	"C135000"
"26721014"	"Diabetes insipidus"	"15771004"	"C135.00"
"494186019"	"Diabetes insipidus - pituitary"	"45369008"	"C135.12"
"1848531000006116"	"Diabetes insipidus, diabetes mellitus, optic atrophy and deafness"	"70694009"	"PKyP.00"
"3493891000006116"	"Hereditary nephrogenic diabetes insipidus"	"61165007"	"NO READ CODE"
"119846018"	"Nephrogenic diabetes insipidus"	"111395007"	"K081.00"
"3232021000006110"	"Neurohypophyseal diabetes insipidus"	"45369008"	"NO READ CODE"
"616151000006118"	"Diabetes mellitus - unspec whether in pregnancy/puerperium"	"199223000"	"L180000"
"1220321013"	"Diabetes mellitus arising in pregnancy"	"11687002"	"L180800"
"306108017"	"Diabetes mellitus during pregnancy - baby delivered"	"199225007"	"L180100"
"306110015"	"Diabetes mellitus during pregnancy - baby not yet delivered"	"199227004"	"L180300"
"616191000006112"	"Diabetes mellitus during pregnancy, childbirth and the puerperium"	"199223000"	"L180.00"
"5587071000006119"	"Diabetes mellitus in neonate small for gestational age"	"276560009"	"NO READ CODE"
"616211000006113"	"Diabetes mellitus in pregnancy/childbirth/puerperium NOS"	"199223000"	"L180z00"
"356118015"	"Diabetes-deafness syndrome maternally transmitted"	"237619009"	"NO READ CODE"
"2686101000006116"	"GDM - Gestational diabetes mellitus"	"11687002"	"NO READ CODE"
"2686071000006114"	"Gestational diabetes"	"11687002"	"NO READ CODE"
"20191016"	"Gestational diabetes mellitus"	"11687002"	"L180900"
"801901000006119"	"Gestational diabetes mellitus"	"11687002"	"L180811"
"8016621000006116"	"Gestational diabetes mellitus complicating pregnancy"	"40801000119106"	"NO READ CODE"
"3719631000006112"	"Gestational diabetes mellitus, class A>1<"	"75022004"	"NO READ CODE"
"3258001000006116"	"Gestational diabetes mellitus, class A>2<"	"46894009"	"NO READ CODE"
"8016611000006112"	"Gestational diabetes, delivered"	"40791000119105"	"NO READ CODE"
"2843291000006110"	"Maternal diabetes syndrome"	"21584002"	"NO READ CODE"
"622221000000118"	"Maternally inherited diabetes mellitus"	"335621000000101"	"C10FS00"
"8016601000006114"	"Postpartum gestational diabetes mellitus"	"40791000119105"	"NO READ CODE"
"8033291000006116"	"Pre-existing diabetes mellitus in mother complicating childbirth"	"106281000119103"	"NO READ CODE"
"887971000006115"	"Preg.+ diabetes mellitus"	"199223000"	"L180.99"
"1988741000006117"	"Pregnancy and non-insulin-dependent diabetes mellitus"	"237627000"	"NO READ CODE"
"80997013"	"Insulin resistance"	"48606007"	"C1A..00"
"12002731000006117"	"Insulin resistance"	"763325000"	"NO READ CODE"
"5110461000006114"	"Insulin resistance - type A"	"237651005"	"NO READ CODE"
"5109511000006117"	"Insulin resistance syndrome"	"237602007"	"NO READ CODE"
"356111014"	"Insulin-dependent diabetes mellitus secretory diarrhoea syndrome"	"237618001"	"NO READ CODE"
"56000018"	"Rabson-Mendenhall syndrome"	"33559001"	"C1zy600"
"2475901019"	"Type A insulin resistance"	"237651005"	"C10K.00"
"199471000000118"	"Type A insulin resistance without complication"	"237651005"	"C10K000"
"5754581000006110"	"Brittle type 1 diabetes mellitus"	"290002008"	"NO READ CODE"
"3253241000006117"	"Diabetes mellitus type 1"	"46635009"	"NO READ CODE"
"2867421000006114"	"Insulin dependent diabetes mellitus type 1A"	"23045005"	"NO READ CODE"
"2476117016"	"Maturity onset diabetes in youth type 1"	"609562003"	"C10C.12"
"7500191000006118"	"Maturity onset diabetes of the young, type 1"	"609562003"	"NO READ CODE"
"13966631000006113"	"Newly diagnosed type 1 diabetes mellitus"	"870528001"	"NO READ CODE"
"84281000006115"	"Type 1 diabetes mellitus"	"46635009"	"C108.12"
"197984010"	"Type 1 diabetes mellitus"	"46635009"	"C10E.00"
"84291000006117"	"Type 1 diabetes mellitus - poor control"	"444073006"	"C108812"
"292548017"	"Type 1 diabetes mellitus - poor control"	"444073006"	"C10E800"
"292553010"	"Type 1 diabetes mellitus maturity onset"	"190372001"	"C10E900"
"84301000006116"	"Type 1 diabetes mellitus maturity onset"	"190372001"	"C108912"
"7287611000006113"	"Type 1 diabetes mellitus uncontrolled"	"444073006"	"NO READ CODE"
"84461000006114"	"Type 1 diabetes mellitus without complication"	"313435000"	"C108A12"
"457326014"	"Type 1 diabetes mellitus without complication"	"313435000"	"C10EA00"
"616621000006115"	"Type 1 diabetes mellitus without complication"	"313435000"	"C100000"
"84651000006114"	"Type I diabetes mellitus"	"46635009"	"C108.13"
"494564012"	"Type I diabetes mellitus"	"46635009"	"C10E.11"
"292550013"	"Type I diabetes mellitus - poor control"	"444073006"	"C10E811"
"292551012"	"Type I diabetes mellitus maturity onset"	"190372001"	"C10E911"
"84671000006116"	"Type I diabetes mellitus maturity onset"	"190372001"	"C108911"
"84661000006111"	"Type I diabetes mellitus poorly controlled"	"444073006"	"C108811"
"457325013"	"Type I diabetes mellitus without complication"	"313435000"	"C10EA11"
"84831000006115"	"Type I diabetes mellitus without complication"	"313435000"	"C108A11"
"72711000006117"	"Unstable type 1 diabetes mellitus"	"290002008"	"C108412"
"429971019"	"Unstable type 1 diabetes mellitus"	"290002008"	"C10E400"
"429970018"	"Unstable type I diabetes mellitus"	"290002008"	"C10E411"
"72721000006113"	"Unstable type I diabetes mellitus"	"290002008"	"C108411"
"7306751000006110"	"Brittle type 2 diabetes mellitus"	"445353002"	"NO READ CODE"
"840971000006112"	"Diabetes mellitus autosomal dominant type II"	"237604008"	"C10D.00"
"3209441000006114"	"Diabetes mellitus type 2"	"44054006"	"NO READ CODE"
"5109461000006115"	"Diabetes type 2 on insulin"	"237599002"	"NO READ CODE"
"1488898011"	"Hyperosmolar non-ketotic state in type 2 diabetes mellitus"	"395204000"	"C10FK00"
"850691000006118"	"Hyperosmolar non-ketotic state in type 2 diabetes mellitus"	"395204000"	"C109K00"
"1667891000000113"	"Hyperosmolar non-ketotic state in type II diabetes mellitus"	"395204000"	"C10FK11"
"840951000006119"	"Insulin treated Type 2 diabetes mellitus"	"237599002"	"C109J00"
"914391000006116"	"Insulin treated Type 2 diabetes mellitus"	"237599002"	"C10FJ00"
"1223147012"	"Insulin treated Type II diabetes mellitus"	"237599002"	"C10FJ11"
"841351000006110"	"Insulin treated Type II diabetes mellitus"	"237599002"	"C109J12"
"356085010"	"Maturity onset diabetes in youth type 2"	"237604008"	"C10D.11"
"5109561000006119"	"Maturity onset diabetes of the young, type 2"	"237604008"	"NO READ CODE"
"5109611000006116"	"MODY - Maturity onset diabetes in youth type 2"	"237604008"	"NO READ CODE"
"5110001000006118"	"Pregnancy and type 2 diabetes mellitus"	"237627000"	"NO READ CODE"
"197761014"	"Type 2 diabetes mellitus"	"44054006"	"C10F.00"
"84471000006119"	"Type 2 diabetes mellitus"	"44054006"	"C109.12"
"84481000006116"	"Type 2 diabetes mellitus - poor control"	"443694000"	"C109712"
"7281511000006118"	"Type 2 diabetes mellitus uncontrolled"	"443694000"	"NO READ CODE"
"7288191000006110"	"Type 2 diabetes mellitus well controlled"	"444110003"	"NO READ CODE"
"84641000006112"	"Type 2 diabetes mellitus without complication"	"313436004"	"C109912"
"457329019"	"Type 2 diabetes mellitus without complication"	"313436004"	"C10F900"
"8012081000006110"	"Type 2 diabetic on diet only"	"24481000000101"	"NO READ CODE"
"8012061000006117"	"Type 2 diabetic on insulin"	"24471000000103"	"NO READ CODE"
"493774016"	"Type II diabetes mellitus"	"44054006"	"C10F.11"
"84841000006113"	"Type II diabetes mellitus"	"44054006"	"C109.13"
"84851000006110"	"Type II diabetes mellitus - poor control"	"443694000"	"C109711"
"292589019"	"Type II diabetes mellitus - poor control"	"443694000"	"C10F711"
"292590011"	"Type II diabetes mellitus poorly controlled"	"443694000"	"C10F700"
"281171000006119"	"Type II diabetes mellitus uncontrolled"	"443694000"	"C109700"
"457330012"	"Type II diabetes mellitus without complication"	"313436004"	"C10F911"
"85011000006119"	"Type II diabetes mellitus without complication"	"313436004"	"C109911"
"8012091000006113"	"Type II diabetes on diet only"	"24481000000101"	"NO READ CODE"
"8012071000006112"	"Type II diabetes on insulin"	"24471000000103"	"NO READ CODE"
"905621000006113"	"[RFC] Diabetes"	"905621000006109"	"NO READ CODE"
"908831000006118"	"[RFC] Diabetes mellitus"	"908831000006102"	"NO READ CODE"
"377001000006117"	"[X]Diabetes mellitus"	"73211009"	"Cyu2.00"
"293756010"	"[X]Other specified diabetes mellitus"	"73211009"	"Cyu2000"
"356119011"	"Abnormal metabolic state in diabetes mellitus"	"237620003"	"NO READ CODE"
"11633221000006116"	"ADM - atypical diabetes mellitus"	"530558861000132104"	"NO READ CODE"
"11633211000006112"	"Atypical diabetes mellitus"	"530558861000132104"	"NO READ CODE"
"19931010"	"Brittle diabetes"	"11530004"	"66AJ100"
"2683561000006119"	"Brittle diabetes mellitus"	"11530004"	"NO READ CODE"
"3292081000006115"	"Bullosis diabeticorum"	"48951005"	"NO READ CODE"
"354508018"	"Clinical diabetic nephropathy"	"236500003"	"K08yA11"
"6022871000006116"	"Clinically significant diabetic macular oedema"	"312911008"	"NO READ CODE"
"2474334019"	"Diabetes clinical management plan"	"736284000"	"8CR2.00"
"2205911000000116"	"Diabetes clinical pathway"	"851501000000106"	"8CMW700"
"1824081000006117"	"Diabetes clinical pathway protocol followed"	"1824081000006101"	"NO READ CODE"
"5988631000006117"	"Diabetes dietitian"	"309417009"	"NO READ CODE"
"12489821000006114"	"Diabetes key contact"	"408290003"	"NO READ CODE"
"2159854012"	"Diabetes key contact"	"932321000000105"	"918T.00"
"121589010"	"Diabetes mellitus"	"73211009"	"C10..00"
"881441000006111"	"Diabetes mellitus - juvenile"	"73211009"	"C100099"
"881451000006113"	"Diabetes mellitus -adult onset"	"532411000000102"	"C100199"
"3527174019"	"Diabetes mellitus caused by chemical"	"737212004"	"NO READ CODE"
"1823921000006119"	"Diabetes mellitus confirmed"	"1823921000006103"	"NO READ CODE"
"7068831000006114"	"Diabetes mellitus due to cystic fibrosis"	"427089005"	"NO READ CODE"
"125705011"	"Diabetes mellitus due to insulin receptor antibodies"	"75682002"	"NO READ CODE"
"967631000006115"	"Diabetes mellitus induced by non-steroid drugs without complication"	"413183008"	"C10H000"
"616241000006112"	"Diabetes mellitus induced by steroids"	"190447002"	"C10B.00"
"616081000006113"	"Diabetes mellitus insulin-glucose infusion in acute myocardial infarction"	"315287002"	"889A.00"
"3253231000006110"	"Diabetes mellitus type I"	"46635009"	"NO READ CODE"
"3209431000006116"	"Diabetes mellitus type II"	"44054006"	"NO READ CODE"
"5505651000006113"	"Diabetes mellitus uncontrolled"	"268519009"	"NO READ CODE"
"616511000006110"	"Diabetes mellitus, adult onset, no mention of complication"	"313436004"	"C100100"
"616591000006117"	"Diabetes mellitus, juvenile +peripheral circulatory disorder"	"421365002"	"C107000"
"7500501000006118"	"Diabetes mellitus, transient neonatal 1"	"609579009"	"NO READ CODE"
"7500521000006111"	"Diabetes mellitus, transient neonatal 2"	"609580007"	"NO READ CODE"
"6718121000006115"	"Diabetes type"	"405751000"	"NO READ CODE"
"264717015"	"Diabetic - cooperative patient"	"170769004"	"66AK.00"
"264719017"	"Diabetic - follow-up default"	"170771004"	"66AM.00"
"264707013"	"Diabetic - good control"	"170763003"	"66AI.00"
"616891000006119"	"Diabetic - moderate control"	"616891000006103"	"NO READ CODE"
"401531012"	"Diabetic - poor control"	"268519009"	"66AJ.00"
"264716012"	"Diabetic - poor control NOS"	"268519009"	"66AJz00"
"1954041000006119"	"Diabetic - uses carbohydrate counting"	"1954041000006103"	"NO READ CODE"
"6953891000006119"	"Diabetic acidosis"	"420422005"	"NO READ CODE"
"65526011"	"Diabetic amyotrophy"	"39058009"	"F381311"
"616921000006113"	"Diabetic amyotrophy"	"39058009"	"C106.11"
"2500921000000110"	"Diabetic carbohydrate counting diet"	"983451000000106"	"13B1000"
"73294018"	"Diabetic cataract"	"43959009"	"F464000"
"616971000006114"	"Diabetic Charcot's arthropathy"	"201724008"	"N030100"
"309737011"	"Diabetic cheiroarthropathy"	"201723002"	"N030000"
"309738018"	"Diabetic cheiropathy"	"201723002"	"N030011"
"2920981000006117"	"Diabetic coma"	"26298008"	"NO READ CODE"
"1696331000006114"	"Diabetic dermopathy"	"238982009"	"NO READ CODE"
"250447011"	"Diabetic diet"	"160670007"	"13B1.00"
"7741101000006113"	"Diabetic embryopathy"	"716020005"	"NO READ CODE"
"305158015"	"Diabetic glomerulopathy"	"309426007"	"Kyu0300"
"7613941000006113"	"Diabetic glomerulosclerosis"	"707221002"	"NO READ CODE"
"454092018"	"Diabetic hyperosmolar non-ketotic state"	"310505005"	"NO READ CODE"
"459694018"	"Diabetic lipid lowering diet"	"315207000"	"13AB.00"
"12180791000006114"	"Diabetic lumbosacral plexopathy"	"39058009"	"NO READ CODE"
"6022931000006112"	"Diabetic macular edema"	"312912001"	"NO READ CODE"
"6630571000006110"	"Diabetic macular edema not clinically significant"	"399864000"	"NO READ CODE"
"6022921000006114"	"Diabetic macular oedema"	"312912001"	"NO READ CODE"
"6630561000006115"	"Diabetic macular oedema not clinically significant"	"399864000"	"NO READ CODE"
"7851731000006116"	"Diabetic mastopathy"	"724136006"	"NO READ CODE"
"297492014"	"Diabetic mononeuritis multiplex"	"193141005"	"F345000"
"297510017"	"Diabetic mononeuritis NOS"	"193141005"	"F35z000"
"205225016"	"Diabetic nephropathy"	"127013003"	"C104.11"
"12704401000006110"	"Diabetic oculopathy"	"25093002"	"NO READ CODE"
"264679015"	"Diabetic on diet only"	"170745003"	"66A3.00"
"264682013"	"Diabetic on insulin"	"170747006"	"66A5.00"
"1966321000006112"	"Diabetic on insulin and glucagon-like peptide 1 receptor agonist"	"976361000000100"	"66o6.00"
"1780981000006115"	"Diabetic on non-insulin injectable"	"1780981000006104"	"NO READ CODE"
"2460251000000115"	"Diabetic on non-insulin injectable medication"	"719566006"	"66o2.00"
"302011"	"Diabetic peripheral angiopathy"	"127014009"	"G73y000"
"356121018"	"Diabetic severe hyperglycaemia"	"237621004"	"NO READ CODE"
"282570016"	"Diabetic stabilisation"	"182781000"	"8A13.00"
"6022831000006119"	"Diabetic vitreous haemorrhage"	"312910009"	"NO READ CODE"
"459695017"	"Diabetic weight reducing diet"	"315208005"	"13AC.00"
"264718013"	"Diabetic-uncooperative patient"	"170770003"	"66AL.00"
"4726201000006118"	"Diabetology domiciliary visit requested"	"183722003"	"NO READ CODE"
"3690681000006114"	"DM - Diabetes mellitus"	"73211009"	"NO READ CODE"
"9986011"	"Drug-induced diabetes mellitus"	"5368009"	"NO READ CODE"
"967681000006119"	"Fibrocalculous pancreatic diabetes"	"2751001"	"C10L.00"
"498512013"	"Genetic syndromes of diabetes mellitus"	"5969009"	"NO READ CODE"
"454093011"	"HONKS - Diabetic hyperosmolar non-ketotic state"	"310505005"	"NO READ CODE"
"2817479019"	"Hyperglycaemic crisis in diabetes mellitus"	"441656006"	"NO READ CODE"
"933231000006118"	"Hypo states in diabetes"	"658061000000102"	"C10yz97"
"5110071000006112"	"Hypoglycaemic event in diabetes"	"237632004"	"NO READ CODE"
"5110091000006113"	"Hypoglycaemic state in diabetes"	"237633009"	"NO READ CODE"
"5110081000006110"	"Hypoglycemic event in diabetes"	"237632004"	"NO READ CODE"
"787111000006112"	"IDDM-Insulin dependent diabetes mellitus"	"73211009"	"C108.11"
"851051000006110"	"Ins-treat non-ins-dep diab mel"	"851051000006106"	"NO READ CODE"
"772151000006116"	"Insulin dependent diabetes maturity onset"	"73211009"	"C108900"
"913711000006112"	"Insulin dependent diabetes maturity onset"	"73211009"	"C10E912"
"77727018"	"Insulin dependent diabetes mellitus"	"73211009"	"C10E.12"
"772161000006119"	"Insulin dependent diabetes mellitus"	"73211009"	"C100011"
"772171000006114"	"Insulin dependent diabetes mellitus"	"73211009"	"C108.00"
"772181000006112"	"Insulin dependent diabetes mellitus - poor control"	"268519009"	"C108800"
"913681000006111"	"Insulin dependent diabetes mellitus - poor control"	"268519009"	"C10E812"
"2867431000006112"	"Insulin dependent diabetes mellitus type IA"	"23045005"	"NO READ CODE"
"1223148019"	"Insulin treated non-insulin dependent diabetes mellitus"	"237599002"	"C109J11"
"4758121000006115"	"Insulin-dependent diabetes maturity onset"	"190372001"	"NO READ CODE"
"6030001000006116"	"Insulin-dependent diabetes without complication"	"313435000"	"NO READ CODE"
"746791000006111"	"Insulin-dependent diabetes without complication"	"111552007"	"C108A00"
"457327017"	"Insulin-dependent diabetes without complication"	"111552007"	"C10EA12"
"1550571000000114"	"Jamaica type diabetes"	"75524006"	"C10A.11"
"303847013"	"Kimmelstiel - Wilson disease"	"197605007"	"K01x111"
"2683581000006112"	"Labile diabetes"	"11530004"	"NO READ CODE"
"2674067015"	"Latent autoimmune diabetes mellitus in adult"	"426875007"	"C10ER00"
"7065531000006115"	"Latent autoimmune diabetes mellitus in adult (LADA)"	"426875007"	"NO READ CODE"
"4392141000006116"	"Lipoatrophic diabetes"	"127012008"	"NO READ CODE"
"967701000006116"	"Lipoatrophic diabetes mellitus"	"127012008"	"C10M.00"
"189711000000119"	"Lipoatrophic diabetes mellitus without complication"	"112991000000101"	"C10M000"
"719531000006118"	"Malnutrition related diabetes mellitus"	"75524006"	"C10A.00"
"292612014"	"Malnutrition-related diabetes mellitus without complications"	"190412005"	"C10A700"
"719481000006116"	"Malnutrit-related diabetes mellitus wth ophthalmic complicat"	"421256007"	"C10A300"
"1984081000006115"	"Manchester triage - Diabetes"	"1984081000006104"	"NO READ CODE"
"223291000000111"	"Maturity onset diabetes"	"44054006"	"C100111"
"483886014"	"Maturity onset diabetes in youth"	"609561005"	"C10C.11"
"483882011"	"Maturity-onset diabetes of the young"	"609561005"	"C10C.00"
"1968641000006114"	"Maturity-onset diabetes of the young, type 5"	"609572000"	"C10Q.00"
"345251000000112"	"Metabolic syndrome"	"237602007"	"C1A0.00"
"356079015"	"Metabolic syndrome X"	"237602007"	"C10F811"
"940381000006115"	"Metabolic X syndrome"	"940381000006104"	"NO READ CODE"
"5095031000006114"	"Microalbuminuric diabetic nephropathy"	"236499007"	"NO READ CODE"
"5109621000006112"	"MODY - Maturity onset diabetes glucokinase-related"	"237604008"	"NO READ CODE"
"3416171000006118"	"Necrobiosis lipoidica diabeticorum"	"56391002"	"NO READ CODE"
"82979011"	"Neonatal diabetes mellitus"	"49817004"	"Q441.00"
"303846016"	"Nephrotic syndrome in diabetes mellitus"	"197605007"	"K01x100"
"1694761000006113"	"Newly diagnosed diabetes"	"405749004"	"NO READ CODE"
"493773010"	"NIDDM - Non-insulin dependent diabetes mellitus"	"44054006"	"C109.11"
"73466011"	"Non-insulin dependent diabetes mellitus"	"44054006"	"C100112"
"280571000006116"	"Non-insulin dependent diabetes mellitus"	"44054006"	"C109.00"
"457328010"	"Non-insulin-dependent diabetes mellitus without complication"	"313436004"	"C109900"
"856771000006110"	"Patient has been told has diabetes"	"856771000006106"	"NO READ CODE"
"5933621000006118"	"Perceived control of insulin-dependent diabetes"	"304752002"	"NO READ CODE"
"3039971000006114"	"Pineal hyperplasia, insulin-resistant diabetes mellitus and somatic abnormalities"	"33559001"	"NO READ CODE"
"3511581000006114"	"Pretibial pigmental patches in diabetes"	"62260007"	"NO READ CODE"
"96244016"	"Protein-deficient diabetes mellitus"	"57886004"	"NO READ CODE"
"354509014"	"Proteinuric diabetic nephropathy"	"236500003"	"K08yA00"
"918281000006116"	"Pt advised re diabetic diet"	"918281000006100"	"NO READ CODE"
"902201000006112"	"Reaction: insulin/antidiabetic"	"293190009"	"TJ23.99"
"1850931000006111"	"Reason for influenza vaccine - diabetes mellitus"	"1850931000006107"	"NO READ CODE"
"356080017"	"Reaven's syndrome"	"237602007"	"C10F800"
"193221000006111"	"Reaven's syndrome"	"237602007"	"C109800"
"15518018"	"Secondary diabetes mellitus"	"8801005"	"C10N.00"
"189721000000113"	"Secondary diabetes mellitus without complication"	"8801005"	"C10N000"
"356078011"	"Secondary endocrine diabetes mellitus"	"237601000"	"NO READ CODE"
"1230929011"	"Secondary pancreatic diabetes mellitus"	"51002006"	"C10G.00"
"127041000006110"	"Steroid-induced diabetes"	"190447002"	"C11y000"
"127051000006112"	"Steroid-induced diabetes mellitus without complication"	"190416008"	"C10B000"
"5109541000006118"	"Transient neonatal diabetes mellitus"	"237603002"	"NO READ CODE"
"264695015"	"Understands diet - diabetes"	"170753006"	"66A9.00"
"411891014"	"Unstable diabetes"	"11530004"	"66AJ.11"
"2683591000006110"	"Unstable diabetes mellitus"	"11530004"	"NO READ CODE"
"72651000006114"	"Unstable insulin dependent diabetes mellitus"	"11530004"	"C108400"
"429972014"	"Unstable insulin dependent diabetes mellitus"	"11530004"	"C10E412"
"1233307015"	"Wolfram syndrome"	"70694009"	"PKyP.11"
"317347010"	"[D]Gangrene of toe in diabetic"	"195302000"	"R054200"
"317348017"	"[D]Widespread diabetic foot gangrene"	"195303005"	"R054300"
"910501000006113"	"[RFC] Diabetic foot ulcer"	"910501000006109"	"NO READ CODE"
"906711000006116"	"[RFC] Diabetic foot/leg ulcer"	"906711000006100"	"NO READ CODE"
"910491000006117"	"[RFC] Diabetic leg ulcer"	"910491000006101"	"NO READ CODE"
"396671000006110"	"[X]Malnutrit-related diabetes mellitus with unspec complics"	"190411003"	"Cyu2200"
"3513752015"	"Absence of lower limb due to diabetes mellitus"	"735200002"	"NO READ CODE"
"3636752017"	"Acute complication co-occurrent and due to diabetes mellitus"	"762489000"	"NO READ CODE"
"3636751012"	"Acute complication with diabetes mellitus"	"762489000"	"NO READ CODE"
"297550019"	"Acute painful diabetic neuropathy"	"193183000"	"F372000"
"297755010"	"Advanced diabetic maculopathy"	"193350004"	"F420300"
"455408014"	"Advanced diabetic retinal disease"	"311782002"	"F420500"
"14071371000006113"	"Advanced maculopathy due to diabetes mellitus"	"193350004"	"NO READ CODE"
"14077471000006114"	"Advanced retinal disease due to diabetes mellitus"	"311782002"	"NO READ CODE"
"7966931000006114"	"Angina associated with type 2 diabetes mellitus"	"791000119109"	"NO READ CODE"
"297552010"	"Asymptomatic diabetic neuropathy"	"193185007"	"F372200"
"14071341000006117"	"Asymptomatic neuropathy due to diabetes mellitus"	"193185007"	"NO READ CODE"
"1230890017"	"Autonomic neuropathy due to diabetes"	"50620007"	"F171100"
"14058781000006117"	"Autonomic neuropathy due to diabetes mellitus"	"50620007"	"NO READ CODE"
"1785332013"	"Background diabetic retinopathy"	"390834004"	"F420000"
"6515211000006114"	"BDR - Background diabetic retinopathy"	"390834004"	"NO READ CODE"
"84691000006115"	"Cataract due to diabetes mellitus type 1"	"421920002"	"C108F11"
"84871000006117"	"Cataract due to diabetes mellitus type 2"	"420756003"	"C109E11"
"12078931000006114"	"Cataract of left eye due to diabetes mellitus"	"768793002"	"NO READ CODE"
"12078901000006118"	"Cataract of right eye due to diabetes mellitus"	"768792007"	"NO READ CODE"
"308360012"	"Cellulitis in diabetic foot"	"200687002"	"M037200"
"14071441000006113"	"Cellulitis of foot due to diabetes mellitus"	"200687002"	"NO READ CODE"
"8027391000006115"	"Chronic kidney disease stage 1 due to type 1 diabetes mellitus"	"90721000119101"	"NO READ CODE"
"7966791000006111"	"Chronic kidney disease stage 1 due to type 2 diabetes mellitus"	"751000119104"	"NO READ CODE"
"7966761000006115"	"Chronic kidney disease stage 2 due to type 2 diabetes mellitus"	"741000119101"	"NO READ CODE"
"7966691000006116"	"Chronic kidney disease stage 3 due to type 2 diabetes mellitus"	"731000119105"	"NO READ CODE"
"7966641000006113"	"Chronic kidney disease stage 4 due to type 2 diabetes mellitus"	"721000119107"	"NO READ CODE"
"14174321000006116"	"Chronic kidney disease stage 5 due to drug induced diabetes mellitus"	"368461000119103"	"NO READ CODE"
"8027491000006113"	"Chronic kidney disease stage 5 due to type 1 diabetes mellitus"	"90761000119106"	"NO READ CODE"
"7966611000006114"	"Chronic kidney disease stage 5 due to type 2 diabetes mellitus"	"711000119100"	"NO READ CODE"
"297551015"	"Chronic painful diabetic neuropathy"	"193184006"	"F372100"
"14071331000006110"	"Chronic painful neuropathy due to diabetes mellitus"	"193184006"	"NO READ CODE"
"12085921000006112"	"Clinically significant macular oedema of left eye due to diabetes mellitus"	"769222008"	"NO READ CODE"
"12085891000006118"	"Clinically significant macular oedema of right eye co-occurrent and due to diabetes mellitus"	"769221001"	"NO READ CODE"
"2532967014"	"Clinically significant macular oedema of right eye due to diabetes mellitus"	"769221001"	"2BBm.00"
"12705021000006112"	"Clinically significant macular oedema of right eye due to diabetes mellitus"	"769221001"	"NO READ CODE"
"12102571000006117"	"Clinically significant macular oedema with diabetes mellitus"	"770097006"	"NO READ CODE"
"292488013"	"Coma associated with diabetes mellitus"	"420662003"	"C103y00"
"14060651000006114"	"Complication due to diabetes mellitus"	"74627003"	"NO READ CODE"
"14015311000006110"	"Coronary artery disease due to type 2 diabetes mellitus"	"16891151000119103"	"NO READ CODE"
"881491000006119"	"Diabetes + eye manifestation"	"25093002"	"C105.99"
"881481000006117"	"Diabetes + nephropathy"	"127013003"	"C104.99"
"881501000006110"	"Diabetes + neuropathy"	"230572002"	"C106.99"
"881521000006117"	"Diabetes + other complications"	"658011000000104"	"C10y.99"
"881511000006113"	"Diabetes + periph.circulat.dis"	"422275004"	"C107.99"
"494831000000119"	"Diabetes mellitus associated with cystic fibrosis"	"426705001"	"C10N100"
"10928019"	"Diabetes mellitus associated with genetic syndrome"	"5969009"	"NO READ CODE"
"3459801000006118"	"Diabetes mellitus associated with hormonal aetiology"	"59079001"	"NO READ CODE"
"198461000000116"	"Diabetes mellitus associated with pancreatic disease"	"51002006"	"C10G000"
"292479016"	"Diabetes mellitus NOS with ketoacidosis"	"420422005"	"C101z00"
"292489017"	"Diabetes mellitus NOS with ketoacidotic coma"	"420422005"	"C103z00"
"292512019"	"Diabetes mellitus NOS with neurological manifestation"	"422088007"	"C106z00"
"292475010"	"Diabetes mellitus NOS with no mention of complication"	"111552007"	"C100z00"
"292503016"	"Diabetes mellitus NOS with ophthalmic manifestation"	"25093002"	"C105z00"
"292621010"	"Diabetes mellitus NOS with other specified manifestation"	"73211009"	"C10yz00"
"292523015"	"Diabetes mellitus NOS with peripheral circulatory disorder"	"421895002"	"C107z00"
"8014501000006115"	"Diabetes mellitus type 1 without retinopathy"	"31321000119102"	"NO READ CODE"
"7968751000006116"	"Diabetes mellitus type 2 without retinopathy"	"1481000119100"	"NO READ CODE"
"616351000006115"	"Diabetes mellitus with gangrene"	"422275004"	"C107.11"
"292480018"	"Diabetes mellitus with hyperosmolar coma"	"422126006"	"C102.00"
"2622193012"	"Diabetes mellitus with ketoacidosis"	"420422005"	"C101.00"
"616381000006111"	"Diabetes mellitus with ketoacidotic coma"	"26298008"	"C103.00"
"292565014"	"Diabetes mellitus with multiple complications"	"385041000000108"	"C108z00"
"292496015"	"Diabetes mellitus with nephropathy NOS"	"127013003"	"C104z00"
"345487013"	"Diabetes mellitus with neuropathy"	"230572002"	"C106.12"
"292617015"	"Diabetes mellitus with other specified manifestation"	"74627003"	"C10y.00"
"616451000006110"	"Diabetes mellitus with polyneuropathy"	"49455004"	"C106.13"
"616461000006112"	"Diabetes mellitus with renal manifestation"	"127013003"	"C104.00"
"292622015"	"Diabetes mellitus with unspecified complication"	"74627003"	"C10z.00"
"292466013"	"Diabetes mellitus without complication"	"111552007"	"C100.00"
"616481000006119"	"Diabetes mellitus, adult onset, + neurological manifestation"	"421326000"	"C106100"
"616491000006116"	"Diabetes mellitus, adult onset, + ophthalmic manifestation"	"422099009"	"C105100"
"292483016"	"Diabetes mellitus, adult onset, with hyperosmolar coma"	"190331003"	"C102100"
"616531000006116"	"Diabetes mellitus, adult onset, with ketoacidosis"	"421750000"	"C101100"
"616541000006114"	"Diabetes mellitus, adult onset, with ketoacidotic coma"	"421847006"	"C103100"
"616551000006111"	"Diabetes mellitus, adult onset, with renal manifestation"	"420279001"	"C104100"
"616561000006113"	"Diabetes mellitus, adult with gangrene"	"421631007"	"C107200"
"616571000006118"	"Diabetes mellitus, adult, + other specified manifestation"	"73211009"	"C10y100"
"616581000006115"	"Diabetes mellitus, adult, + peripheral circulatory disorder"	"422166005"	"C107100"
"616601000006113"	"Diabetes mellitus, juvenile type, + ophthalmic manifestation"	"739681000"	"C105000"
"292482014"	"Diabetes mellitus, juvenile type, with hyperosmolar coma"	"190330002"	"C102000"
"616641000006110"	"Diabetes mellitus, juvenile type, with ketoacidosis"	"420270002"	"C101000"
"616651000006112"	"Diabetes mellitus, juvenile type, with ketoacidotic coma"	"421075007"	"C103000"
"616661000006114"	"Diabetes mellitus, juvenile type, with renal manifestation"	"421893009"	"C104000"
"616671000006119"	"Diabetes mellitus, juvenile, + neurological manifestation"	"421468001"	"C106000"
"616681000006116"	"Diabetes mellitus, juvenile, + other specified manifestation"	"73211009"	"C10y000"
"6951091000006110"	"Diabetes type 1 with ketoacidosis"	"420270002"	"NO READ CODE"
"9313441000006115"	"Diabetes type 2 with diabetic ulcer of left foot"	"10660471000119109"	"NO READ CODE"
"914261000006119"	"Diabetes type 2 with nephropathy"	"420279001"	"C10FC00"
"6969931000006116"	"Diabetes type 2 with neurological disorder"	"421326000"	"NO READ CODE"
"6982521000006119"	"Diabetes type 2 with retinopathy"	"422034002"	"NO READ CODE"
"932641000006116"	"Diabetes with coma"	"630521000000101"	"C103y99"
"881471000006115"	"Diabetes with coma"	"26298008"	"C103.99"
"616831000006118"	"Diabetes with gangrene"	"422275004"	"C107.12"
"881461000006110"	"Diabetes+ketoacidosis -no coma"	"420422005"	"C101.99"
"3319861000006118"	"Diabetic autonomic neuropathy"	"50620007"	"NO READ CODE"
"12078961000006117"	"Diabetic cataract of bilateral eyes"	"768794008"	"NO READ CODE"
"5009561000006114"	"Diabetic chronic painful polyneuropathy"	"230575000"	"NO READ CODE"
"292626017"	"Diabetic complication"	"74627003"	"C10zz00"
"2900951000006115"	"Diabetic eye disease"	"25093002"	"NO READ CODE"
"5634901000006116"	"Diabetic foot"	"280137006"	"NO READ CODE"
"6348911000006117"	"Diabetic foot ulcer"	"371087003"	"NO READ CODE"
"4808881000006117"	"Diabetic hand syndrome"	"201723002"	"NO READ CODE"
"297964010"	"Diabetic iritis"	"193489006"	"F440700"
"6953861000006110"	"Diabetic ketoacidosis"	"420422005"	"NO READ CODE"
"178798017"	"Diabetic ketoacidosis without coma"	"111556005"	"NO READ CODE"
"12085791000006112"	"Diabetic macular edema of left eye"	"769218003"	"NO READ CODE"
"12085761000006116"	"Diabetic macular oedema of left eye"	"769218003"	"NO READ CODE"
"12085721000006110"	"Diabetic macular oedema of right eye"	"769217008"	"NO READ CODE"
"347657010"	"Diabetic maculopathy"	"232020009"	"F420400"
"13949711000006112"	"Diabetic maculopathy of bilateral eyes present"	"860712005"	"NO READ CODE"
"12086331000006116"	"Diabetic maculopathy of left eye"	"769245002"	"NO READ CODE"
"12086281000006113"	"Diabetic maculopathy of right eye"	"769244003"	"NO READ CODE"
"345492010"	"Diabetic mononeuropathy"	"230577008"	"F3y0.00"
"4808921000006113"	"Diabetic neuropathic arthropathy"	"201724008"	"NO READ CODE"
"345486016"	"Diabetic neuropathy"	"230572002"	"F372.12"
"12702381000006118"	"Diabetic oculopathy due to type I diabetes mellitus"	"739681000"	"NO READ CODE"
"2549901010"	"Diabetic patient unsuitable for digital retinal photography"	"417681008"	"9OLD.00"
"2415191000000113"	"Diabetic peripheral neuropathic pain"	"944141000000108"	"1M8..00"
"7032031000006112"	"Diabetic peripheral neuropathy"	"424736006"	"NO READ CODE"
"82373015"	"Diabetic polyneuropathy"	"49455004"	"F372.11"
"7861581000006118"	"Diabetic radiculoplexus neuropathy"	"724810001"	"NO READ CODE"
"293759015"	"Diabetic renal disease"	"127013003"	"Cyu2300"
"2906401000006113"	"Diabetic retinal microaneurysm"	"25412000"	"NO READ CODE"
"6630591000006111"	"Diabetic retinal venous beading"	"399866003"	"NO READ CODE"
"9093013"	"Diabetic retinopathy"	"4855003"	"F420.00"
"7812131000006119"	"Diabetic retinopathy absent"	"721103006"	"NO READ CODE"
"297758012"	"Diabetic retinopathy NOS"	"4855003"	"F420z00"
"7812121000006117"	"Diabetic retinopathy of eye not detected"	"721103006"	"NO READ CODE"
"6985411000006117"	"Diabetic skin ulcer"	"422183001"	"NO READ CODE"
"5030771000006114"	"Diabetic traction retinal detachment"	"232023006"	"NO READ CODE"
"6670981000006118"	"Diabetic wet gangrene of the foot"	"402864004"	"NO READ CODE"
"8064411000006119"	"Diabetic with adequate control"	"204061000000100"	"NO READ CODE"
"616611000006111"	"Disorder due to type 1 diabetes mellitus"	"420868002"	"C10z000"
"616501000006112"	"Disorder due to type 2 diabetes mellitus"	"422014003"	"C10z100"
"13767911000006119"	"Disorder of eye due to diabetes mellitus"	"25093002"	"NO READ CODE"
"14084101000006111"	"Disorder of eye due to type 2 diabetes mellitus"	"422099009"	"NO READ CODE"
"84771000006114"	"Disorder of eye with type 1 diabetes mellitus"	"739681000"	"C108111"
"914051000006113"	"Disorder of eye with type 2 diabetes mellitus"	"422099009"	"C10F100"
"84951000006118"	"Disorder of eye with type 2 diabetes mellitus"	"422099009"	"C109111"
"14067581000006118"	"Disorder of kidney due to diabetes mellitus"	"127013003"	"NO READ CODE"
"14092441000006112"	"Disorder of left macula due to diabetes mellitus"	"769245002"	"NO READ CODE"
"14072591000006111"	"Disorder of macula due to diabetes mellitus"	"232020009"	"NO READ CODE"
"14084091000006117"	"Disorder of nervous system due to diabetes mellitus"	"422088007"	"NO READ CODE"
"14083941000006112"	"Disorder of nervous system due to type 1 diabetes mellitus"	"421468001"	"NO READ CODE"
"14083911000006113"	"Disorder of nervous system due to type 2 diabetes mellitus"	"421326000"	"NO READ CODE"
"14092431000006119"	"Disorder of right macula due to diabetes mellitus"	"769244003"	"NO READ CODE"
"6953901000006115"	"DKA - diabetic ketoacidosis"	"420422005"	"NO READ CODE"
"2576431000006117"	"DR - Diabetic retinopathy"	"4855003"	"NO READ CODE"
"6022691000006119"	"Early proliferative diabetic retinopathy"	"312906006"	"NO READ CODE"
"8440231000006115"	"Eating disorder co-occurrent with diabetes mellitus type 1"	"1067201000000106"	"NO READ CODE"
"2243331000000115"	"Erectile dysfunction due to diabetes mellitus"	"867891000000101"	"K27y700"
"14092491000006115"	"Erectile dysfunction due to diabetes mellitus"	"770096002"	"NO READ CODE"
"938321000006116"	"Exudative maculopathy associated with type 2 diabetes mellitus"	"421779007"	"C10FQ00"
"14083771000006118"	"Exudative maculopathy due to type 1 diabetes mellitus"	"420486006"	"NO READ CODE"
"938301000006114"	"Exudative maculopathy with type 1 diabetes mellitus"	"420486006"	"C10EP00"
"938331000006118"	"Exudative maculopathy with type 2 diabetes mellitus"	"421779007"	"C10FQ11"
"616421000006118"	"Eye disorder due to diabetes mellitus"	"25093002"	"C105.00"
"6041341000006114"	"Focal diabetic maculopathy"	"314011005"	"NO READ CODE"
"12224911000006115"	"Focal exudative diabetic maculopathy"	"314011005"	"NO READ CODE"
"14077861000006116"	"Focal exudative maculopathy due to diabetes mellitus"	"314011005"	"NO READ CODE"
"764201000006110"	"Foot abnormality - diabetes related"	"280137006"	"2G5C.00"
"764191000006112"	"Foot abnormality - diabetes related"	"280137006"	"2G51000"
"7969001000006112"	"Foot ulcer due to type 2 diabetes mellitus"	"1521000119100"	"NO READ CODE"
"8026041000006113"	"Forefoot ulcer due to type 2 diabetes mellitus"	"87461000119100"	"NO READ CODE"
"6961081000006118"	"Gangrene associated with type 1 diabetes mellitus"	"420825003"	"NO READ CODE"
"281211000006117"	"Gangrene associated with type 2 diabetes mellitus"	"421631007"	"C109500"
"14083961000006111"	"Gangrene due to type 2 diabetes mellitus"	"421631007"	"NO READ CODE"
"7708081000006116"	"Gastroparesis due to diabetes mellitus"	"713704004"	"NO READ CODE"
"7708051000006112"	"Gastroparesis due to diabetes mellitus type I"	"713702000"	"NO READ CODE"
"12705071000006113"	"Gastroparesis due to type 1 diabetes mellitus"	"713702000"	"NO READ CODE"
"12705081000006111"	"Gastroparesis due to type 2 diabetes mellitus"	"713703005"	"NO READ CODE"
"12363701000006117"	"Gastroparesis with diabetes mellitus"	"713704004"	"NO READ CODE"
"299601000000114"	"Gastroparesis with type 1 diabetes mellitus"	"713702000"	"C10EQ00"
"299621000000117"	"Gastroparesis with type 2 diabetes mellitus"	"713703005"	"C10FR00"
"63021000000116"	"Good compliance with diabetic diet"	"25351000000101"	"66AY.00"
"8026061000006112"	"Heel AND/OR midfoot ulcer due to type 1 diabetes mellitus"	"87481000119109"	"NO READ CODE"
"1785163015"	"High risk proliferative diabetic retinopathy"	"312907002"	"F420700"
"14077731000006117"	"High risk proliferative retinopathy due to diabetes mellitus"	"312907002"	"NO READ CODE"
"8119331000006114"	"Hyperglycaemia due to type 1 diabetes mellitus"	"367991000119101"	"NO READ CODE"
"292484010"	"Hyperosmolar coma associated with diabetes mellitus"	"422126006"	"C102z00"
"13833601000006113"	"Hyperosmolar coma due to diabetes mellitus"	"422126006"	"NO READ CODE"
"8120401000006111"	"Hyperosmolar coma due to secondary diabetes mellitus"	"368601000119102"	"NO READ CODE"
"3514795011"	"Hyperosmolar hyperglycaemic coma due to diabetes mellitus without ketoacidosis"	"735537007"	"NO READ CODE"
"14077381000006115"	"Hyperosmolar non-ketotic state due to diabetes mellitus"	"310505005"	"NO READ CODE"
"14079871000006119"	"Hyperosmolar non-ketotic state due to type 2 diabetes mellitus"	"395204000"	"NO READ CODE"
"8118151000006112"	"Hyperosmolarity co-occurrent and due to drug induced diabetes mellitus"	"367261000119100"	"NO READ CODE"
"8044061000006119"	"Hypertension in chronic kidney disease stage 3 due to type 2 diabetes mellitus"	"140121000119100"	"NO READ CODE"
"14073091000006112"	"Hypoglycaemia due to diabetes mellitus"	"237633009"	"NO READ CODE"
"459169018"	"Hypoglycaemic coma co-occurrent and due to diabetes mellitus type II"	"719216001"	"C10FD11"
"14083931000006119"	"Hypoglycaemic coma due to type 1 diabetes mellitus"	"421437000"	"NO READ CODE"
"14090011000006118"	"Hypoglycaemic coma due to type 2 diabetes mellitus"	"719216001"	"NO READ CODE"
"14073081000006114"	"Hypoglycaemic event due to diabetes"	"237632004"	"NO READ CODE"
"787101000006114"	"IDDM with peripheral circulatory disorder"	"421895002"	"C107300"
"733161000000116"	"Impaired vision due to diabetic retinopathy"	"373041000000101"	"2BBr.00"
"6931861000006110"	"Infection of foot associated with diabetes"	"419100001"	"NO READ CODE"
"13832391000006118"	"Infection of foot due to diabetes mellitus"	"419100001"	"NO READ CODE"
"913981000006115"	"Insulin dependent diab mell with neuropathic arthropathy"	"201724008"	"C10EJ12"
"772131000006111"	"Insulin dependent diab mell with neuropathic arthropathy"	"201724008"	"C108J00"
"913921000006119"	"Insulin dependent diab mell with peripheral angiopathy"	"421895002"	"C10EG12"
"772141000006118"	"Insulin dependent diab mell with peripheral angiopathy"	"421895002"	"C108G00"
"459293018"	"Insulin dependent diabetes mellitus with arthropathy"	"39710007"	"C10EH12"
"771331000006116"	"Insulin dependent diabetes mellitus with arthropathy"	"39710007"	"C108H00"
"913891000006113"	"Insulin dependent diabetes mellitus with diabetic cataract"	"43959009"	"C10EF12"
"771341000006114"	"Insulin dependent diabetes mellitus with diabetic cataract"	"43959009"	"C108F00"
"913621000006112"	"Insulin dependent diabetes mellitus with gangrene"	"422275004"	"C10E612"
"771351000006111"	"Insulin dependent diabetes mellitus with gangrene"	"422275004"	"C108600"
"459162010"	"Insulin dependent diabetes mellitus with hypoglycaemic coma"	"237632004"	"C10EE12"
"771361000006113"	"Insulin dependent diabetes mellitus with hypoglycaemic coma"	"237632004"	"C108E00"
"913771000006115"	"Insulin dependent diabetes mellitus with mononeuropathy"	"230577008"	"C10EB12"
"771371000006118"	"Insulin dependent diabetes mellitus with mononeuropathy"	"230577008"	"C108B00"
"913531000006111"	"Insulin dependent diabetes mellitus with multiple complicat"	"385041000000108"	"C10E312"
"771381000006115"	"Insulin dependent diabetes mellitus with multiple complicatn"	"385041000000108"	"C108300"
"771391000006117"	"Insulin dependent diabetes mellitus with nephropathy"	"127013003"	"C108D00"
"913831000006114"	"Insulin dependent diabetes mellitus with nephropathy"	"127013003"	"C10ED12"
"771401000006115"	"Insulin dependent diabetes mellitus with polyneuropathy"	"49455004"	"C108C00"
"913801000006118"	"Insulin dependent diabetes mellitus with polyneuropathy"	"49455004"	"C10EC12"
"771411000006117"	"Insulin dependent diabetes mellitus with retinopathy"	"4855003"	"C108700"
"913651000006115"	"Insulin dependent diabetes mellitus with retinopathy"	"4855003"	"C10E712"
"771421000006113"	"Insulin dependent diabetes mellitus with ulcer"	"422183001"	"C108500"
"771481000006112"	"Insulin-dependent diabetes mellitus with neurological comps"	"422088007"	"C108200"
"913501000006115"	"Insulin-dependent diabetes mellitus with neurological comps"	"422088007"	"C10E212"
"771491000006110"	"Insulin-dependent diabetes mellitus with ophthalmic comps"	"25093002"	"C108100"
"913471000006110"	"Insulin-dependent diabetes mellitus with ophthalmic comps"	"25093002"	"C10E112"
"771501000006119"	"Insulin-dependent diabetes mellitus with renal complications"	"127013003"	"C108000"
"913441000006119"	"Insulin-dependent diabetes mellitus with renal complications"	"127013003"	"C10E012"
"6041411000006117"	"Ischaemic diabetic maculopathy"	"314014002"	"NO READ CODE"
"8044221000006116"	"Ischaemic foot ulcer due to type 2 diabetes mellitus"	"140521000119107"	"NO READ CODE"
"309177010"	"Ischaemic ulcer diabetic foot"	"201250006"	"M271000"
"14071551000006111"	"Ischaemic ulcer of foot due to diabetes mellitus"	"201250006"	"NO READ CODE"
"14083741000006114"	"Ketoacidosis due to type 1 diabetes mellitus"	"420270002"	"NO READ CODE"
"14083991000006115"	"Ketoacidosis due to type 2 diabetes mellitus"	"421750000"	"NO READ CODE"
"6953871000006115"	"Ketoacidosis in diabetes mellitus"	"420422005"	"NO READ CODE"
"928501000006119"	"Ketoacidosis in type 1 diabetes mellitus"	"420270002"	"C10EM00"
"928581000006111"	"Ketoacidosis in type 2 diabetes mellitus"	"421750000"	"C10FN00"
"6977421000006110"	"Ketoacidosis in type II diabetes mellitus"	"421750000"	"NO READ CODE"
"14056961000006112"	"Ketoacidotic coma due to diabetes mellitus"	"26298008"	"NO READ CODE"
"928521000006112"	"Ketoacidotic coma in type 1 diabetes mellitus"	"421075007"	"C10EN00"
"12704991000006114"	"Ketoacidotic coma in type 2 diabetes mellitus"	"421847006"	"NO READ CODE"
"928601000006118"	"Ketoacidotic coma in type 2 diabetes mellitus"	"421847006"	"C10FP00"
"928611000006115"	"Ketoacidotic coma in type II diabetes mellitus"	"421847006"	"C10FP11"
"354316011"	"Kidney disorder due to diabetes mellitus"	"127013003"	"C314.11"
"856611000006114"	"Laser treated diabetic retinopathy"	"856611000006105"	"NO READ CODE"
"856651000006110"	"Left advanced diabetic retinal disease"	"856651000006106"	"NO READ CODE"
"856661000006112"	"Left diabetic foot active ulceration"	"856661000006108"	"NO READ CODE"
"856671000006117"	"Left diabetic foot high risk"	"856671000006101"	"NO READ CODE"
"856691000006116"	"Left diabetic foot low current risk"	"856691000006100"	"NO READ CODE"
"856641000006113"	"Left diabetic maculopathy"	"856641000006109"	"NO READ CODE"
"856631000006115"	"Left laser treated diabetic retinopathy"	"856631000006104"	"NO READ CODE"
"857031000006113"	"Left non-proliferative diabetic retinopathy"	"857031000006109"	"NO READ CODE"
"857051000006118"	"Left preproliferative diabetic retinopathy"	"857051000006102"	"NO READ CODE"
"856621000006118"	"Left proliferative diabetic retinopathy"	"856621000006102"	"NO READ CODE"
"2156000010"	"Lipodystrophy, partial, with Rieger anomaly, short stature, and insulinopenic diabetes mellitus"	"237608006"	"NO READ CODE"
"14070771000006115"	"Loss of hypoglycaemic warning due to diabetes mellitus"	"170766006"	"NO READ CODE"
"7863801000006113"	"Lumbosacral plexopathy co-occurrent and due to diabetes mellitus"	"724997001"	"NO READ CODE"
"7863811000006111"	"Lumbosacral plexopathy with diabetes mellitus"	"724997001"	"NO READ CODE"
"14057771000006116"	"Lumbosacral radiculoplexus neuropathy due to diabetes mellitus"	"39058009"	"NO READ CODE"
"14085781000006119"	"Macroalbuminuric nephropathy due to diabetes mellitus"	"445170001"	"NO READ CODE"
"13810181000006111"	"Macular oedema due to diabetes mellitus"	"312912001"	"NO READ CODE"
"12300391000006115"	"Macular oedema not clinically significant with diabetes mellitus"	"399864000"	"NO READ CODE"
"2159980012"	"Maculopathy of left eye with diabetes mellitus"	"769245002"	"2BBX.00"
"2159979014"	"Maculopathy of right eye with diabetes mellitus"	"769244003"	"2BBW.00"
"719541000006111"	"Malnutrition-related diabetes mellitus with coma"	"420996007"	"C10A000"
"292606016"	"Malnutrition-related diabetes mellitus with ketoacidosis"	"190406000"	"C10A100"
"396661000006115"	"Malnutrition-related diabetes mellitus with multiple complications"	"190411003"	"Cyu2100"
"719561000006110"	"Malnutrition-related diabetes mellitus with multiple comps"	"190411003"	"C10A600"
"719601000006110"	"Malnutrition-related diabetes mellitus with peripheral circulatory complications"	"190410002"	"C10A500"
"719571000006115"	"Malnutrition-related diabetes mellitus with renal complications"	"190407009"	"C10A200"
"719591000006119"	"Malnutrition-related diabetes mellitus wth neuro complicatns"	"420683009"	"C10A400"
"720311000006119"	"Malnutrit-relat diabetes mellitus with other spec comps"	"190411003"	"C10AX00"
"719471000006119"	"Malnutrit-related diabetes mellitus with unspec complics"	"190411003"	"C10AW00"
"2575281000006111"	"Maternal diabetes mellitus with hypoglycaemia affecting fetus OR newborn"	"4783006"	"NO READ CODE"
"2575261000006118"	"Maternal diabetes mellitus with hypoglycaemia affecting foetus OR newborn"	"4783006"	"NO READ CODE"
"2575271000006113"	"Maternal diabetes mellitus with hypoglycemia affecting fetus OR newborn"	"4783006"	"NO READ CODE"
"356110010"	"Megaloblastic anaemia, thiamine-responsive, with diabetes mellitus and sensorineural deafness"	"237617006"	"NO READ CODE"
"8006221000006115"	"Microalbuminuria due to type 1 diabetes mellitus"	"18521000119106"	"NO READ CODE"
"8027521000006110"	"Microalbuminuria due to type 2 diabetes mellitus"	"90781000119102"	"NO READ CODE"
"6022601000006114"	"Mild non proliferative retinopathy"	"312903003"	"NO READ CODE"
"12085161000006115"	"Mild non proliferative retinopathy of left eye"	"769184004"	"NO READ CODE"
"12085081000006112"	"Mild non proliferative retinopathy of right eye"	"769183005"	"NO READ CODE"
"6022611000006112"	"Mild nonproliferative diabetic retinopathy"	"312903003"	"NO READ CODE"
"6022581000006116"	"Mild non-proliferative diabetic retinopathy"	"312903003"	"NO READ CODE"
"12085121000006114"	"Mild nonproliferative diabetic retinopathy of left eye"	"769184004"	"NO READ CODE"
"12085141000006119"	"Mild non-proliferative diabetic retinopathy of left eye"	"769184004"	"NO READ CODE"
"12085071000006114"	"Mild nonproliferative diabetic retinopathy of right eye"	"769183005"	"NO READ CODE"
"12085091000006110"	"Mild non-proliferative diabetic retinopathy of right eye"	"769183005"	"NO READ CODE"
"6022591000006118"	"Mild nonproliferative retinopathy"	"312903003"	"NO READ CODE"
"14077691000006113"	"Mild nonproliferative retinopathy due to diabetes mellitus"	"312903003"	"NO READ CODE"
"8120431000006115"	"Mild nonproliferative retinopathy due to secondary diabetes mellitus"	"368711000119106"	"NO READ CODE"
"12085131000006112"	"Mild nonproliferative retinopathy of left eye"	"769184004"	"NO READ CODE"
"12085101000006116"	"Mild nonproliferative retinopathy of right eye"	"769183005"	"NO READ CODE"
"6041431000006111"	"Mixed diabetic maculopathy"	"314015001"	"NO READ CODE"
"309180011"	"Mixed diabetic ulcer - foot"	"201252003"	"M271200"
"7966571000006116"	"Mixed hyperlipidaemia associated with type II diabetes mellitus"	"701000119103"	"NO READ CODE"
"6022621000006116"	"Moderate nonproliferative diabetic retinopathy"	"312904009"	"NO READ CODE"
"12224731000006112"	"Moderate non-proliferative diabetic retinopathy"	"312904009"	"NO READ CODE"
"12085211000006112"	"Moderate nonproliferative diabetic retinopathy of left eye"	"769186002"	"NO READ CODE"
"12085231000006118"	"Moderate non-proliferative diabetic retinopathy of left eye"	"769186002"	"NO READ CODE"
"12085171000006110"	"Moderate nonproliferative diabetic retinopathy of right eye"	"769185003"	"NO READ CODE"
"12085181000006113"	"Moderate non-proliferative diabetic retinopathy of right eye"	"769185003"	"NO READ CODE"
"6022631000006118"	"Moderate nonproliferative retinopathy"	"312904009"	"NO READ CODE"
"14077701000006113"	"Moderate nonproliferative retinopathy due to diabetes mellitus"	"312904009"	"NO READ CODE"
"84721000006113"	"Mononeuropathy with type 1 diabetes mellitus"	"420918009"	"C108B11"
"84901000006117"	"Mononeuropathy with type 2 diabetes mellitus"	"420436000"	"C109A11"
"14071211000006113"	"Multiple complications due to type 2 diabetes mellitus"	"190388001"	"NO READ CODE"
"84731000006111"	"Multiple complications of type 1 diabetes mellitus"	"422228004"	"C108311"
"399419012"	"Myasthenic syndrome due to diabetic amyotrophy"	"267604001"	"F381300"
"616391000006114"	"Nervous system disorder due to diabetes mellitus"	"422088007"	"C106.00"
"12704971000006113"	"Neurologic disorder associated with type 2 diabetes mellitus"	"421326000"	"NO READ CODE"
"914071000006115"	"Neurologic disorder associated with type 2 diabetes mellitus"	"421326000"	"C10F200"
"84931000006113"	"Neurological disorder with diabetes type 2"	"421326000"	"C109211"
"913521000006113"	"Neurological disorder with type 1 diabetes mellitus"	"421468001"	"C10E211"
"13790071000006114"	"Neuropathic arthropathy due to diabetes mellitus"	"201724008"	"NO READ CODE"
"309179013"	"Neuropathic diabetic ulcer - foot"	"201251005"	"M271100"
"8044171000006110"	"Neuropathic toe ulcer due to type 2 diabetes mellitus"	"140381000119104"	"NO READ CODE"
"13790061000006119"	"Neuropathic ulcer of foot due to diabetes mellitus"	"201251005"	"NO READ CODE"
"14072461000006116"	"Neuropathy due to diabetes mellitus"	"230572002"	"NO READ CODE"
"2014951000006115"	"New diabetic foot ulcer"	"2014951000006104"	"NO READ CODE"
"13949611000006116"	"No maculopathy of left eye due to diabetes mellitus"	"860709007"	"NO READ CODE"
"13949641000006117"	"No maculopathy of right eye due to diabetes mellitus"	"860710002"	"NO READ CODE"
"14073101000006118"	"Nocturnal hypoglycaemia due to diabetes mellitus"	"237635002"	"NO READ CODE"
"1484867016"	"Non proliferative diabetic retinopathy"	"390834004"	"F420600"
"6630821000006112"	"Non-high-risk proliferative diabetic retinopathy with clinically significant macular oedema"	"399875001"	"NO READ CODE"
"6630661000006119"	"Non-high-risk proliferative diabetic retinopathy with no macular oedema"	"399870006"	"NO READ CODE"
"14077721000006115"	"Non-high-risk proliferative retinopathy due to diabetes mellitus"	"312906006"	"NO READ CODE"
"281161000006114"	"Non-insulin depend diabetes mellitus with diabetic cataract"	"420756003"	"C109E00"
"459309011"	"Non-insulin dependent diabetes mellitus with arthropathy"	"314903002"	"C109G00"
"280511000006113"	"Non-insulin dependent diabetes mellitus with hypoglyca coma"	"719216001"	"C109D00"
"280521000006117"	"Non-insulin dependent diabetes mellitus with mononeuropathy"	"420436000"	"C109A00"
"280531000006119"	"Non-insulin dependent diabetes mellitus with nephropathy"	"420279001"	"C109C00"
"281181000006116"	"Non-insulin dependent diabetes mellitus with neuropathic arthropathy"	"314904008"	"C109H00"
"280541000006112"	"Non-insulin dependent diabetes mellitus with polyneuropathy"	"713706002"	"C109B00"
"280581000006118"	"Non-insulin-dependent diabetes mellitus with multiple complications"	"190388001"	"C109300"
"280591000006115"	"Non-insulin-dependent diabetes mellitus with neuro comps"	"421326000"	"C109200"
"587111000006111"	"Non-insulin-dependent diabetes mellitus with ophthalm comps"	"422099009"	"C109100"
"280561000006111"	"Non-insulin-dependent diabetes mellitus with peripheral angiopathy"	"314902007"	"C109F00"
"587521000006111"	"Non-insulin-dependent diabetes mellitus with renal comps"	"420279001"	"C109000"
"641581000006115"	"Non-insulin-dependent diabetes mellitus with retinopathy"	"422034002"	"C109600"
"280551000006114"	"Non-insulin-dependent diabetes mellitus with ulcer"	"190389009"	"C109400"
"6515171000006112"	"Nonproliferative diabetic retinopathy"	"390834004"	"NO READ CODE"
"14079681000006115"	"Nonproliferative retinopathy due to diabetes mellitus"	"390834004"	"NO READ CODE"
"13488541000006117"	"Nonproliferative retinopathy of left eye due to diabetes mellitus"	"816177009"	"NO READ CODE"
"13488551000006115"	"Nonproliferative retinopathy of right eye due to diabetes mellitus"	"816178004"	"NO READ CODE"
"6515201000006111"	"NPDR - Non proliferative diabetic retinopathy"	"390834004"	"NO READ CODE"
"1484888013"	"O/E - diabetic maculopathy absent both eyes"	"390855002"	"2BBM.00"
"1484887015"	"O/E - diabetic maculopathy present both eyes"	"390854003"	"2BBL.00"
"2532976019"	"O/E - left chronic diabetic foot ulcer"	"414890007"	"2G5W.00"
"1488396017"	"O/E - Left diabetic foot - ulcerated"	"394674001"	"2G5L.00"
"2159974016"	"O/E - left eye background diabetic retinopathy"	"408410002"	"2BBQ.00"
"2159976019"	"O/E - left eye preproliferative diabetic retinopathy"	"408412005"	"2BBS.00"
"2159978018"	"O/E - left eye proliferative diabetic retinopathy"	"408414006"	"2BBV.00"
"975261000006113"	"O/E - left eye stable treated proliferative diabetic retinopathy"	"414894003"	"2BBl.00"
"2532977011"	"O/E - right chronic diabetic foot ulcer"	"414906009"	"2G5V.00"
"1488395018"	"O/E - Right diabetic foot - ulcerated"	"394673007"	"2G5H.00"
"2159973010"	"O/E - right eye background diabetic retinopathy"	"408409007"	"2BBP.00"
"2159975015"	"O/E - right eye preproliferative diabetic retinopathy"	"408411003"	"2BBR.00"
"2159977011"	"O/E - right eye proliferative diabetic retinopathy"	"408413000"	"2BBT.00"
"975251000006111"	"O/E - right eye stable treated proliferative diabetic retinopathy"	"414910007"	"2BBk.00"
"2549896013"	"O/E - sight threatening diabetic retinopathy"	"417677008"	"2BBo.00"
"292478012"	"Other specified diabetes mellitus with ketoacidosis"	"420422005"	"C101y00"
"13751000006117"	"Other specified diabetes mellitus with multiple comps"	"385041000000108"	"C108y00"
"13761000006115"	"Other specified diabetes mellitus with neurological comps"	"422088007"	"C106y00"
"13771000006110"	"Other specified diabetes mellitus with ophthalmic complicatn"	"25093002"	"C105y00"
"13781000006113"	"Other specified diabetes mellitus with other spec comps"	"73211009"	"C10yy00"
"13791000006111"	"Other specified diabetes mellitus with periph circ comps"	"421895002"	"C107y00"
"292495016"	"Other specified diabetes mellitus with renal complications"	"127013003"	"C104y00"
"13811000006110"	"Other specified diabetes mellitus with unspecified comps"	"74627003"	"C10zy00"
"2474726011"	"Pan retinal photocoagulation for diabetes"	"413180006"	"7276.00"
"6837961000006116"	"Panretinal photocoagulation for diabetes"	"413180006"	"NO READ CODE"
"12189891000006110"	"PDR - proliferative diabetic retinopathy"	"59276001"	"NO READ CODE"
"4392221000006118"	"Peripheral angiopathy due to diabetes mellitus"	"127014009"	"NO READ CODE"
"913941000006114"	"Peripheral angiopathy due to type 1 diabetes mellitus"	"31211000119101"	"C10EG11"
"12704411000006113"	"Peripheral circulatory disorder associated with diabetes mellitus"	"421895002"	"NO READ CODE"
"674961000006118"	"Peripheral circulatory disorder associated with type 2 diabetes mellitus"	"422166005"	"C107400"
"616441000006113"	"Peripheral vascular disorder due to diabetes mellitus"	"421895002"	"C107.00"
"928561000006118"	"Persistent microalbuminuria associated with type 2 diabetes mellitus"	"420715001"	"C10FM00"
"14083901000006110"	"Persistent microalbuminuria due to type 1 diabetes mellitus"	"421305000"	"NO READ CODE"
"14083811000006118"	"Persistent microalbuminuria due to type 2 diabetes mellitus"	"420715001"	"NO READ CODE"
"928461000006119"	"Persistent proteinuria associated with type 1 diabetes mellitus"	"420514000"	"C10EK00"
"928541000006117"	"Persistent proteinuria associated with type 2 diabetes mellitus"	"421986006"	"C10FL00"
"14083781000006115"	"Persistent proteinuria due to type 1 diabetes mellitus"	"420514000"	"NO READ CODE"
"14084041000006114"	"Persistent proteinuria due to type 2 diabetes mellitus"	"421986006"	"NO READ CODE"
"12185421000006113"	"Polyneuropathy due to diabetes mellitus"	"49455004"	"NO READ CODE"
"84791000006110"	"Polyneuropathy due to diabetes mellitus type I"	"713705003"	"C108C11"
"914241000006118"	"Polyneuropathy due to type 2 diabetes mellitus"	"713706002"	"C10FB00"
"214921000006116"	"Polyneuropathy in diabetes"	"49455004"	"F372.00"
"63041000000111"	"Poor compliance with diabetic diet"	"25361000000103"	"66Aa.00"
"4771421000006116"	"PPDR - Preproliferative diabetic retinopathy"	"193349004"	"NO READ CODE"
"297754014"	"Preproliferative diabetic retinopathy"	"193349004"	"F420200"
"12085051000006116"	"Preproliferative diabetic retinopathy of left eye"	"769182000"	"NO READ CODE"
"12085021000006113"	"Preproliferative diabetic retinopathy of right eye"	"769181007"	"NO READ CODE"
"14071361000006118"	"Preproliferative retinopathy due to diabetes mellitus"	"193349004"	"NO READ CODE"
"12085031000006111"	"Preproliferative retinopathy of right eye co-occurrent and due to diabetes mellitus"	"769181007"	"NO READ CODE"
"98476015"	"Proliferative diabetic retinopathy"	"59276001"	"F420100"
"6022721000006112"	"Proliferative diabetic retinopathy - high risk"	"312907002"	"NO READ CODE"
"6630481000006114"	"Proliferative diabetic retinopathy - high risk with no macular oedema"	"399862001"	"NO READ CODE"
"6022671000006115"	"Proliferative diabetic retinopathy - non high risk"	"312906006"	"NO READ CODE"
"6022761000006118"	"Proliferative diabetic retinopathy - quiescent"	"312908007"	"NO READ CODE"
"14059421000006119"	"Proliferative retinopathy due to diabetes mellitus"	"59276001"	"NO READ CODE"
"8077141000006113"	"Proteinuria due to type 1 diabetes mellitus"	"243421000119104"	"NO READ CODE"
"8048421000006113"	"Proteinuria due to type 2 diabetes mellitus"	"157141000119108"	"NO READ CODE"
"13791991000006116"	"Proteinuric nephropathy due to diabetes mellitus"	"236500003"	"NO READ CODE"
"14057821000006112"	"Radiculoplexus neuropathy due to diabetes mellitus"	"39181008"	"NO READ CODE"
"7500351000006110"	"Renal cysts and diabetes syndrome"	"609572000"	"NO READ CODE"
"913841000006116"	"Renal disorder associated with type 1 diabetes mellitus"	"421893009"	"C10ED00"
"914031000006118"	"Renal disorder associated with type II diabetes mellitus"	"420279001"	"C10F000"
"84921000006110"	"Renal disorder due to type 2 diabetes mellitus"	"420279001"	"C109C11"
"169731000006118"	"Retinal abnormality - diabetes-related"	"4855003"	"2BBF.00"
"12166111000006116"	"Retinopathy due to diabetes mellitus"	"4855003"	"NO READ CODE"
"14083831000006112"	"Retinopathy due to type 1 diabetes mellitus"	"420789003"	"NO READ CODE"
"14084061000006113"	"Retinopathy due to type 2 diabetes mellitus"	"422034002"	"NO READ CODE"
"913661000006118"	"Retinopathy with type 1 diabetes mellitus"	"420789003"	"C10E700"
"914151000006112"	"Retinopathy with type 2 diabetes mellitus"	"422034002"	"C10F600"
"857441000006114"	"Right advanced diabetic retinal disease"	"857441000006105"	"NO READ CODE"
"857691000006119"	"Right diabetic foot active ulceration"	"857691000006103"	"NO READ CODE"
"857721000006112"	"Right diabetic foot high risk"	"857721000006108"	"NO READ CODE"
"857761000006118"	"Right diabetic foot low current risk"	"857761000006102"	"NO READ CODE"
"857431000006116"	"Right diabetic maculopathy"	"857431000006100"	"NO READ CODE"
"857421000006119"	"Right laser treated diabetic retinopathy"	"857421000006103"	"NO READ CODE"
"857971000006110"	"Right non-proliferative diabetic retinopathy"	"857971000006106"	"NO READ CODE"
"857981000006113"	"Right preproliferative diabetic retinopathy"	"857981000006109"	"NO READ CODE"
"857411000006110"	"Right proliferative diabetic retinopathy"	"857411000006106"	"NO READ CODE"
"8024771000006113"	"Rubeosis iridis due to type 1 diabetes mellitus"	"82581000119105"	"NO READ CODE"
"14073071000006111"	"Severe hyperglycaemia due to diabetes mellitus"	"237621004"	"NO READ CODE"
"841011000006112"	"Severe nonproliferative diabetic retinopathy"	"312905005"	"F420800"
"12085291000006119"	"Severe nonproliferative diabetic retinopathy of left eye"	"769188001"	"NO READ CODE"
"12085251000006113"	"Severe nonproliferative diabetic retinopathy of right eye"	"769187006"	"NO READ CODE"
"6630721000006117"	"Severe nonproliferative diabetic retinopathy with clinically significant macular oedema"	"399872003"	"NO READ CODE"
"6630751000006114"	"Severe nonproliferative diabetic retinopathy with no macular oedema"	"399873008"	"NO READ CODE"
"6022651000006113"	"Severe nonproliferative retinopathy"	"312905005"	"NO READ CODE"
"14077711000006111"	"Severe nonproliferative retinopathy due to diabetes mellitus"	"312905005"	"NO READ CODE"
"12224761000006115"	"Severe NPDR (nonproliferative diabetic retinopathy)"	"312905005"	"NO READ CODE"
"913591000006110"	"Skin ulcer associated with diabetes mellitus"	"422183001"	"C10E512"
"14084121000006118"	"Skin ulcer due to diabetes mellitus"	"422183001"	"NO READ CODE"
"8241041000006113"	"Symptomatic diabetic peripheral neuropathy"	"773001000000103"	"NO READ CODE"
"7483291000006111"	"Symptomatic diabetic peripheral neuropathy absent"	"473134007"	"NO READ CODE"
"14072621000006113"	"Traction detachment of retina due to diabetes mellitus"	"232023006"	"NO READ CODE"
"84311000006118"	"Type 1 diabetes mellitus with arthropathy"	"314893005"	"C108H12"
"459292011"	"Type 1 diabetes mellitus with arthropathy"	"314893005"	"C10EH00"
"84321000006114"	"Type 1 diabetes mellitus with diabetic cataract"	"421920002"	"C108F12"
"913901000006112"	"Type 1 diabetes mellitus with diabetic cataract"	"421920002"	"C10EF00"
"84331000006112"	"Type 1 diabetes mellitus with gangrene"	"420825003"	"C108612"
"292541011"	"Type 1 diabetes mellitus with gangrene"	"420825003"	"C10E600"
"84341000006119"	"Type 1 diabetes mellitus with hypoglycaemic coma"	"314771006"	"C108E12"
"459161015"	"Type 1 diabetes mellitus with hypoglycaemic coma"	"314771006"	"C10EE00"
"913781000006117"	"Type 1 diabetes mellitus with mononeuropathy"	"420918009"	"C10EB00"
"84361000006115"	"Type 1 diabetes mellitus with multiple complications"	"422228004"	"C108312"
"913541000006118"	"Type 1 diabetes mellitus with multiple complications"	"422228004"	"C10E300"
"84371000006110"	"Type 1 diabetes mellitus with nephropathy"	"421893009"	"C108D12"
"84381000006113"	"Type 1 diabetes mellitus with neurological complications"	"421468001"	"C108212"
"913511000006117"	"Type 1 diabetes mellitus with neurological complications"	"421468001"	"C10E200"
"84391000006111"	"Type 1 diabetes mellitus with neuropathic arthropathy"	"71771000119100"	"C108J12"
"459296014"	"Type 1 diabetes mellitus with neuropathic arthropathy"	"71771000119100"	"C10EJ00"
"913481000006113"	"Type 1 diabetes mellitus with ophthalmic complications"	"739681000"	"C10E100"
"84401000006113"	"Type 1 diabetes mellitus with ophthalmic complications"	"739681000"	"C108112"
"913931000006116"	"Type 1 diabetes mellitus with peripheral angiopathy"	"31211000119101"	"C10EG00"
"1780311019"	"Type 1 diabetes mellitus with persistent microalbuminuria"	"401110002"	"C10EL00"
"84421000006115"	"Type 1 diabetes mellitus with polyneuropathy"	"713705003"	"C108C12"
"913811000006115"	"Type 1 diabetes mellitus with polyneuropathy"	"713705003"	"C10EC00"
"84431000006117"	"Type 1 diabetes mellitus with renal complications"	"421893009"	"C108012"
"913451000006117"	"Type 1 diabetes mellitus with renal complications"	"421893009"	"C10E000"
"84441000006110"	"Type 1 diabetes mellitus with retinopathy"	"420789003"	"C108712"
"292540012"	"Type 1 diabetes mellitus with ulcer"	"190368000"	"C10E500"
"84451000006112"	"Type 1 diabetes mellitus with ulcer"	"190368000"	"C108512"
"459310018"	"Type 2 diabetes mellitus with arthropathy"	"314903002"	"C10FG00"
"84491000006118"	"Type 2 diabetes mellitus with arthropathy"	"314903002"	"C109G12"
"914301000006111"	"Type 2 diabetes mellitus with diabetic cataract"	"420756003"	"C10FE00"
"84501000006114"	"Type 2 diabetes mellitus with diabetic cataract"	"420756003"	"C109E12"
"84511000006112"	"Type 2 diabetes mellitus with gangrene"	"421631007"	"C109512"
"292583018"	"Type 2 diabetes mellitus with gangrene"	"421631007"	"C10F500"
"4758011000006112"	"Type 2 diabetes mellitus with hyperosmolar coma"	"190331003"	"NO READ CODE"
"84521000006116"	"Type 2 diabetes mellitus with hypoglycaemic coma"	"719216001"	"C109D12"
"459167016"	"Type 2 diabetes mellitus with hypoglycaemic coma"	"719216001"	"C10FD00"
"84531000006118"	"Type 2 diabetes mellitus with mononeuropathy"	"420436000"	"C109A12"
"914221000006113"	"Type 2 diabetes mellitus with mononeuropathy"	"420436000"	"C10FA00"
"292577016"	"Type 2 diabetes mellitus with multiple complications"	"190388001"	"C10F300"
"84541000006111"	"Type 2 diabetes mellitus with multiple complications"	"190388001"	"C109312"
"84551000006113"	"Type 2 diabetes mellitus with nephropathy"	"420279001"	"C109C12"
"84561000006110"	"Type 2 diabetes mellitus with neurological complications"	"421326000"	"C109212"
"84571000006115"	"Type 2 diabetes mellitus with neuropathic arthropathy"	"314904008"	"C109H12"
"459313016"	"Type 2 diabetes mellitus with neuropathic arthropathy"	"314904008"	"C10FH00"
"84581000006117"	"Type 2 diabetes mellitus with ophthalmic complications"	"422099009"	"C109112"
"459308015"	"Type 2 diabetes mellitus with peripheral angiopathy"	"314902007"	"C10FF00"
"84591000006119"	"Type 2 diabetes mellitus with peripheral angiopathy"	"314902007"	"C109F12"
"84601000006110"	"Type 2 diabetes mellitus with polyneuropathy"	"713706002"	"C109B12"
"84611000006113"	"Type 2 diabetes mellitus with renal complications"	"420279001"	"C109012"
"84621000006117"	"Type 2 diabetes mellitus with retinopathy"	"422034002"	"C109612"
"292579018"	"Type 2 diabetes mellitus with ulcer"	"190389009"	"C10F400"
"84631000006119"	"Type 2 diabetes mellitus with ulcer"	"190389009"	"C109412"
"459294012"	"Type I diabetes mellitus with arthropathy"	"314893005"	"C10EH11"
"84681000006118"	"Type I diabetes mellitus with arthropathy"	"314893005"	"C108H11"
"913911000006110"	"Type I diabetes mellitus with diabetic cataract"	"421920002"	"C10EF11"
"938311000006112"	"Type I diabetes mellitus with exudative maculopathy"	"420486006"	"C10EP11"
"84701000006115"	"Type I diabetes mellitus with gangrene"	"420825003"	"C108611"
"292543014"	"Type I diabetes mellitus with gangrene"	"420825003"	"C10E611"
"1667941000000112"	"Type I diabetes mellitus with gastroparesis"	"713702000"	"C10EQ11"
"459163017"	"Type I diabetes mellitus with hypoglycaemic coma"	"314771006"	"C10EE11"
"84711000006117"	"Type I diabetes mellitus with hypoglycaemic coma"	"314771006"	"C108E11"
"928511000006116"	"Type I diabetes mellitus with ketoacidosis"	"420270002"	"C10EM11"
"928531000006110"	"Type I diabetes mellitus with ketoacidotic coma"	"421075007"	"C10EN11"
"913791000006119"	"Type I diabetes mellitus with mononeuropathy"	"420918009"	"C10EB11"
"913551000006116"	"Type I diabetes mellitus with multiple complications"	"422228004"	"C10E311"
"913851000006119"	"Type I diabetes mellitus with nephropathy"	"421893009"	"C10ED11"
"84741000006118"	"Type I diabetes mellitus with nephropathy"	"421893009"	"C108D11"
"84751000006116"	"Type I diabetes mellitus with neurological complications"	"421468001"	"C108211"
"84761000006119"	"Type I diabetes mellitus with neuropathic arthropathy"	"71771000119100"	"C108J11"
"913491000006111"	"Type I diabetes mellitus with ophthalmic complications"	"739681000"	"C10E111"
"84781000006112"	"Type I diabetes mellitus with peripheral angiopathy"	"31211000119101"	"C108G11"
"928491000006110"	"Type I diabetes mellitus with persistent microalbuminuria"	"401110002"	"C10EL11"
"928471000006114"	"Type I diabetes mellitus with persistent proteinuria"	"420514000"	"C10EK11"
"913821000006111"	"Type I diabetes mellitus with polyneuropathy"	"713705003"	"C10EC11"
"913461000006115"	"Type I diabetes mellitus with renal complications"	"421893009"	"C10E011"
"84801000006111"	"Type I diabetes mellitus with renal complications"	"421893009"	"C108011"
"913671000006113"	"Type I diabetes mellitus with retinopathy"	"420789003"	"C10E711"
"84811000006114"	"Type I diabetes mellitus with retinopathy"	"420789003"	"C108711"
"292538019"	"Type I diabetes mellitus with ulcer"	"190368000"	"C10E511"
"84821000006118"	"Type I diabetes mellitus with ulcer"	"190368000"	"C108511"
"459311019"	"Type II diabetes mellitus with arthropathy"	"314903002"	"C10FG11"
"84861000006112"	"Type II diabetes mellitus with arthropathy"	"314903002"	"C109G11"
"914311000006114"	"Type II diabetes mellitus with diabetic cataract"	"420756003"	"C10FE11"
"292582011"	"Type II diabetes mellitus with gangrene"	"421631007"	"C10F511"
"84881000006119"	"Type II diabetes mellitus with gangrene"	"421631007"	"C109511"
"1667921000000117"	"Type II diabetes mellitus with gastroparesis"	"713703005"	"C10FR11"
"84891000006116"	"Type II diabetes mellitus with hypoglycaemic coma"	"719216001"	"C109D11"
"928591000006114"	"Type II diabetes mellitus with ketoacidosis"	"421750000"	"C10FN11"
"914231000006111"	"Type II diabetes mellitus with mononeuropathy"	"420436000"	"C10FA11"
"84911000006119"	"Type II diabetes mellitus with multiple complications"	"190388001"	"C109311"
"292576013"	"Type II diabetes mellitus with multiple complications"	"190388001"	"C10F311"
"914271000006114"	"Type II diabetes mellitus with nephropathy"	"420279001"	"C10FC11"
"914081000006117"	"Type II diabetes mellitus with neurological complications"	"421326000"	"C10F211"
"459312014"	"Type II diabetes mellitus with neuropathic arthropathy"	"314904008"	"C10FH11"
"84941000006115"	"Type II diabetes mellitus with neuropathic arthropathy"	"314904008"	"C109H11"
"914061000006110"	"Type II diabetes mellitus with ophthalmic complications"	"422099009"	"C10F111"
"84961000006116"	"Type II diabetes mellitus with peripheral angiopathy"	"314902007"	"C109F11"
"459306016"	"Type II diabetes mellitus with peripheral angiopathy"	"314902007"	"C10FF11"
"928571000006113"	"Type II diabetes mellitus with persistent microalbuminuria"	"420715001"	"C10FM11"
"928551000006115"	"Type II diabetes mellitus with persistent proteinuria"	"421986006"	"C10FL11"
"84971000006111"	"Type II diabetes mellitus with polyneuropathy"	"713706002"	"C109B11"
"914251000006116"	"Type II diabetes mellitus with polyneuropathy"	"713706002"	"C10FB11"
"914041000006111"	"Type II diabetes mellitus with renal complications"	"420279001"	"C10F011"
"84981000006114"	"Type II diabetes mellitus with renal complications"	"420279001"	"C109011"
"914161000006114"	"Type II diabetes mellitus with retinopathy"	"422034002"	"C10F611"
"84991000006112"	"Type II diabetes mellitus with retinopathy"	"422034002"	"C109611"
"292581016"	"Type II diabetes mellitus with ulcer"	"190389009"	"C10F411"
"85001000006117"	"Type II diabetes mellitus with ulcer"	"190389009"	"C109411"
"13953211000006119"	"Ulcer of left foot due to diabetes mellitus"	"860978005"	"NO READ CODE"
"6630851000006115"	"Very severe nonproliferative diabetic retinopathy"	"399876000"	"NO READ CODE"
"6630581000006113"	"Very severe proliferative diabetic retinopathy"	"399865004"	"NO READ CODE"
"13810171000006113"	"Vitreous haemorrhage due to diabetes mellitus"	"312910009"	"NO READ CODE"
"7480721000006111"	"H/O gestational diabetes mellitus"	"472971004"	"NO READ CODE"
"622051000000118"	"History of gestational diabetes mellitus"	"472971004"	"ZV13F00"
"7812871000006112"	"Maternal history of gestational diabetes"	"721151003"	"NO READ CODE"
"7500211000006117"	"Pre-existing diabetes mellitus in pregnancy"	"609563008"	"NO READ CODE"
"7480691000006118"	"H/O diabetes mellitus type 1"	"472970003"	"NO READ CODE"
"2967831017"	"Pre-existing type 1 diabetes mellitus in pregnancy"	"199223000"	"NO READ CODE"
"7480661000006114"	"H/O diabetes mellitus type 2"	"472969004"	"NO READ CODE"
"7790731000006115"	"Maternal history of diabetes mellitus type 2"	"719763000"	"NO READ CODE"
"4796321000006113"	"Pre-existing type 2 diabetes mellitus"	"199230006"	"NO READ CODE"
"251591016"	"H/O: diabetes mellitus"	"161445009"	"1434.00"
"8241691000006114"	"H/O: diabetic nephropathy"	"774521000000103"	"NO READ CODE"
"1957911000006111"	"H/O: hypoglycaemic event in diabetes"	"1957911000006107"	"NO READ CODE"
"8240511000006110"	"H/O: secondary diabetes mellitus"	"771571000000102"	"NO READ CODE"
"4539561000006114"	"History of diabetes mellitus"	"161445009"	"NO READ CODE"
"418920011"	"History of diabetes mellitus in child of subject"	"444094009"	"13L4.11"
"8195201000006113"	"History of diabetic complication"	"519141000000107"	"NO READ CODE"
"7480741000006116"	"History of maturity onset diabetes mellitus in young"	"472972006"	"NO READ CODE"
"308110013"	"Pre-existing diabetes mellitus"	"385051000000106"	"Lyu2900"
"306112011"	"Pre-existing diabetes mellitus, insulin-dependent"	"385051000000106"	"L180500"
"306113018"	"Pre-existing diabetes mellitus, non-insulin-dependent"	"199230006"	"L180600"
"213141000006111"	"Pre-existing diabetes mellitus, unspecified"	"385051000000106"	"L180X00"
"306114012"	"Pre-existing malnutrition-related diabetes mellitus"	"199231005"	"L180700"
"8244671000006110"	"H/O diabetic ketoacidosis"	"783231000000106"	"NO READ CODE"
"7567351000006110"	"Diabetes in pregnancy clinic"	"702849009"	"NO READ CODE"
"616231000006119"	"Diabetes mellitus in the puerperium - baby delivered during current episode of care"	"199226008"	"L180200"
"616221000006117"	"Diabetes mellitus in the puerperium - baby delivered during previous episode of care"	"199228009"	"L180400"
"845341000006111"	"Diabetes: shared care in pregnancy - diabetologist and obstetrician"	"24451000000107"	"66AX.00"
"1488406011"	"Diabetic pre-pregnancy counselling"	"394684000"	"6761.00"
"2128081000000111"	"Gestational diabetes mellitus annual review"	"816711000000104"	"66Ay.00"
"8264221000006117"	"Management of gestational diabetes mellitus"	"816261000000105"	"NO READ CODE"
"479511000000117"	"Diabetes type 1 review"	"279291000000109"	"66An.00"
"1665751000000119"	"Type 1 diabetic dietary review"	"754101000000103"	"66At011"
"1658861000000113"	"Type I diabetic dietary review"	"754101000000103"	"66At000"
"479571000000110"	"Diabetes type 2 review"	"279321000000104"	"66Ao.00"
"8084961000006111"	"Diabetes type II review"	"279321000000104"	"NO READ CODE"
"1665721000000112"	"Type 2 diabetic dietary review"	"754121000000107"	"66At111"
"1658901000000118"	"Type II diabetic dietary review"	"754121000000107"	"66At100"
"1227774019"	"[V]Dietary counselling in diabetes mellitus"	"284350006"	"ZV65312"
"2548271013"	"Agreeing on diabetes care plan"	"703040004"	"8CS0.00"
"1873301000006114"	"Care contact service: diabetes"	"1873301000006105"	"NO READ CODE"
"8098311000006115"	"DAFNE (dose adjustment for normal eating) diabetes structured education programme completed"	"306471000000103"	"NO READ CODE"
"546151000000110"	"DAFNE diabetes structured education programme completed"	"306471000000103"	"9OLJ.00"
"546221000000114"	"DESMOND diabetes structured education programme completed"	"306501000000105"	"9OLK.00"
"216195015"	"Diabetes care by hospital only"	"243860001"	"66AU.00"
"14233341000006113"	"Diabetes care plan"	"1362341000000103"	"NO READ CODE"
"1759911000000118"	"Diabetes care plan declined"	"787061000000100"	"8IE2.00"
"1918361000006116"	"Diabetes care planning test results sent to patient"	"1918361000006100"	"NO READ CODE"
"7565341000006118"	"Diabetes clinic"	"702706001"	"NO READ CODE"
"25261000000111"	"Diabetes clinic administration"	"713691000000108"	"9OL..11"
"5549741000006110"	"Diabetes clinic satisfaction questionnaire"	"273411009"	"NO READ CODE"
"264726017"	"Diabetes management plan given"	"170742000"	"66AR.00"
"1488441010"	"Diabetes medication review"	"394725008"	"8B3l.00"
"1823471000006110"	"Diabetes mellitus high risk review"	"1823471000006106"	"NO READ CODE"
"2160090014"	"Diabetes mellitus induced by non-steroid drugs"	"408540003"	"C10H.00"
"405057014"	"Diabetes monitored"	"270445003"	"9OLA.11"
"16171000000110"	"Diabetes monitoring admin.NOS"	"713671000000109"	"9OLZ.00"
"21631000000117"	"Diabetes monitoring administration"	"713671000000109"	"9OL..00"
"5979491000006119"	"Diabetes monitoring call"	"308505000"	"NO READ CODE"
"616691000006118"	"Diabetes monitoring check done"	"270445003"	"9OLA.00"
"285753018"	"Diabetes monitoring default"	"185755005"	"9OL3.00"
"285759019"	"Diabetes monitoring deleted"	"185761008"	"9OL9.00"
"616731000006114"	"Diabetes monitoring first letter"	"185756006"	"9OL4.00"
"301641000000117"	"Diabetes monitoring higher risk albumin excretion"	"199491000000103"	"66Al.00"
"1856641000006113"	"Diabetes monitoring in primary care"	"1856641000006109"	"NO READ CODE"
"1856651000006110"	"Diabetes monitoring in secondary care"	"1856651000006106"	"NO READ CODE"
"8267041000006114"	"Diabetes monitoring injection site check declined"	"819301000000105"	"NO READ CODE"
"8267081000006115"	"Diabetes monitoring injection site not checked"	"819331000000104"	"NO READ CODE"
"5999771000006115"	"Diabetes monitoring invitation"	"310425007"	"NO READ CODE"
"1755441000006119"	"Diabetes monitoring invitation by short message service text messaging"	"705072004"	"9OLN.00"
"8459531000006110"	"Diabetes monitoring invitation email"	"1083111000000108"	"NO READ CODE"
"301611000000118"	"Diabetes monitoring lower risk albumin excretion"	"199481000000100"	"66Ak.00"
"616741000006116"	"Diabetes monitoring second letter"	"185757002"	"9OL5.00"
"8439941000006112"	"Diabetes monitoring SMS (short message service) text message first invitation"	"1066911000000100"	"NO READ CODE"
"8439961000006111"	"Diabetes monitoring SMS (short message service) text message second invitation"	"1066921000000106"	"NO READ CODE"
"8439971000006116"	"Diabetes monitoring SMS (short message service) text message third invitation"	"1066931000000108"	"NO READ CODE"
"616701000006118"	"Diabetes monitoring telephone invite"	"185760009"	"9OL8.00"
"616751000006119"	"Diabetes monitoring third letter"	"185758007"	"9OL6.00"
"616711000006115"	"Diabetes monitoring verbal invite"	"185759004"	"9OL7.00"
"3515955014"	"Diabetes self management plan"	"735985000"	"NO READ CODE"
"7507871000006114"	"Diabetes self management plan"	"698360004"	"NO READ CODE"
"2117891000000114"	"Diabetes self-management plan agreed"	"811981000000102"	"661M400"
"2115761000000117"	"Diabetes self-management plan review"	"810961000000103"	"661N400"
"532331000000119"	"Diabetes structured education programme completed"	"755491000000100"	"9OLF.00"
"546471000000114"	"Diabetes structured education programme declined"	"306591000000103"	"9OLM.00"
"2283241000000113"	"Diabetes structured education programme not available"	"885931000000100"	"8I94.00"
"12121371000006111"	"Diabetes structured education programme offered"	"1103691000000102"	"NO READ CODE"
"11924351000006118"	"Diabetes treatment satisfaction questionnaire"	"273412002"	"NO READ CODE"
"1856661000006112"	"Diabetes treatment type"	"1856661000006108"	"NO READ CODE"
"2287311000000111"	"Diabetes Year of Care annual review"	"887861000000105"	"66AS000"
"264723013"	"Diabetes: practice programme"	"170774007"	"66AP.00"
"264724019"	"Diabetes: shared care programme"	"170775008"	"66AQ.00"
"1876341000006117"	"Diabetic 3 month review"	"1876341000006101"	"NO READ CODE"
"299261000000111"	"Diabetic 6 month review"	"198501000000100"	"66Ai.00"
"264727014"	"Diabetic annual review"	"170777000"	"66AS.00"
"6444051000006119"	"Diabetic care"	"385804009"	"NO READ CODE"
"6444031000006114"	"Diabetic care assessment"	"385803003"	"NO READ CODE"
"6444071000006112"	"Diabetic care education"	"385805005"	"NO READ CODE"
"282568013"	"Diabetic crisis monitoring"	"182780004"	"8A12.00"
"1658821000000117"	"Diabetic dietary review"	"754081000000109"	"66At.00"
"1658941000000115"	"Diabetic dietary review declined"	"754141000000100"	"8IAs.00"
"264704018"	"Diabetic drug side effects"	"170760000"	"66AG.00"
"1734281000000117"	"Diabetic erectile dysfunction review"	"473209001"	"66Au.00"
"2465001000000115"	"Diabetic injection administration education"	"968061000000105"	"679l.00"
"283027015"	"Diabetic leaflet given"	"183097007"	"8CE0.00"
"1713371000006112"	"Diabetic medicine"	"1713371000006108"	"NO READ CODE"
"2160025013"	"Diabetic medicine"	"408475000"	"9b92000"
"8352721000006117"	"Diabetic medicine service"	"963151000000104"	"NO READ CODE"
"264676010"	"Diabetic monitoring"	"170742000"	"66A..00"
"777231000006119"	"Diabetic monitoring - injection sites"	"268517006"	"66AA.11"
"6613341000006113"	"Diabetic monitoring - injection sites abnormal"	"398871001"	"NO READ CODE"
"6615341000006112"	"Diabetic monitoring - injection sites normal"	"398985007"	"NO READ CODE"
"264729012"	"Diabetic monitoring NOS"	"170742000"	"66AZ.00"
"1488749011"	"Diabetic monitoring not required"	"395049009"	"66b1.00"
"5192411000006114"	"Diabetic monitoring status"	"243860001"	"NO READ CODE"
"458512016"	"Diabetic on insulin and oral treatment"	"314194001"	"66AV.00"
"264681018"	"Diabetic on oral treatment"	"170746002"	"66A4.00"
"1966311000006116"	"Diabetic on oral treatment and glucagon-like peptide 1 receptor agonist"	"976341000000101"	"66o5.00"
"1177721000000112"	"Diabetic on subcutaneous treatment"	"527691000000107"	"66As.00"
"1839671000006113"	"Diabetic short review"	"1839671000006109"	"NO READ CODE"
"264705017"	"Diabetic treatment changed"	"170761001"	"66AH.00"
"12116461000006113"	"Did not commence remote structured diabetes education and support programme"	"1098011000000102"	"NO READ CODE"
"4636411000006110"	"Diet controlled diabetes mellitus"	"170745003"	"NO READ CODE"
"2378231000000112"	"Discharge from secondary care diabetes service"	"927821000000100"	"8Hgd.00"
"1065811000000118"	"Discharged from diabetes shared care programme"	"494961000000102"	"8HgC.00"
"8098291000006119"	"Dose adjustment for normal eating diabetes structured education programme completed"	"306471000000103"	"NO READ CODE"
"5549771000006119"	"DTSQ - Diabetes treatment satisfaction questionnaire"	"273412002"	"NO READ CODE"
"408811014"	"DTSQs (Diabetes Treatment Satisfaction Questionnaire status version) score"	"765147009"	"3883.00"
"8098351000006119"	"Expert patient education versus routine treatment diabetes structured education programme completed"	"306531000000104"	"NO READ CODE"
"1824931000006119"	"Home visit for diabetes monitoring"	"1824931000006103"	"NO READ CODE"
"1955171000006110"	"Keele ENHANCE trial - diabetic review"	"1955171000006106"	"NO READ CODE"
"8454931000006116"	"Paediatric diabetes service"	"1079491000000102"	"NO READ CODE"
"2444761000000113"	"Paediatric diabetic medicine care plan"	"959031000000102"	"NO READ CODE"
"12490031000006110"	"Patient offered diabetes structured education programme"	"416672007"	"NO READ CODE"
"2549196011"	"Patient offered diabetes structured education programme"	"1103691000000102"	"679R.00"
"2159170012"	"Patient on maximal tolerated therapy for diabetes"	"407569005"	"8BL2.00"
"285752011"	"Refuses diabetes monitoring"	"185754009"	"9OL2.00"
"12115561000006115"	"Remote diabetes structured education and support programme commenced"	"1097131000000105"	"NO READ CODE"
"12115571000006110"	"Remote diabetes structured education and support programme completed"	"1097141000000101"	"NO READ CODE"
"8259001000006114"	"Self management of diabetes"	"806961000000103"	"NO READ CODE"
"987441000006113"	"Six month diabetic review"	"987441000006109"	"NO READ CODE"
"2159955012"	"Under care of diabetologist"	"408391001"	"9NN8.00"
"1920661000006119"	"Unsuitable for DESMOND diabetes structured education programme"	"1920661000006103"	"NO READ CODE"
"1139821000000110"	"Unsuitable for diabetes year of care programme"	"512561000000108"	"66AQ000"
"8098371000006112"	"XPERT (expert patient education versus routine treatment) diabetes structured education programme completed"	"306531000000104"	"NO READ CODE"
"546291000000112"	"XPERT diabetes structured education programme completed"	"306531000000104"	"9OLL.00"
"1987971000006114"	"X-PERT First Steps diabetes self-management programme completed"	"1033281000000100"	"NO READ CODE"
"7567341000006113"	"Diabetes foot care clinic"	"702848001"	"NO READ CODE"
"2368911000000117"	"Diabetic foot care education"	"923361000000106"	"679L300"
"2159948010"	"Diabetic retinopathy 12 month review"	"408384004"	"8HBG.00"
"2159949019"	"Diabetic retinopathy 6 month review"	"408385003"	"8HBH.00"
"7567371000006117"	"Diabetic retinopathy clinic"	"702850009"	"NO READ CODE"
"8242331000006114"	"Diabetic retinopathy detected by national screening programme"	"775841000000109"	"NO READ CODE"
"2159958014"	"Under care of diabetic foot screener"	"408394009"	"9NND.00"
"264728016"	"Annual diabetic blood test"	"170778005"	"66AT.00"
"1734721000000114"	"Assessment of diabetic erectile dysfunction"	"473208009"	"66Av.00"
"11931121000006112"	"Diabetes Distress Scale 17 item"	"909441000000109"	"NO READ CODE"
"2338051000000112"	"Diabetes Distress Scale 17 item score"	"910931000000101"	"38QX.00"
"2337941000000112"	"Diabetes Distress Scale 2 item score"	"909421000000102"	"38QW.00"
"616821000006116"	"Diabetes wellbeing questionnaire"	"273413007"	"3882.00"
"264678011"	"Follow-up diabetic assessment"	"170744004"	"66A2.00"
"264701014"	"Fundoscopy - diabetic check"	"170757007"	"66AD.00"
"259365016"	"Glucose tolerance test indicates diabetes mellitus"	"166928007"	"44V3.00"
"264677018"	"Initial diabetic assessment"	"170743005"	"66A1.00"
"856531000006119"	"Diabetic - GP eye check"	"856531000006103"	"NO READ CODE"
"856551000006114"	"Diabetic - hospital eye check"	"856551000006105"	"NO READ CODE"
"405561000000113"	"Diabetic digital retinopathy screening offered"	"247771000000108"	"68AB.00"
"1780386019"	"Diabetic foot examination"	"401191002"	"66Ab.00"
"1960611000006113"	"Diabetic foot examination - action required"	"1960611000006109"	"NO READ CODE"
"1960621000006117"	"Diabetic foot examination - no action required"	"1960621000006101"	"NO READ CODE"
"2474309019"	"Diabetic foot examination declined"	"412752009"	"8I3W.00"
"2159961010"	"Diabetic foot examination not indicated"	"408397002"	"8I6G.00"
"617041000006117"	"Diabetic Foot Risk Assessment"	"617041000006101"	"NO READ CODE"
"1488405010"	"Diabetic foot risk assessment"	"394683006"	"66AW.00"
"692951000000111"	"Diabetic foot screen"	"367011000000100"	"66Aq.00"
"1841451000006115"	"Diabetic foot screening invitation"	"1841451000006104"	"NO READ CODE"
"2227781000000112"	"Diabetic foot screening invitation"	"861491000000107"	"9Oy0000"
"2227861000000112"	"Diabetic foot screening invitation first letter"	"861531000000107"	"9Oy0200"
"1841461000006118"	"Diabetic foot screening invitation letter"	"1841461000006102"	"NO READ CODE"
"1841481000006111"	"Diabetic foot screening invitation second letter"	"1841481000006107"	"NO READ CODE"
"2227981000000110"	"Diabetic foot screening invitation second letter"	"861551000000100"	"9Oy0300"
"2230301000000116"	"Diabetic foot screening invitation third letter"	"862481000000103"	"9Oy0400"
"1780286017"	"Diabetic peripheral neuropathy screening"	"401081006"	"66Ac.00"
"7828041000006115"	"Diabetic retinal eye exam"	"722161008"	"NO READ CODE"
"7979841000006113"	"Diabetic retinal eye exam not done"	"4581000175103"	"NO READ CODE"
"1804191000006114"	"Diabetic retinopathy screen done by optician"	"1804191000006105"	"NO READ CODE"
"216201011"	"Diabetic retinopathy screening"	"134395001"	"68A7.00"
"1704651000006111"	"Diabetic retinopathy screening administrative status"	"373031000000105"	"9m0..00"
"737031000000119"	"Diabetic retinopathy screening declined"	"839811000000106"	"9m0A.00"
"2159960011"	"Diabetic retinopathy screening not indicated"	"408396006"	"8I6F.00"
"12490041000006117"	"Diabetic retinopathy screening offered"	"417256004"	"NO READ CODE"
"12121381000006114"	"Diabetic retinopathy screening offered"	"1103701000000102"	"NO READ CODE"
"2548205017"	"Diabetic retinopathy screening offered"	"1103701000000102"	"68A9.00"
"2474671011"	"Diabetic retinopathy screening refused"	"413122001"	"8I3X.00"
"2249991000000118"	"Discharge from in-house diabetic foot screening"	"870761000000105"	"8HgZ.00"
"1853141000006111"	"In-house diabetes foot screening"	"1853141000006107"	"NO READ CODE"
"2249831000000111"	"In-house diabetic foot screening"	"870681000000109"	"9NJy.00"
"2249871000000113"	"In-house diabetic foot screening first appointment"	"870701000000106"	"9NJy000"
"2249951000000114"	"In-house diabetic foot screening follow-up appointment"	"870741000000109"	"9NJy100"
"2493341000000118"	"Young Townson FootSkin Scale for Diabetic Neuropathy"	"980351000000105"	"38VP.00"
