medcodeid	term	readcode	snomedctconceptid
"365461000006112"	"[X]Assault by pushing or placing victim before moving object, occurrence at home"	"U3H0.00"	"242927008"
"324767013"	"Battered husband"	"SN56400"	"213013002"
"324766016"	"Battered wife"	"SN56300"	"213012007"
"6359971000006119"	"Domestic abuse"	"NO READ CODE"	"371772001"
"6723771000006119"	"Domestic abuse of adult"	"NO READ CODE"	"406138006"
"2272741000000117"	"Domestic abuse victim in household"	"13Wd.00"	"881081000000100"
"14218251000006117"	"Domestic abuse victim in household"	"NO READ CODE"	"881081000000100"
"1859281000006110"	"Domestic abuse victim in household"	"NO READ CODE"	"1859281000006106"
"7794801000006114"	"Domestic emotional abuse"	"NO READ CODE"	"720025009"
"7806901000006111"	"Domestic physical abuse"	"NO READ CODE"	"720684005"
"7805841000006110"	"Domestic sexual abuse"	"NO READ CODE"	"720595008"
"6694211000006119"	"Domestic violence"	"NO READ CODE"	"404189009"
"4064611000006116"	"Psychologically abused spouse"	"NO READ CODE"	"95926007"
"1891951000006118"	"Reason for advice line call - domestic abuse"	"NO READ CODE"	"1891951000006102"
"1872971000006110"	"Safeguarding vulnerability - domestic abuse"	"NO READ CODE"	"1872971000006106"
"2270041000000118"	"Victim of domestic abuse"	"14XG.00"	"879911000000102"
"1871751000006110"	"Victim of domestic abuse"	"NO READ CODE"	"1871751000006106"
"314681000000113"	"Victim of domestic violence"	"14X8.00"	"205171000000107"
"7709991000006113"	"Victim of sexual assault by intimate partner"	"NO READ CODE"	"713820002"
"250677010"	"Violent spouse"	"13HD.00"	"160802003"
"908611000006111"	"[RFC] Domestic violence"	"NO READ CODE"	"908611000006107"
"335049011"	"[X]Assault by drowning and submersion, occurrence at home"	"U370.00"	"219197006"
"365031000006112"	"[X]Assault by hanging strangulatn+suffocatn occurrn at home"	"U360.00"	"52684005"
"335157012"	"[X]Assault by pushing from high place, occurrence at home"	"U3G0.00"	"219234008"
"1817361000006114"	"[X]Maltreatment, by spouse or partner"	"U3P0.00"	"417928002"
"335225019"	"[X]Other maltreatment syndromes, by spouse or partner"	"U3N0.00"	"417928002"
"1626311000006110"	"Refer to domestic violence advocate"	"NO READ CODE"	"1626311000006106"
"3620628018"	"Referral to domestic abuse agency"	"NO READ CODE"	"758599003"
"8245711000006110"	"Referral to domestic abuse agency"	"NO READ CODE"	"784861000000102"
"557611000000118"	"Referral to domestic violence advocate"	"8Hl7.00"	"431719007"
"250676018"	"Battered husband - history"	"13HC.00"	"160801005"
"250675019"	"Battered wife - history"	"13HA.00"	"160800006"
"2203601000000111"	"History of being victim of domestic violence"	"14XE.00"	"850441000000102"
"2695471013"	"History of domestic abuse"	"14XD.00"	"429746005"
"2642491000000118"	"History of domestic emotional abuse"	"NO READ CODE"	"720428004"
"2642531000000118"	"History of domestic physical abuse"	"NO READ CODE"	"720411002"
"2642571000000116"	"History of domestic sexual abuse"	"NO READ CODE"	"720741001"
"2474290010"	"History of domestic violence"	"14X3.00"	"412732008"
"8234291000006110"	"At high risk of domestic violence"	"NO READ CODE"	"759481000000100"
"3028487013"	"At risk of domestic violence"	"NO READ CODE"	"707087005"
"1807621000006110"	"At risk of domestic violence"	"NO READ CODE"	"759471000000102"
"7609861000006115"	"At risk of intimate partner abuse"	"NO READ CODE"	"706892001"
"251109019"	"At risk violence in the home"	"13VF.00"	"161051006"
"7502331000006116"	"Suspected domestic abuse"	"NO READ CODE"	"697950003"
"8465951000006116"	"Suspected victim of domestic violence"	"NO READ CODE"	"1087071000000109"
"1626341000006114"	"HARK domestic violence questionnaire - Afraid"	"NO READ CODE"	"1626341000006105"
"1626331000006116"	"HARK domestic violence questionnaire - Humiliate"	"NO READ CODE"	"1626331000006100"
"1626361000006113"	"HARK domestic violence questionnaire - Kick"	"NO READ CODE"	"1626361000006109"
"1626351000006111"	"HARK domestic violence questionnaire - Rape"	"NO READ CODE"	"1626351000006107"
"2619271000000115"	"Mother victim of domestic violence"	"NO READ CODE"	"720407008"
