medcodeid	term	snomedctconceptid	readcode
"883641000006114"	"Non-infective otitis externa"	"575931000000108"	"F502.99"
"298977015"	"Acute radiation otitis externa"	"194217007"	"F502100"
"131338019"	"Acute chemical otitis externa"	"79150005"	"F502200"
"1788053014"	"Acute eczematoid otitis extern"	"54272002"	"F502400"
"298983017"	"Other reactive otitis externa"	"3135009"	"F502500"
"39221000006111"	"Acute non-infective otitis externa"	"232232001"	"F502600"
"34691000006111"	"Chronic non-infective otitis externa"	"232236003"	"F502700"
"504727012"	"Chronic secretory otitis media, serous"	"81564005"	"F511.11"
"135302019"	"Chronic serous otitis media"	"81564005"	"F511.99"
"149921000006113"	"Serosanguineous chronic otitis media"	"86850004"	"F511100"
"299022018"	"Bilateral chronic serous otitis"	"194248004"	"F511200"
"299023011"	"Unilateral chronic serous otitis"	"81564005"	"F511300"
"299024017"	"Chronic serous otitis media"	"81564005"	"F511z00"
"555761000006114"	"Chronic otitis media with effusion, mucoid"	"78868004"	"F512.00"
"503932010"	"Chronic secretory otitis media, mucoid"	"78868004"	"F512.12"
"130846016"	"Chronic mucoid otitis media"	"78868004"	"F512.99"
"299030017"	"Chronic mucoid otitis media"	"78868004"	"F512000"
"11759018"	"Mucosanguinous chronic otitis media"	"6485001"	"F512100"
"299032013"	"Chronic mucoid otitis media NOS"	"78868004"	"F512z00"
"299034014"	"Chronic otitis media with effusion, other"	"78868004"	"F513.00"
"34701000006111"	"Other chronic nonsuppurative otitis media NOS"	"232254004"	"F513z00"
"883711000006119"	"Chr. nonsupp. otitis media NOS"	"672011000000100"	"F513z99"
"77591000006116"	"Non-suppurative otitis media"	"275481002"	"F514.00"
"299040019"	"Serous otitis media"	"80327007"	"F514100"
"299041015"	"Catarrhal otitis media"	"29350000"	"F514200"
"299042010"	"Mucoid otitis media"	"78868004"	"F514300"
"297581000006115"	"Nonsuppurative otitis media NOS"	"275481002"	"F514z00"
"299056012"	"Chronic otitis media with effusion"	"78868004"	"F518.00"
"133785015"	"Chronic mastoiditis"	"80645004"	"F531.00"
"299090015"	"Chronic mastoiditis NOS"	"80645004"	"F531z00"
"148750016"	"Chronic myringitis without otitis media"	"89723004"	"F541.00"
"407501000006114"	"[X]Other chronic nonsuppurative otitis media"	"232254004"	"FyuP100"
"299529015"	"[X]Other chronic suppurative otitis media"	"38394007"	"FyuP200"
"2622401000006115"	"Chronic adhesive otitis media"	"7699004"	"NO READ CODE"
"1991671000006113"	"At risk of otitis media complication"	"1991671000006109"	"NO READ CODE"
"3118451000006116"	"CSOM - Chronic suppurative otitis media"	"38394007"	"NO READ CODE"
"3782651000006110"	"Chronic secretory otitis media"	"78868004"	"NO READ CODE"
"5033681000006112"	"Chronic irritant otitis externa"	"232239005"	"NO READ CODE"
"5033751000006114"	"Granular myringitis"	"232245002"	"NO READ CODE"
"3826291000006112"	"Chronic non-suppurative otitis media with effusion - serous"	"81564005"	"NO READ CODE"
"5033591000006111"	"Non-infective otitis externa"	"232231008"	"NO READ CODE"
"5169961000006112"	"Barotitis interna"	"241982001"	"NO READ CODE"
"5033641000006118"	"Acute traumatic otitis externa"	"232235004"	"NO READ CODE"
"3958561000006112"	"Chronic myringitis"	"89723004"	"NO READ CODE"
"4062611000006113"	"Eczematous otitis externa"	"95812002"	"NO READ CODE"
"2836821000006119"	"Chronic otitis media"	"21186006"	"NO READ CODE"
"5033821000006112"	"Chronic non-suppurative otitis media"	"232254004"	"NO READ CODE"
"3380601000006111"	"Acute eczematoid otitis externa"	"54272002"	"NO READ CODE"
"5033621000006113"	"Acute irritant otitis externa"	"232233006"	"NO READ CODE"
"5033721000006117"	"Seborrhoeic otitis externa"	"232243009"	"NO READ CODE"
"5033851000006115"	"Chronic non-suppurative otitis media without effusion"	"232257006"	"NO READ CODE"
"3118481000006112"	"Chronic otitis media with perforation"	"38394007"	"NO READ CODE"
"82051019"	"Aero-otitis media"	"49252004"	"SN30.11"
"490746013"	"Chronic otitis media with effusion, purulent"	"38394007"	"F513100"
"490749018"	"Chronic secretory otitis media, purulent"	"38394007"	"F513111"
"63478014"	"Chronic purulent otitis media"	"38394007"	"F513199"
"556821000006115"	"Chronic suppurative otitis media - tubotympanic"	"87665008"	"F521.00"
"556811000006111"	"Chronic suppurative otitis media - atticoantral"	"41954005"	"F522.00"
"299067013"	"Chronic suppurative otitis media"	"38394007"	"F523.00"
"299078017"	"Disorder of mastoid"	"55996006"	"F53..00"
"883751000006118"	"Other mastoiditis"	"568411000000108"	"F53z.99"
"299534016"	"[X]Other mastoiditis and related conditions"	"52404001"	"FyuP700"
"3176151000006118"	"Chronic atticoantral suppurative otitis media"	"41954005"	"NO READ CODE"
"2622421000006113"	"Adhesive otitis media"	"7699004"	"NO READ CODE"
"3924831000006114"	"Chronic tubotympanic suppurative otitis media"	"87665008"	"NO READ CODE"
"1010791000006119"	"Adverse reaction to Otitis Externa"	"1010791000006103"	"NO READ CODE"
"3364271000006114"	"Chronic otitis externa"	"53295002"	"NO READ CODE"
"3782621000006118"	"Secretory otitis media"	"78868004"	"NO READ CODE"
"299069011"	"Bilateral suppurative otitis media"	"194286008"	"F524000"
"883741000006115"	"Chronic purulent otitis media"	"694131000000108"	"F523.99"
"299100010"	"Mastoiditis"	"52404001"	"F53z.00"
"299524013"	"[X]Otitis externa in other diseases classified elsewhere"	"3135009"	"FyuN700"
"3132041000006117"	"Suppurative otitis media"	"39288006"	"NO READ CODE"
"3760601000006110"	"Acute non-suppurative otitis media with haemotympanum"	"77478005"	"NO READ CODE"
"5033801000006119"	"Recurrent acute suppurative otitis media"	"232251007"	"NO READ CODE"
"118567019"	"Tuberculous mastoiditis"	"71375000"	"A154.00"
"286323019"	"Tuberculosis of ear"	"186269001"	"A174.00"
"481174015"	"Herpes zoster otitis externa"	"21954000"	"A53x000"
"179027016"	"Herpes simplex otitis externa"	"111856000"	"A54x200"
"22934019"	"Postmeasles otitis media"	"13420004"	"A552.00"
"28246017"	"Candidal otitis externa"	"16681000"	"AB2y100"
"287915016"	"Aural myiasis"	"187223005"	"AD40400"
"144257010"	"Infective otitis externa"	"86981007"	"F501.00"
"298945018"	"Unspecified infective otitis externa"	"86981007"	"F501000"
"399494015"	"Acute infective otitis externa"	"267665002"	"F501100"
"460581000006115"	"Acute otitis externa"	"30250000"	"F501300"
"298954015"	"Infective otitis externa due to erysipelas"	"194202008"	"F501400"
"298955019"	"Erysipelas - otitis externa"	"194202008"	"F501411"
"365556016"	"Infective otitis externa due to herpes simplex"	"111856000"	"F501500"
"822181000006114"	"Herpes simplex- otitis externa"	"111856000"	"F501511"
"778951000006117"	"Infective otitis externa due to herpes zoster"	"21954000"	"F501600"
"822201000006110"	"Herpes zoster - otitis externa"	"21954000"	"F501611"
"298959013"	"Infective otitis externa due to impetigo"	"194203003"	"F501700"
"298960015"	"Impetigo - otitis externa"	"194203003"	"F501711"
"155682018"	"Malignant otitis externa"	"94146005"	"F501A00"
"298966014"	"Chronic otitis externa due to aspergillosis"	"194207002"	"F501B00"
"298967017"	"Chronic otitis externa due to moniliasis"	"194208007"	"F501C00"
"298968010"	"Chronic mycotic otitis externa"	"111898002"	"F501D00"
"298969019"	"Other chronic infective otitis externa"	"232224009"	"F501E00"
"298970018"	"Chronic infective otitis externa"	"232224009"	"F501F00"
"56652016"	"Haemorrhagic otitis externa"	"33934002"	"F501G00"
"298973016"	"Other specified infective otitis externa"	"86981007"	"F501y00"
"298974010"	"Infective otitis externa NOS"	"86981007"	"F501z00"
"298975011"	"Other otitis externa"	"3135009"	"F502.00"
"399496018"	"Otitis externa"	"3135009"	"F502z00"
"297571000006118"	"Non-suppurative otitis media with eustachian tube disorders"	"194237006"	"F51..00"
"458531000006114"	"Acute non-suppurative otitis media"	"359609001"	"F510.00"
"883681000006115"	"Acute nonsupp. otitis media"	"359609001"	"F510.99"
"58707018"	"Acute otitis media with effusion"	"270490007"	"F510000"
"473798017"	"Acute secretory otitis media"	"359609001"	"F510011"
"299014013"	"Acute non-suppurative otitis media - serous"	"194240006"	"F510100"
"87124011"	"Acute non-suppurative otitis media - mucoid"	"52353000"	"F510200"
"128622017"	"Acute sanguinous otitis media"	"77478005"	"F510300"
"458581000006110"	"Acute nonsuppurative otitis media NOS"	"359609001"	"F510z00"
"555791000006118"	"Otitis media with effusion - serous"	"81564005"	"F511.00"
"116801000006110"	"Purulent otitis media"	"39288006"	"F52..00"
"299061014"	"Acute suppurative otitis media"	"194281003"	"F520.00"
"460541000006114"	"Acute suppurative otitis media - tympanic membrane intact"	"14948001"	"F520000"
"460551000006111"	"Acute suppurative otitis media - tympanic membrane ruptured"	"86279000"	"F520100"
"299065017"	"Acute suppurative otitis media due to disease EC"	"194282005"	"F520300"
"299066016"	"Acute suppurative otitis media NOS"	"194281003"	"F520z00"
"299068015"	"Purulent otitis media NOS"	"39288006"	"F524.00"
"299070012"	"Recurrent acute otitis media"	"194287004"	"F525.00"
"299071011"	"Acute left otitis media"	"194288009"	"F526.00"
"299072016"	"Acute right otitis media"	"194289001"	"F527.00"
"299073014"	"Acute bilateral otitis media"	"194290005"	"F528.00"
"399498017"	"Otitis media"	"65363002"	"F52z.00"
"1480221019"	"Acute mastoiditis"	"386034005"	"F530.00"
"469779010"	"Acute mastoiditis without complications"	"335846001"	"F530000"
"299085018"	"Acute mastoiditis with complication"	"111538005"	"F530300"
"299088016"	"Acute mastoiditis NOS"	"386034005"	"F530z00"
"299102019"	"Acute myringitis without otitis media"	"194311006"	"F540.00"
"55948010"	"Bullous myringitis"	"33528003"	"F540200"
"299104018"	"Acute myringitis"	"297009"	"F540z00"
"299517012"	"[X]Other infective otitis externa"	"86981007"	"FyuN000"
"299518019"	"[X]Other otitis externa"	"3135009"	"FyuN100"
"417531000006116"	"Bacterial otitis externa"	"280221000009107"	"FyuN300"
"299521017"	"[X]Otitis externa in viral diseases classified elsewhere"	"86981007"	"FyuN400"
"299522012"	"Otomycosis"	"53316003"	"FyuN500"
"417571000006118"	"[X]Otitis externa/other infectious+parasitic diseases CE"	"86981007"	"FyuN600"
"406091000006110"	"[X]Other acute nonsuppurative otitis media"	"359609001"	"FyuP000"
"299530013"	"[X]Otitis media in bacterial diseases classified elsewhere"	"95882006"	"FyuP300"
"299531012"	"Viral ear infection"	"312137007"	"FyuP400"
"299532017"	"[X]Otitis media in other diseases classified elsewhere"	"65363002"	"FyuP500"
"396821000006113"	"[X]Mastoiditis in infectious+parasitic diseases CE"	"52404001"	"FyuPD00"
"5033531000006112"	"Invasive otitis externa"	"232227002"	"NO READ CODE"
"2712661000006118"	"Post measles otitis media"	"13420004"	"NO READ CODE"
"5033541000006119"	"Necrotising otitis externa"	"232228007"	"NO READ CODE"
"2842581000006118"	"Acute actinic otitis externa"	"21543000"	"NO READ CODE"
"2549051000006111"	"OE - Otitis externa"	"3135009"	"NO READ CODE"
"3296881000006112"	"Aero-otitis media"	"49252004"	"NO READ CODE"
"6013861000006113"	"Infective otitis media"	"312218008"	"NO READ CODE"
"4774691000006119"	"ASOM - Acute suppurative otitis media"	"194281003"	"NO READ CODE"
"3039491000006116"	"Myringitis bullosa haemorrhagica"	"33528003"	"NO READ CODE"
"13012241000006114"	"Otitis media caused by SARS-CoV-2 (severe acute respiratory syndrome coronavirus 2)"	"1240521000000100"	"NO READ CODE"
"3782601000006111"	"Otitis media with effusion"	"78868004"	"NO READ CODE"
"906681000006117"	"[RFC] Otitis media"	"906681000006101"	"NO READ CODE"
"2735611000006116"	"Myringitis"	"14852000"	"NO READ CODE"
"2548641000006112"	"AOM - Acute otitis media"	"3110003"	"NO READ CODE"
"3902951000006113"	"Acute suppurative otitis media with spontaneous rupture of ear drum"	"86279000"	"NO READ CODE"
"6204261000006117"	"Acute nonsuppurative otitis media"	"359609001"	"NO READ CODE"
"3562731000006111"	"OM - Otitis media"	"65363002"	"NO READ CODE"
"3760621000006117"	"Acute non-suppurative otitis media - sanguinous"	"77478005"	"NO READ CODE"
"3197241000006116"	"Otitis"	"43275000"	"NO READ CODE"
"3118471000006114"	"Otitis media with effusion - purulent"	"38394007"	"NO READ CODE"
"3348911000006111"	"Acute mucoid otitis media"	"52353000"	"NO READ CODE"
"3760591000006119"	"Acute sanguinous otitis media"	"77478005"	"NO READ CODE"
"5033831000006110"	"Otitis media with effusion - sanguinous"	"232256002"	"NO READ CODE"
"5033481000006114"	"Acute fungal otitis externa"	"232223003"	"NO READ CODE"
"7987351000006118"	"Acute bilateral otitis media with effusion"	"7271000119107"	"NO READ CODE"
"3760631000006119"	"Acute non-suppurative otitis media - bloody"	"77478005"	"NO READ CODE"
"3902971000006115"	"Acute suppurative otitis media with discharge"	"86279000"	"NO READ CODE"
"7987391000006112"	"Perforation of tympanic membrane due to otitis media"	"7361000119105"	"NO READ CODE"
"13483771000006114"	"Otitis media due to disease caused by SARS-CoV-2 (severe acute respiratory syndrome coronavirus 2)"	"1240521000000100"	"NO READ CODE"
"4200901000006112"	"Chronic fungal otitis externa"	"111898002"	"NO READ CODE"
"8025131000006113"	"Acute persistent otitis media"	"84261000119106"	"NO READ CODE"
"13483791000006110"	"Otitis media due to COVID-19"	"1240521000000100"	"NO READ CODE"
"5033511000006118"	"Chronic bacterial otitis externa"	"232225005"	"NO READ CODE"
"2736971000006114"	"Acute suppurative otitis media without spontaneous rupture of ear drum"	"14948001"	"NO READ CODE"
"5033811000006116"	"Recurrent acute non-suppurative otitis media"	"232252000"	"NO READ CODE"
"7532271000006118"	"Acute bacterial otitis externa"	"700220003"	"NO READ CODE"
"5033471000006111"	"Acute viral otitis externa"	"232222008"	"NO READ CODE"
"1806411000006119"	"Acute otitis media"	"3110003"	"NO READ CODE"
"4774551000006112"	"Acute serous otitis media"	"194240006"	"NO READ CODE"
