medcodeid	term	snomedctconceptid	readcode
"295452013"	"Non-organic eating disorder NOS"	"72366004"	"E275z00"
"94597012"	"Anorexia nervosa"	"56882008"	"E271.00"
"295436010"	"Other and unspecified non-organic eating disorders"	"72366004"	"E275.00"
"366541000006118"	"Atypical bulimia nervosa"	"231523004"	"Eu50300"
"317235018"	"[D]Anorexia NOS"	"79890006"	"R030z00"
"988931000006112"	"Eating disorder NOS - psychog."	"608251000000104"	"E275099"
"2308361000000115"	"Suspected binge eating disorder"	"897261000000108"	"1JZ..00"
"1776641000006112"	"Reason for referral: Eating Disorder"	"1776641000006108"	"NO READ CODE"
"3423851000006118"	"AN - Anorexia nervosa"	"56882008"	"NO READ CODE"
"363321000006111"	"[X]Anorexia nervosa"	"56882008"	"Eu50000"
"295451018"	"Other specified non-organic eating disorder"	"72366004"	"E275y00"
"389311000006116"	"[X]Hyperorexia nervosa"	"78004001"	"Eu50212"
"1222496015"	"Bulimia"	"78004001"	"R036011"
"527421000006116"	"Bulimia (non-organic overeating)"	"78004001"	"E275100"
"8440231000006115"	"Eating disorder co-occurrent with diabetes mellitus type 1"	"1067201000000106"	"NO READ CODE"
"3799251000006119"	"Anorexia"	"79890006"	"NO READ CODE"
"3027091000006119"	"Bulimia nervosa, purging type"	"32721004"	"NO READ CODE"
"295437018"	"Unspecified non-organic eating disorder"	"72366004"	"E275000"
"296361019"	"Eating disorder"	"72366004"	"Eu50.00"
"882611000006115"	"Eating disorder NOS - psychog."	"608241000000102"	"E275.99"
"317233013"	"[D]Anorexia"	"496871000000107"	"R030.00"
"296379015"	"[X]Eating disorder, unspecified"	"72366004"	"Eu50z00"
"368061000006113"	"[X]Bulimia NOS"	"78004001"	"Eu50211"
"3799261000006117"	"Anorexic"	"79890006"	"NO READ CODE"
"960281000006115"	"Anorexia"	"960281000006104"	"NO READ CODE"
"368051000006111"	"Bulimia nervosa"	"78004001"	"Eu50200"
"1620911000006112"	"Eating disorders"	"1620911000006108"	"NO READ CODE"
"366521000006113"	"Atypical anorexia nervosa"	"231522009"	"Eu50100"
"12717671000006110"	"[D]Anorexia"	"496871000000107"	"NO READ CODE"
"3468921000006116"	"Bulimia nervosa, nonpurging type"	"59645001"	"NO READ CODE"
"401889011"	"[X]Other eating disorders"	"72366004"	"Eu50y00"
"7230101000006110"	"Binge eating disorder"	"439960005"	"NO READ CODE"
"577901000006119"	"Compulsive eating disorder"	"78004001"	"E275111"
"397863019"	"Excessive eating - polyphagia"	"267023007"	"1614.00"
"2159265012"	"Nocturnal sleep-related eating disorder"	"407666007"	"Fy05.00"
