medcodeid	term	readcode
"4164891000006115"	"Kohlschutter's syndrome"	"NO READ CODE"
"8367691000006119"	"HoNOS-LD (Health of the Nation Outcome Scales for People with Learning Disabilities) rating scale 13 score - seizures"	"NO READ CODE"
"5007471000006111"	"Benign neonatal familial convulsions"	"NO READ CODE"
"13622071000006110"	"Diffuse cerebral and cerebellar atrophy, intractable seizures, progressive microcephaly syndrome"	"NO READ CODE"
"13646721000006112"	"Multiple congenital anomalies, hypotonia, seizures syndrome"	"NO READ CODE"
"13911981000006114"	"Primary hyperaldosteronism, seizures, neurological abnormalities syndrome"	"NO READ CODE"
"5067711000006114"	"Triple X syndrome, epilepsy, and hypogammaglobulinaemia"	"NO READ CODE"
"13622561000006113"	"Congenital muscular dystrophy with intellectual disability and severe epilepsy"	"NO READ CODE"
"1741271000006111"	"Contraceptive advice for patients with epilepsy not indicated"	"8IB2.00"
"1741281000006114"	"Pre-conception advice for patients with epilepsy not indicated"	"8IB3.00"
"13499471000006116"	"Cortical dysplasia with focal epilepsy syndrome"	"NO READ CODE"
"344986017"	"Rasmussen syndrome"	"F035200"
"5004721000006111"	"Rasmussen encephalitis"	"NO READ CODE"
"5823601000006118"	"Overdose of anticonvulsant drug"	"NO READ CODE"
"1013171000006112"	"Adverse reaction to Antiepileptics"	"NO READ CODE"
"1013181000006110"	"Adverse reaction to Drugs Used In Control Of Epilepsy"	"NO READ CODE"
"1013191000006113"	"Adverse reaction to Drugs Used In Status Epilepticus"	"NO READ CODE"
"103531000006110"	"Tonic-clonic epilepsy"	"F251011"
"10791000006116"	"Other specified generalised nonconvulsive epilepsy"	"F250y00"
"11300012"	"Juvenile myoclonic epilepsy"	"F25A.00"
"11639661000006111"	"Referral to epilepsy specialist nurse declined"	"NO READ CODE"
"1173961000000112"	"Night seizure"	"R003400"
"1175991000000119"	"Contraceptive advice for patients with epilepsy"	"6110.00"
"1176031000000114"	"Pre-conception advice for patients with epilepsy"	"67IJ000"
"1176071000000111"	"Pregnancy advice for patients with epilepsy"	"67AF.00"
"1176241000000114"	"Pregnancy advice for patients with epilepsy not indicated"	"8IB4.00"
"1176301000000117"	"Contraceptive advice for patients with epilepsy declined"	"8IAg.00"
"1176341000000119"	"Pre-conception advice for patients with epilepsy declined"	"8IAh.00"
"1176381000000110"	"Pregnancy advice for patients with epilepsy declined"	"8IAi.00"
"11778041000006119"	"Dravet Syndrome"	"NO READ CODE"
"11831381000006119"	"Infantile-onset symptomatic epilepsy syndrome"	"NO READ CODE"
"12048461000006111"	"Perioral myoclonia with absences"	"NO READ CODE"
"12049771000006118"	"Hypothalamic hamartoma with gelastic seizure"	"NO READ CODE"
"12076991000006114"	"STXBP1 encephalopathy with epilepsy"	"NO READ CODE"
"1222472013"	"Seizure"	"R003z11"
"1235241011"	"Seizures in newborn"	"Q480.12"
"1235242016"	"Fits in newborn"	"Q480.11"
"125721000006111"	"Status epilepticus, unspecified"	"F25X.00"
"12602012"	"Petit-mal status"	"F252.00"
"13491221000006117"	"Benign familial mesial temporal lobe epilepsy"	"NO READ CODE"
"13493091000006112"	"Benign occipital lobe epilepsy"	"NO READ CODE"
"13493111000006115"	"Benign partial epilepsy of infancy with complex partial seizures"	"NO READ CODE"
"13493431000006116"	"Mesial temporal lobe epilepsy with hippocampal sclerosis"	"NO READ CODE"
"13495041000006116"	"New-onset refractory status epilepticus"	"NO READ CODE"
"13573141000006116"	"Cryptogenic late-onset epileptic spasms"	"NO READ CODE"
"13632801000006112"	"Familial temporal lobe epilepsy"	"NO READ CODE"
"13637841000006111"	"Familial mesial temporal lobe epilepsy with febrile seizures"	"NO READ CODE"
"13686241000006115"	"Benign childhood epilepsy with centrotemporal spikes, refractory"	"NO READ CODE"
"13686271000006111"	"Benign childhood epilepsy with centrotemporal spikes, non-refractory"	"NO READ CODE"
"137801000000112"	"Epilepsy limits activities"	"667K.00"
"139021000000118"	"Exception reporting - epilepsy quality indicators"	"9h6..00"
"139161000000110"	"Excepted from epilepsy quality indicators - informed dissent"	"9h62.00"
"13950881000006118"	"Epilepsy due to infectious encephalitis"	"NO READ CODE"
"14055041000006118"	"Scar epilepsy"	"NO READ CODE"
"141981000000118"	"Epilepsy restricts employment"	"667G.00"
"141991000000116"	"Epilepsy prevents employment"	"667H.00"
"142041000000115"	"Epilepsy does not limit activities"	"667L.00"
"142051000000117"	"Epilepsy management plan given"	"667M.00"
"148427014"	"Gelastic epilepsy"	"F25y100"
"148591000006114"	"Sensory induced epilepsy"	"F255100"
"1489345013"	"Transient epileptic amnesia"	"1B1W.00"
"154851000000115"	"Epilepsy impairs education"	"667J.00"
"1575941000006110"	"Anticonvulsant Levels"	"NO READ CODE"
"166001000000113"	"Did not attend epilepsy clinic"	"9N4V.00"
"1673671000006116"	"Epilepsy treatment continued"	"NO READ CODE"
"1699591000006112"	"Epilepsy monitoring call first letter"	"NO READ CODE"
"1699611000006118"	"Epilepsy monitoring call third letter"	"NO READ CODE"
"1759441000006117"	"HoNOS-LD item 13 - seizures"	"NO READ CODE"
"1776671000006116"	"Reason for referral: Epilepsy"	"NO READ CODE"
"1780225016"	"Trigger factor for seizure"	"1B26.00"
"1780267013"	"Epilepsy medication review"	"8BIF.00"
"1780375016"	"Epilepsy care arrangement"	"667E.00"
"178739011"	"Epilepsy"	"F25..00"
"1855731000006116"	"Epilepsy monitoring administration"	"NO READ CODE"
"1855741000006114"	"Epilepsy monitoring in primary care"	"NO READ CODE"
"1855761000006113"	"Epilepsy monitoring in secondary care"	"NO READ CODE"
"1856751000006117"	"Fit warning"	"NO READ CODE"
"1856761000006115"	"Epilepsy treatment compliance"	"NO READ CODE"
"1856771000006110"	"Epilepsy treatment compliance good"	"NO READ CODE"
"1856781000006113"	"Epilepsy treatment compliance poor"	"NO READ CODE"
"1856791000006111"	"Epilepsy monitoring default"	"NO READ CODE"
"1857091000006112"	"Fit frequency every few days"	"NO READ CODE"
"1857101000006118"	"Fit frequency every few hours"	"NO READ CODE"
"1879221000006113"	"H/O: seizures"	"NO READ CODE"
"1932071000006116"	"3D study - problems with epilepsy management"	"NO READ CODE"
"1986841000006113"	"Provision of information about SUDEP (sudden unexpected death in epilepsy)"	"NO READ CODE"
"199568011"	"Grand mal seizure"	"F251600"
"2014871000006119"	"Contraceptive advice for patients on valproate for epilepsy"	"NO READ CODE"
"2112801000000117"	"Referral to epilepsy clinic"	"8Hlp.00"
"2159171011"	"Patient on maximal tolerated anticonvulsant therapy"	"8BL3.00"
"2159216019"	"Epilepsy severity"	"667N.00"
"2159217011"	"No seizures on treatment"	"667P.00"
"2159218018"	"1 to 12 seizures a year"	"667Q.00"
"2159219014"	"2 to 4 seizures a month"	"667R.00"
"2159220015"	"1 to 7 seizures a week"	"667S.00"
"2159221016"	"Daily seizures"	"667T.00"
"2159222011"	"Many seizures a day"	"667V.00"
"2159223018"	"Emergency epilepsy treatment since last appointment"	"667W.00"
"2159227017"	"Epilepsy confirmed"	"1O30.00"
"2159274014"	"Complex partial epileptic seizure"	"F254500"
"2193821000000118"	"Dravet syndrome"	"F25G.11"
"223811000000118"	"Generalised epilepsy"	"F251000"
"2297411000000115"	"Referral to epilepsy service"	"8T0L.00"
"230321000006117"	"Petit mal (minor) epilepsy"	"F250000"
"23819016"	"Grand mal status"	"F253.00"
"23820010"	"Status epilepticus"	"F253.11"
"2444841000000117"	"Paediatric epilepsy care plan"	"NO READ CODE"
"245341000006117"	"Localisation-related epilepsy"	"F255.00"
"245351000006115"	"Partial epilepsy"	"F255z00"
"245361000006118"	"Partial epilepsy without impairment of consciousness OS"	"F255y00"
"2474650018"	"Stress-induced epilepsy"	"F25E.00"
"2478828012"	"Traumatic epilepsy"	"SC20000"
"2502351000006114"	"Epilepsia partialis continua"	"NO READ CODE"
"2502391000006115"	"Focal status epilepticus"	"NO READ CODE"
"251644018"	"H/O: epilepsy"	"1473.00"
"251815017"	"H/O: perinatal convulsion"	"14I4.00"
"251816016"	"H/O: perinatal fit"	"14I4.11"
"251893013"	"H/O: anticonvulsant therapy"	"14P4.00"
"2533403014"	"No epilepsy drug side effects"	"667X.00"
"2533404015"	"Epilepsy leaflet given"	"8CE7.00"
"253531010"	"Epilepsy resolved"	"212J.00"
"254813013"	"O/E - grand mal fit"	"2822.00"
"254814019"	"O/E - petit mal fit"	"2823.00"
"254820018"	"O/E - salaam attack"	"2826.00"
"2548491016"	"Epilepsy monitoring verbal invite"	"9Of3.00"
"2550890017"	"Generalised non-convulsive epilepsy"	"F250.00"
"2564321000006112"	"Complex partial seizure with impairment of consciousness"	"NO READ CODE"
"2564351000006115"	"Complex partial seizure"	"NO READ CODE"
"2572611000006114"	"Generalised-onset seizures"	"NO READ CODE"
"2572621000006118"	"Generalized-onset seizures"	"NO READ CODE"
"2587911000000119"	"Neurological Disorders Depression Inventory in Epilepsy"	"NO READ CODE"
"2589101000000111"	"SUDEP - sudden unexpected death in epilepsy"	"NO READ CODE"
"259446013"	"Anticonvulsant level therapeutic"	"44WF000"
"2598971000006115"	"Clonic seizure"	"NO READ CODE"
"2612101000006119"	"Petit mal status"	"NO READ CODE"
"2612111000006116"	"Epileptic absence status"	"NO READ CODE"
"2612121000006112"	"Non-convulsive status epilepticus with impaired consciousness"	"NO READ CODE"
"264629018"	"Epilepsy monitoring"	"667..00"
"264631010"	"Follow-up epilepsy assessment"	"6672.00"
"264634019"	"Epilepsy associated problems"	"6674.00"
"264635018"	"Fit frequency"	"6675.00"
"264636017"	"Last fit"	"6676.00"
"264637014"	"Epilepsy drug side effect"	"6677.00"
"264638016"	"Epilepsy treatment changed"	"6678.00"
"264639012"	"Epilepsy treatment started"	"6679.00"
"264640014"	"Epilepsy treatment stopped"	"667A.00"
"264645016"	"Epilepsy monitoring NOS"	"667Z.00"
"2692343011"	"Seen in epilepsy clinic"	"9N0r.00"
"2711131000006112"	"Postseizure headache"	"NO READ CODE"
"2721471000006114"	"Convulsive status epilepticus"	"NO READ CODE"
"2730021000006111"	"Visual seizure"	"NO READ CODE"
"2811081000006110"	"Generalized epilepsy"	"NO READ CODE"
"2826531000006116"	"Secondarily generalised seizures"	"NO READ CODE"
"2872771000006114"	"Atypical absence seizure"	"NO READ CODE"
"2950441000006117"	"Salaam attack"	"NO READ CODE"
"297266016"	"Epileptic seizures - atonic"	"F250200"
"297267013"	"Epileptic seizures - akinetic"	"F250300"
"297281010"	"Neonatal myoclonic epilepsy"	"F251100"
"297282015"	"Epileptic seizures - clonic"	"F251200"
"297283013"	"Epileptic seizures - myoclonic"	"F251300"
"297284019"	"Epileptic seizures - tonic"	"F251400"
"297289012"	"Other specified generalised convulsive epilepsy"	"F251y00"
"297290015"	"Generalised convulsive epilepsy NOS"	"F251z00"
"297295013"	"Partial epilepsy with impairment of consciousness"	"F254.00"
"297296014"	"Temporal lobe epilepsy"	"F254000"
"297300010"	"Psychosensory epilepsy"	"F254200"
"297302019"	"Epileptic automatism"	"F254400"
"297303012"	"Partial epilepsy with impairment of consciousness NOS"	"F254z00"
"297311019"	"Somatosensory epilepsy"	"F255200"
"297312014"	"Partial epilepsy with autonomic symptoms"	"F255311"
"297314010"	"Visual reflex epilepsy"	"F255400"
"297315011"	"Unilateral epilepsy"	"F255500"
"297320011"	"Infantile spasms"	"F256z00"
"297321010"	"Kojevnikov's epilepsy"	"F257.00"
"297324019"	"Other forms of epilepsy"	"F25y.00"
"297325018"	"Cursive (running) epilepsy"	"F25y000"
"297330019"	"Other forms of epilepsy NOS"	"F25yz00"
"2978981000006119"	"Partial seizure"	"NO READ CODE"
"2978991000006116"	"Partial seizures"	"NO READ CODE"
"2979001000006116"	"Focal seizure"	"NO READ CODE"
"299334015"	"[X]Other generalized epilepsy and epileptic syndromes"	"Fyu5000"
"299336018"	"[X]Other epilepsy"	"Fyu5100"
"299337010"	"[X]Other status epilepticus"	"Fyu5200"
"299345017"	"[X]Status epilepticus, unspecified"	"Fyu5900"
"3011621000006111"	"Post-seizure state"	"NO READ CODE"
"301541000000116"	"Simple partial epileptic seizure"	"F255600"
"307861000000113"	"Epilepsy monitoring call first letter"	"9Of5.00"
"307881000000116"	"Epilepsy monitoring call second letter"	"9Of6.00"
"307901000000118"	"Epilepsy monitoring call third letter"	"9Of7.00"
"3093151000006111"	"Idiopathic generalised epilepsy"	"NO READ CODE"
"3093161000006113"	"Idiopathic generalized epilepsy"	"NO READ CODE"
"3093171000006118"	"Primary generalised epilepsy"	"NO READ CODE"
"3101911000006116"	"Myoclonic seizures"	"NO READ CODE"
"3116601000006117"	"Benign neonatal convulsions"	"NO READ CODE"
"3168891000006111"	"Anoxic seizure"	"NO READ CODE"
"317017015"	"[D]Convulsions"	"R003.00"
"317019017"	"[D]Convulsions, infantile"	"R003100"
"318041015"	"[X]Other and unspecified convulsions"	"Ryu7100"
"3182931000006115"	"Atonic seizures"	"NO READ CODE"
"3210941000006113"	"Temporal-central focal epilepsy"	"NO READ CODE"
"3210951000006110"	"Centrotemporal epilepsy"	"NO READ CODE"
"331010016"	"Adverse reaction to anticonvulsants NOS"	"TJ63z00"
"3323851000006114"	"Childhood absence epilepsy"	"NO READ CODE"
"3379251000006112"	"Tonic-clonic seizures"	"NO READ CODE"
"345225017"	"Focal epilepsy"	"F255011"
"345275015"	"Juvenile absence epilepsy"	"F250400"
"345281011"	"Lennox-Gastaut syndrome"	"F250500"
"345307014"	"Seizures in response to acute event"	"1B27.00"
"345311015"	"Severe myoclonic epilepsy in infancy"	"F25G.00"
"345318014"	"Drug-induced epilepsy"	"F25C.00"
"345321011"	"Menstrual epilepsy"	"F25D.00"
"345323014"	"Nocturnal epilepsy"	"667B.00"
"345345010"	"Complex partial status epilepticus"	"F25y300"
"3498881000006114"	"Simple partial seizure evolving to generalised seizure"	"NO READ CODE"
"3506708010"	"Pyridoxine-dependent epilepsy"	"NO READ CODE"
"3511291019"	"Recurrent complex partial epilepsy"	"NO READ CODE"
"351371000006117"	"[X] Adverse reaction to anticonvulsants NOS"	"U606614"
"3527840015"	"Seizure disorder clinical management plan"	"NO READ CODE"
"356111000006115"	"[X] Adverse reaction to other anticonvulsant"	"U606611"
"362161000006110"	"Acquired epileptic aphasia"	"Eu80300"
"363451000006114"	"[X]Antiepilept + antiparksn drug caus advers eff therap use"	"U606.00"
"3668321000006119"	"Symptomatic generalised epilepsy"	"NO READ CODE"
"3668331000006116"	"Symptomatic generalized epilepsy"	"NO READ CODE"
"3668341000006114"	"Secondary generalized epilepsy"	"NO READ CODE"
"3719651000006117"	"Post-traumatic epilepsy"	"NO READ CODE"
"3719661000006115"	"PTE - Post-traumatic epilepsy"	"NO READ CODE"
"3759931000006112"	"Unclassified epileptic seizures"	"NO READ CODE"
"378121000006112"	"Dissociative convulsions"	"Eu44500"
"3790311000006116"	"Simple partial seizure, consciousness not impaired"	"NO READ CODE"
"3795091000006119"	"Petit-mal seizure"	"NO READ CODE"
"3796891000006117"	"Reflex epilepsy"	"NO READ CODE"
"3796901000006118"	"Sensory-induced epilepsy"	"NO READ CODE"
"379901000006113"	"[X]Epileptic psychosis NOS"	"Eu05y11"
"3840431000006113"	"Simple partial seizures with motor signs"	"NO READ CODE"
"3878481000006113"	"Epileptic disorder"	"NO READ CODE"
"3878491000006111"	"Epileptic"	"NO READ CODE"
"3878501000006115"	"EP - Epilepsy"	"NO READ CODE"
"3921951000006114"	"Neonatal convulsions"	"NO READ CODE"
"3921961000006111"	"Neonatal seizures"	"NO READ CODE"
"3955151000006114"	"Gelastic seizure"	"NO READ CODE"
"399395015"	"Progressive myoclonic epilepsy"	"F132100"
"399408014"	"Epilepsy NOS"	"F25z.00"
"4052921000006118"	"Photogenic epilepsy"	"NO READ CODE"
"405571000006113"	"Antiepileptic adverse reaction"	"U606600"
"406781000000119"	"Epilepsy monitoring telephone invite"	"9Of4.00"
"425631000006118"	"[X]Schizophrenia-like psychosis in epilepsy"	"Eu05212"
"4411891000006117"	"Seizure disorder"	"NO READ CODE"
"450602015"	"Motor epilepsy"	"F255012"
"450603013"	"Jacksonian, focal or motor epilepsy"	"F255000"
"453344019"	"Epileptic seizure"	"F25z.11"
"4540141000006110"	"History of epilepsy"	"NO READ CODE"
"459233015"	"Epilepsy control good"	"667C.00"
"459234014"	"Epilepsy control poor"	"667D.00"
"46968015"	"West syndrome"	"F256.12"
"46969011"	"Infantile spasms"	"F256.00"
"46970012"	"Hypsarrhythmia"	"F256000"
"46971011"	"Salaam attacks"	"F256100"
"46972016"	"Lightning spasms"	"F256.11"
"469721000006117"	"Adverse reaction to other anticonvulsants"	"TJ63.00"
"472410017"	"Tonic-clonic epilepsy"	"F251500"
"472411018"	"Grand mal epilepsy"	"F251099"
"4755771000006114"	"Epileptic drop attack"	"NO READ CODE"
"4769541000006119"	"Benign myoclonic epilepsy in infancy"	"NO READ CODE"
"4769611000006117"	"TLE - Temporal lobe epilepsy"	"NO READ CODE"
"4769641000006118"	"Mesiobasal limbic epilepsy"	"NO READ CODE"
"477355017"	"Psychomotor epilepsy"	"F254100"
"478024019"	"Alcohol-induced epilepsy"	"F25B.00"
"485041012"	"Post-ictal state"	"F258.00"
"486701019"	"Myoclonic seizure"	"F132z12"
"495804010"	"Pykno-epilepsy"	"F250100"
"500033015"	"Generalised convulsive epilepsy"	"F251.00"
"5007101000006111"	"Benign frontal epilepsy of childhood"	"NO READ CODE"
"5007121000006118"	"Benign atypical partial epilepsy in childhood"	"NO READ CODE"
"5007131000006115"	"Epilepsy with recurrent unilateral seizures in children"	"NO READ CODE"
"5007171000006117"	"Benign occipital epilepsy of childhood - early onset variant"	"NO READ CODE"
"5007261000006117"	"Frontal lobe epilepsy"	"NO READ CODE"
"5007321000006116"	"Opercular epilepsy"	"NO READ CODE"
"5007351000006113"	"Parietal lobe epilepsy"	"NO READ CODE"
"5007361000006110"	"Occipital lobe epilepsy"	"NO READ CODE"
"5007541000006119"	"Epilepsy with grand mal seizures on awakening"	"NO READ CODE"
"5007551000006117"	"Cryptogenic generalised epilepsy"	"NO READ CODE"
"5007621000006113"	"Myoclonic astatic epilepsy"	"NO READ CODE"
"5007661000006119"	"Myoclonic absence epilepsy"	"NO READ CODE"
"5007771000006116"	"Cryptogenic myoclonic epilepsy"	"NO READ CODE"
"5007781000006118"	"Idiopathic myoclonic epilepsy"	"NO READ CODE"
"5007811000006116"	"Symptomatic myoclonic epilepsy"	"NO READ CODE"
"5007821000006112"	"Situation-related seizures"	"NO READ CODE"
"5007841000006117"	"Isolated seizures"	"NO READ CODE"
"5007871000006113"	"Epilepsy undetermined whether focal or generalised"	"NO READ CODE"
"5007941000006110"	"Epilepsy with continuous spike wave during slow-wave sleep"	"NO READ CODE"
"5007971000006119"	"Secondary reading epilepsy"	"NO READ CODE"
"5008031000006115"	"Sleep-related epilepsy"	"NO READ CODE"
"5008071000006117"	"Eyelid myoclonus with absences"	"NO READ CODE"
"5008101000006110"	"Eating epilepsy"	"NO READ CODE"
"5008211000006119"	"Non-convulsive status epilepticus without three per second spike wave"	"NO READ CODE"
"5008231000006113"	"Non-convulsive simple partial status epilepticus"	"NO READ CODE"
"5023531000006114"	"Epileptic psychosis"	"NO READ CODE"
"512000013"	"Photosensitive epilepsy"	"F25F.00"
"5192381000006111"	"Epilepsy monitoring status"	"NO READ CODE"
"5231791000006114"	"Partial seizure evolving to secondary generalised seizure"	"NO READ CODE"
"5231801000006110"	"Partial seizure evolving to secondary generalized seizure"	"NO READ CODE"
"5300251000006119"	"Generalised epileptiform discharges"	"NO READ CODE"
"5300261000006117"	"Generalized epileptiform discharges"	"NO READ CODE"
"5300371000006115"	"Bilateral periodic epileptiform discharges"	"NO READ CODE"
"5614161000006114"	"Localisation-related idiopathic epilepsy"	"NO READ CODE"
"594701000006119"	"Convulsions in the newborn"	"Q480.00"
"632721000000111"	"Panayiotopoulos syndrome"	"F25y500"
"6347411000006113"	"Seizure free"	"NO READ CODE"
"6369851000006112"	"Carbazepine antiepileptic"	"NO READ CODE"
"647261000006115"	"Epilepsy resolved"	"2126000"
"647301000006112"	"Epileptic absences"	"F250011"
"6908751000006116"	"Epilepsy monitoring call"	"NO READ CODE"
"6991361000006111"	"Refractory infantile spasms"	"NO READ CODE"
"6997451000006113"	"Refractory epilepsia partialis continua"	"NO READ CODE"
"7069151000006119"	"Non-epileptic myoclonus"	"NO READ CODE"
"7220531000006114"	"Epilepsy assessment"	"NO READ CODE"
"7237211000006118"	"Reflex anoxic seizures"	"NO READ CODE"
"7265381000006118"	"Nonconvulsive status epilepticus"	"NO READ CODE"
"7306821000006113"	"Refractory epilepsy"	"NO READ CODE"
"7306831000006111"	"Intractable epilepsy"	"NO READ CODE"
"73622018"	"Benign Rolandic epilepsy"	"F25y400"
"736371000006112"	"Localization-related(focal)(partial)idiopathic epilepsy and epileptic syndromes with seizures of localised onset"	"F25y200"
"743461000006119"	"Limbic system epilepsy"	"F254300"
"7512471000006111"	"Refractory juvenile myoclonic epilepsy"	"NO READ CODE"
"7695801000006115"	"Date of last seizure"	"NO READ CODE"
"7758091000006113"	"X-linked epilepsy with learning disability and behaviour disorder syndrome"	"NO READ CODE"
"77655010"	"Anticonvulsant therapy"	"8B66.00"
"7840671000006115"	"Epileptic encephalopathy"	"NO READ CODE"
"7861341000006115"	"Epilepsy due to stroke"	"NO READ CODE"
"7863641000006114"	"Epilepsy with mesial temporal sclerosis"	"NO READ CODE"
"7863681000006115"	"Epilepsy co-occurrent and due to dementia"	"NO READ CODE"
"7952761000006111"	"Epilepsy telangiectasia syndrome"	"NO READ CODE"
"7955181000006111"	"Epilepsy of infancy with migrating focal seizures"	"NO READ CODE"
"800721000006115"	"Generalised nonconvulsive epilepsy NOS"	"F250z00"
"8021441000006111"	"Intractable absence seizures"	"NO READ CODE"
"8024691000006119"	"Epileptic dementia with behavioural disturbance"	"NO READ CODE"
"8025071000006110"	"Intractable partial temporal lobe epilepsy with impairment of consciousness"	"NO READ CODE"
"8029441000006110"	"DNA (did not attend) epilepsy clinic"	"NO READ CODE"
"8031611000006111"	"Epilepsy in pregnancy"	"NO READ CODE"
"8053261000006111"	"Atypical absence epilepsy"	"NO READ CODE"
"8056521000006114"	"Epilepsy care education"	"NO READ CODE"
"8079791000006114"	"Epilepsy monitoring telephone invitation"	"NO READ CODE"
"8089731000006115"	"Infantile spasms with status epilepticus"	"NO READ CODE"
"8191681000006117"	"Petit-mal epilepsy"	"NO READ CODE"
"8259581000006110"	"Referral for epilepsy review"	"NO READ CODE"
"8260981000006117"	"Under care of epilepsy specialist nurse"	"NO READ CODE"
"8289731000006113"	"Epilepsy annual review"	"NO READ CODE"
"8289831000006117"	"Epilepsy care management"	"NO READ CODE"
"8289881000006116"	"Epilepsy self-management plan review"	"NO READ CODE"
"8313881000006113"	"Paediatric epilepsy service"	"NO READ CODE"
"851121000006117"	"Partial epilepsy"	"NO READ CODE"
"883041000006118"	"Petit mal epilepsy"	"F250099"
"883061000006119"	"Infantile spasms -hysarrythmia"	"F256.99"
"897431000006113"	"Post traumatic epilepsy"	"SC20099"
"902311000006118"	"Drug reaction: anticonvulsant"	"TJ6..99"
"905881000006111"	"[RFC] Epilepsy/convulsion"	"NO READ CODE"
"916571000006117"	"Epilepsy monitoring"	"NO READ CODE"
"918551000006114"	"Follow-up epilepsy assessment"	"NO READ CODE"
"918561000006111"	"Epilepsy associated problems"	"NO READ CODE"
"918571000006116"	"Fit frequency"	"NO READ CODE"
"918581000006118"	"Last fit"	"NO READ CODE"
"918591000006115"	"Epilepsy drug side effects"	"NO READ CODE"
"918601000006111"	"Nocturnal epilepsy"	"NO READ CODE"
"930341000006113"	"Seizure free > 12 months"	"667F.00"
"931251000006112"	"Excepted from epilepsy quality indicators - patient unsuitable"	"9h61.00"
"931711000006118"	"Early infantile epileptic encephalopathy with suppression bursts"	"F259.00"
"940251000006117"	"Fit frequency daily"	"NO READ CODE"
"940261000006115"	"Fit frequency weekly"	"NO READ CODE"
"940271000006110"	"Fit frequency monthly"	"NO READ CODE"
"940281000006113"	"Fit frequency yearly"	"NO READ CODE"
"989711000006112"	"Drug reaction: anticonvulsant"	"TJ63.99"
"223781000000116"	"Unverricht - Lundborg disease"	"F132z11"
"253231000006116"	"Otohara syndrome"	"F251111"
"345302015"	"Ohtahara syndrome"	"F259.11"
"72751000006116"	"Unverricht - Lundborg disease"	"F132111"
"7745101000006111"	"Jeavons syndrome"	"NO READ CODE"
"297313016"	"Visceral reflex epilepsy"	"F255300"
"345293019"	"Lafora disease"	"NO READ CODE"
"395221000006119"	"[X]Limbic epilepsy personality"	"Eu06013"
"5007921000006115"	"Landau-Kleffner syndrome"	"NO READ CODE"
"110053017"	"Todd's paralysis"	"F24y100"
"297060016"	"Myoclonic encephalopathy"	"F132200"
"13520601000006115"	"Cyclin-dependent kinase-like 5 deficiency"	"NO READ CODE"
"5007681000006112"	"Unverricht-Lundborg syndrome"	"NO READ CODE"
"13572931000006117"	"Myoclonic epilepsy in non-progressive encephalopathy"	"NO READ CODE"
