medcodeid	term	snomedctconceptid	readcode
"5247141000006113"	"Found wandering the streets"	"247666006"	"NO READ CODE"
"1872561000006114"	"Accom status - sheltered housing for older persons"	"1872561000006105"	"NO READ CODE"
"398074012"	"Inadequate housing"	"105531004"	"13E..00"
"397753019"	"Inadequate housing NOS"	"105531004"	"13EZ.00"
"250589017"	"Eviction notice served"	"160752000"	"13FF100"
"337216012"	"Living rough"	"224228000"	"13FL.00"
"738751000006117"	"Lives in a children's home"	"160738002"	"13F7300"
"738771000006110"	"Lives in a welfare home"	"160736003"	"13F7100"
"250562010"	"Lives in a welfare home"	"160736003"	"13FV.00"
"5496121000006110"	"Lives in residential hostel"	"266939009"	"NO READ CODE"
"4535101000006116"	"Lives in sheltered accommodation"	"160729004"	"NO READ CODE"
"174891000006119"	"Lives in sheltered housing"	"160729004"	"13F4000"
"397758011"	"Lives in squat"	"266940006"	"13D6.00"
"235671000000113"	"Lives on unofficial site"	"176721000000106"	"13FR.00"
"250574014"	"Living in B&B accommodation"	"160744003"	"13FA.00"
"397756010"	"Living in hostel"	"266939009"	"13F9.00"
"250553013"	"Living in sheltered accomodatn"	"160729004"	"13F9.11"
"994091000006118"	"Living in temporary housing"	"994091000006102"	"NO READ CODE"
"405061000000116"	"Living in temporary housing"	"247521000000104"	"13FW.00"
"4925441000006118"	"Sleeping at friends home"	"224232006"	"NO READ CODE"
"4925421000006113"	"Temporary shelter arrangements"	"224230003"	"NO READ CODE"
"1227730016"	"[V]Tramp"	"398341000000102"	"ZV60014"
"1227734013"	"[V]Vagabond"	"398341000000102"	"ZV60015"
"1872451000006111"	"Accom status - Foyer - ages 16-25 homeless or in housing need"	"1872451000006107"	"NO READ CODE"
"1872221000006118"	"Accom status - homeless"	"1872221000006102"	"NO READ CODE"
"1872291000006116"	"Accom status - other homeless"	"1872291000006100"	"NO READ CODE"
"2002921000006119"	"Assertive outreach in the care of the homeless"	"2002921000006103"	"NO READ CODE"
"6260921000006111"	"Feature of homelessness"	"364701009"	"NO READ CODE"
"968381000006110"	"Has no fixed abode"	"968381000006106"	"NO READ CODE"
"959371000006114"	"Homeless"	"959371000006105"	"NO READ CODE"
"485356010"	"Homeless"	"32911000"	"13D..11"
"226561000000111"	"Homeless enhanced service completed"	"166461000000103"	"9k60.00"
"226421000000116"	"Homeless enhanced services administration"	"166301000000107"	"9k6..00"
"169620017"	"Homeless family"	"105526001"	"13D1.00"
"6515031000006113"	"Homeless mental health care"	"390818002"	"NO READ CODE"
"6519981000006110"	"Homeless mental health care - Daily intensive"	"391194007"	"NO READ CODE"
"250503019"	"Homeless single person"	"160700001"	"13D2.00"
"4931071000006116"	"Hostel for the homeless"	"224675009"	"NO READ CODE"
"757521000000112"	"Length of time homeless"	"442244004"	"13D8.00"
"4925361000006113"	"No fixed abode"	"224226001"	"NO READ CODE"
"2743791000000114"	"Provision of community outreach care for homeless"	"1095491000000105"	"NO READ CODE"
"12619001000006114"	"Signposting to homeless support service"	"1104581000000103"	"NO READ CODE"
"4925451000006116"	"Sleeping in vehicle"	"224233001"	"NO READ CODE"
"752321000000118"	"Sofa surfer - person of no fixed abode"	"381751000000106"	"13D7.00"
"250506010"	"Tramp"	"160701002"	"13D3.11"
"2286501000000119"	"Under care of homeless advocacy service"	"702526004"	"9Ngr.00"
"250505014"	"Vagabond"	"160701002"	"13D3.12"
"250508011"	"Vagrant"	"160703004"	"13D5.00"
"83685010"	"Wandering"	"50239007"	"1BN..00"
"12458771000006118"	"[V]Lack of housing"	"398341000000102"	"NO READ CODE"
"460967011"	"[V]Lack of housing"	"398341000000102"	"ZV60000"
"460974018"	"[V]Sheltered housing"	"160729004"	"ZV60700"
"1872571000006119"	"Accom status - extra care sheltered housing"	"1872571000006103"	"NO READ CODE"
"1872591000006118"	"Accom status - other sheltered housing"	"1872591000006102"	"NO READ CODE"
"1872551000006112"	"Accom status - sheltered housing"	"1872551000006108"	"NO READ CODE"
"397751017"	"Housing lack"	"266935003"	"13D..00"
"250509015"	"Housing lack NOS"	"266935003"	"13DZ.00"
"250587015"	"Housing problems - eviction"	"160751007"	"13FF.00"
"285905011"	"On housing list"	"185956004"	"9R33.00"
"285904010"	"On urgent housing list"	"185955000"	"9R32.00"
"4925521000006112"	"On waiting list for accommodation"	"224239002"	"NO READ CODE"
"244811000006113"	"Part 3 accomodation"	"929111000000105"	"13F5.11"
"244821000006117"	"Part 3 accomodation arranged"	"160731008"	"13F5111"
"250555018"	"Part III accommodation"	"929111000000105"	"13F5.00"
"244841000006112"	"Part III accomodation arranged"	"160731008"	"13F5100"
"244851000006114"	"Part III accomodation refused"	"183961000"	"8I55.00"
"174881000006117"	"Resident in part III accommodation"	"160732001"	"13F5200"
"8335931000006114"	"Seen in Part 3 accommodation"	"929171000000100"	"NO READ CODE"
"154191000006114"	"Seen in Part 3 accomodation"	"929171000000100"	"9N1F.11"
"4932361000006116"	"Sheltered environment"	"224785003"	"NO READ CODE"
"5997741000006116"	"Sheltered housing"	"310207003"	"NO READ CODE"
"250590014"	"Evicted forcibly from house"	"160753005"	"13FF200"
"397760013"	"Illegal tennant"	"266940006"	"13FG.11"
"337220011"	"Sleeping in night shelter"	"224231004"	"13FM.00"
"4925401000006115"	"Sleeping out"	"224229008"	"NO READ CODE"
"453151017"	"Slum housing"	"309683008"	"13EC.11"
"397759015"	"Squatter"	"266940006"	"13FG.00"
"250591013"	"Tenant evicted"	"160754004"	"13FF300"
"2004001000006118"	"Declined referral to homeless advocacy service"	"2004001000006102"	"NO READ CODE"
"1951101000006119"	"Referral to day centre for homeless"	"1951101000006103"	"NO READ CODE"
"2002641000006117"	"Referral to homeless advocacy service"	"2002641000006101"	"NO READ CODE"
"2733781000000113"	"Referral to homeless advocacy service"	"1091381000000101"	"NO READ CODE"
"1950961000006110"	"Referral to homeless team"	"1950961000006106"	"NO READ CODE"
"1951111000006116"	"Referral to support worker for homeless"	"1951111000006100"	"NO READ CODE"
"8452221000006119"	"Referred by homeless drop-in centre"	"1077211000000104"	"NO READ CODE"
"285909017"	"Awaiting housing NOS"	"271364002"	"9R3Z.00"
"500881000006110"	"Awaiting housing or re-housing"	"271364002"	"9R3..00"
"6260931000006114"	"Details of awaiting housing or re-housing"	"364702002"	"NO READ CODE"
"5523881000006110"	"Finding relating to awaiting housing or re-housing"	"271364002"	"NO READ CODE"
"411615019"	"Housing - awaiting action"	"275643002"	"9R3..11"
"8249091000006117"	"Referral by housing service"	"790331000000107"	"NO READ CODE"
"91151000000111"	"Referral to housing department"	"38921000000104"	"8H7y.00"
"405061015"	"Referred for part 3 accom."	"807271000000103"	"9R35.00"
"250565012"	"Admitted to a children's home"	"160739005"	"13F7400"
"2312161000000117"	"Discharge from homeless advocacy service"	"898811000000106"	"8Hgc.00"
"1951071000006112"	"Discharge to bed and breakfast accommodation"	"1951071000006108"	"NO READ CODE"
