medcodeid	term	snomedctconceptid	readcode
"3323601000006114"	"Admission to emergency department"	"50849002"	"NO READ CODE"
"283546010"	"Psychogeriatric emergency hospital admission"	"183474004"	"8H2L.00"
"12761931000006113"	"Gynaecological emergency hospital admission"	"183459001"	"NO READ CODE"
"283548011"	"Neurosurgical emergency hospital admission"	"183476002"	"8H2N.00"
"462181000006113"	"Admit medical emergency unsp."	"183452005"	"8H21.00"
"1823531000006111"	"Hospital admission, emergency, from walk-in centre"	"1823531000006107"	"NO READ CODE"
"283536013"	"Rheumatology emergency hospital admission"	"183465001"	"8H2C.00"
"283549015"	"Cardiothoracic emergency hospital admission"	"183477006"	"8H2O.00"
"283544013"	"Diabetic emergency hospital admission"	"183472000"	"8H2J.00"
"457274011"	"Cardiology emergency hospital admission"	"313385005"	"8H2Q.00"
"6763251000006114"	"Emergency hospital admission for COPD (chronic obstructive pulmonary disease)"	"408501008"	"NO READ CODE"
"4723361000006118"	"Gynecological emergency hospital admission"	"183459001"	"NO READ CODE"
"1660011000006116"	"Emergency voluntary psychiatric admission under Mental Health Act"	"313891000000105"	"8H2T.00"
"12482161000006117"	"Admit paediatric emergency"	"183458009"	"NO READ CODE"
"283524019"	"Emergency psychiatric admission under Mental Health Act 1983 (England and Wales)"	"395661000000100"	"8H23000"
"585631000000113"	"Emergency hospital admission for ischaemic heart disease"	"699245006"	"8H2V.00"
"283540016"	"Radiotherapy emergency hospital admission"	"183469007"	"8H2G.00"
"283539018"	"Urology emergency hospital admission"	"183468004"	"8H2F.00"
"1728541000006114"	"Hospital admission, emergency, indirect"	"18083007"	"NO READ CODE"
"851901000006112"	"Elderly psychiatric emergency admission"	"851901000006108"	"NO READ CODE"
"6763061000006115"	"Respiratory emergency hospital admission"	"408489005"	"NO READ CODE"
"8101191000006110"	"Emergency informal psychiatric admission under Mental Health Act"	"313891000000105"	"NO READ CODE"
"2160051010"	"Emergency hospital admission for chronic obstructive pulmonary disease"	"408501008"	"8H2R.00"
"462321000006111"	"Admit surgical emergency unsp."	"183452005"	"8H22.00"
"283547018"	"Renal medicine emergency hospital admission"	"183475003"	"8H2M.00"
"998281000006115"	"Multiple chronic obstructive pulmonary disease emergency hospital admissions"	"198901000000105"	"66Yi.00"
"1694221000006113"	"Form A,sec 24/25 emerg. admit"	"3261000000100"	"NO READ CODE"
"3779761000006116"	"Hospital admission, emergency, direct"	"78680009"	"NO READ CODE"
"283533017"	"ENT emergency hospital admission"	"183462003"	"8H29.00"
"283543019"	"Plastic surgery emergency hospital admission"	"183471007"	"8H2I.00"
"12761941000006115"	"Paediatric emergency hospital admission"	"183458009"	"NO READ CODE"
"3696791000006119"	"Hospital admission, emergency, from emergency room"	"73607007"	"NO READ CODE"
"2816831000006113"	"Hospital admission, emergency, from emergency room, medical nature"	"19951005"	"NO READ CODE"
"283532010"	"Orthopaedic emergency hospital admission"	"183461005"	"8H28.00"
"8439451000006115"	"Referred by hospital emergency department"	"1066431000000102"	"NO READ CODE"
"462221000006116"	"Ophthalmological emergency hospital admission"	"183464002"	"8H2B.00"
"2186461000000117"	"Emergency hospital admission from walk-in centre"	"842951000000109"	"8H2X.00"
"283530019"	"Obstetric emergency hospital admission"	"183460006"	"8H27.00"
"283520011"	"Emergency hospital admission"	"183452005"	"8H2..00"
"283523013"	"Psychiatric emergency hospital admission"	"183455007"	"8H23.00"
"283525018"	"Geriatric emergency hospital admission"	"183457004"	"8H24.00"
"283550015"	"Emergency hospital admission for asthma"	"183478001"	"8H2P.00"
"4723411000006114"	"Orthopedic emergency hospital admission"	"183461005"	"NO READ CODE"
"283538014"	"Neurology emergency hospital admission"	"183467009"	"8H2E.00"
"4723331000006110"	"Pediatric emergency hospital admission"	"183458009"	"NO READ CODE"
"283545014"	"Oral surgical emergency hospital admission"	"183473005"	"8H2K.00"
"283527014"	"Admit paediatric emergency"	"183458009"	"8H25.00"
"2549208013"	"Emergency hospital admission for heart failure"	"416683003"	"8H2S.00"
"283541017"	"Haematology emergency hospital admission"	"183470008"	"8H2H.00"
"3323561000006114"	"Emergency room admission"	"50849002"	"NO READ CODE"
"284072015"	"Referral to emergency clinic"	"183866009"	"8HTF.00"
"283528016"	"Admit gynaecological emergency"	"183459001"	"8H26.00"
"283537016"	"Dermatology emergency hospital admission"	"183466000"	"8H2D.00"
"1137891000000117"	"Vascular surgery emergency hospital admission"	"699122005"	"8H2W.00"
"283552011"	"Admit hospital emergency NOS"	"183452005"	"8H2Z.00"
"2198591000000112"	"Admit anticoagulation emergency"	"848101000000108"	"8H2Y.00"
"283534011"	"Trauma emergency hospital admission"	"183463008"	"8H2A.00"
"141211000006114"	"Sickle cell anaemia with crisis"	"417425009"	"D106200"
