medcodeid	term	snomedctconceptid	readcode
"458793012"	"Interpreter not present"	"314432007"	"9NQ1.00"
"2675963013"	"Interpreter not available"	"426201006"	"9NQ2.00"
"6992531000006117"	"Carer difficulty interpreting non-verbal communication"	"422596007"	"NO READ CODE"
"7039051000006112"	"Carer difficulty interpreting verbal communication"	"425129009"	"NO READ CODE"
"981231000006112"	"Difficulty interpreting/responding to verbal/nonverbal commun."	"981231000006108"	"NO READ CODE"
"1162731000000117"	"Uses British sign language interpreter"	"704497002"	"13o8500"
"458791014"	"Presence of interpreter"	"314430004"	"9NQ..00"
"458792019"	"Interpreter present"	"314431000"	"9NQ0.00"
"539181000000114"	"Telephone interpreting service used"	"303601000000100"	"9NQ3.00"
"460111019"	"Need for interpreter"	"315593009"	"9NU..00"
"460112014"	"Interpreter needed"	"315594003"	"9NU0.00"
"310521000000117"	"Interpreter needed - Akan"	"203281000000104"	"9NU2.00"
"310541000000112"	"Interpreter needed - Albanian"	"203291000000102"	"9NU3.00"
"310561000000113"	"Interpreter needed - Amharic"	"203301000000103"	"9NU4.00"
"310581000000116"	"Interpreter needed - Arabic"	"203311000000101"	"9NU5.00"
"310601000000113"	"Interpreter needed - Bengali"	"203321000000107"	"9NU6.00"
"310701000000118"	"Interpreter needed - Italian"	"203371000000106"	"9NU7.00"
"310721000000110"	"Interpreter needed - Cantonese"	"203381000000108"	"9NU8.00"
"310741000000115"	"Interpreter needed - Croatian"	"203391000000105"	"9NU9.00"
"684751000000115"	"Serbo-Croatian language interpreter needed"	"203391000000105"	"9NU9.11"
"310761000000119"	"Interpreter needed - Czech"	"203401000000108"	"9NUA.00"
"310781000000111"	"Interpreter needed - Dutch"	"203411000000105"	"9NUB.00"
"310801000000112"	"Farsi language interpreter needed"	"203421000000104"	"9NUC.00"
"644471000000110"	"Persian language interpreter needed"	"203421000000104"	"9NUC.11"
"310841000000110"	"Interpreter needed - French"	"203441000000106"	"9NUD.00"
"311001000000110"	"Interpreter needed - French Creole"	"203521000000103"	"9NUE.00"
"311031000000116"	"Interpreter needed - Igbo"	"203531000000101"	"9NUF.00"
"311131000000117"	"Interpreter needed - German"	"203581000000102"	"9NUG.00"
"311151000000112"	"Interpreter needed - Greek"	"203591000000100"	"9NUH.00"
"311171000000115"	"Interpreter needed - Gujarati"	"203601000000106"	"9NUJ.00"
"311191000000116"	"Interpreter needed - Hakka"	"203611000000108"	"9NUK.00"
"311231000000113"	"Interpreter needed - Hausa"	"203631000000100"	"9NUL.00"
"311251000000118"	"Interpreter needed - Hebrew"	"203641000000109"	"9NUM.00"
"311271000000110"	"Interpreter needed - Hindi"	"203651000000107"	"9NUN.00"
"311331000000119"	"Interpreter needed - Japanese"	"203681000000101"	"9NUP.00"
"311351000000114"	"Interpreter needed - Korean"	"203691000000104"	"9NUQ.00"
"311371000000117"	"Interpreter needed - Kurdish"	"203701000000104"	"9NUR.00"
"311391000000118"	"Interpreter needed - Lingala"	"203711000000102"	"9NUS.00"
"311411000000118"	"Interpreter needed - Lithuanian"	"203721000000108"	"9NUT.00"
"311591000000111"	"Interpreter needed - Ganda"	"203801000000105"	"9NUV.00"
"311611000000115"	"Interpreter needed - Malayalam"	"203811000000107"	"9NUW.00"
"311631000000111"	"Interpreter needed - Mandarin"	"203821000000101"	"9NUX.00"
"311651000000116"	"Interpreter needed - Norwegian"	"203831000000104"	"9NUY.00"
"311671000000113"	"Interpreter needed - Pashto"	"203841000000108"	"9NUZ.00"
"311791000000117"	"Interpreter needed - Polish"	"203901000000102"	"9NUa.00"
"311811000000116"	"Interpreter needed - Portuguese"	"203911000000100"	"9NUb.00"
"311921000000117"	"Interpreter needed - Panjabi"	"203961000000103"	"9NUc.00"
"684821000000118"	"Punjabi language interpreter needed"	"203961000000103"	"9NUc.11"
"311941000000112"	"Interpreter needed - Russian"	"203971000000105"	"9NUd.00"
"311961000000113"	"Interpreter needed - Serbian"	"203981000000107"	"9NUe.00"
"684691000000116"	"Serbo-Croatian language interpreter needed"	"203981000000107"	"9NUe.11"
"311981000000116"	"Interpreter needed - Shona"	"203991000000109"	"9NUf.00"
"312021000000113"	"Interpreter needed - Sinhala"	"204011000000102"	"9NUg.00"
"312041000000118"	"Interpreter needed - Somali"	"204021000000108"	"9NUh.00"
"312061000000117"	"Interpreter needed - Spanish"	"204031000000105"	"9NUi.00"
"312081000000114"	"Interpreter needed - Swahili"	"204041000000101"	"9NUj.00"
"312101000000115"	"Interpreter needed - Swedish"	"204051000000103"	"9NUk.00"
"312161000000116"	"Interpreter needed - Sylheti"	"204081000000109"	"9NUl.00"
"312221000000115"	"Interpreter needed - Tagalog"	"204111000000101"	"9NUm.00"
"312261000000111"	"Interpreter needed - Tamil"	"204131000000109"	"9NUn.00"
"312301000000118"	"Interpreter needed - Thai"	"204151000000102"	"9NUo.00"
"312341000000115"	"Interpreter needed - Tigrinya"	"204171000000106"	"9NUp.00"
"312381000000111"	"Interpreter needed - Turkish"	"204191000000105"	"9NUq.00"
"312401000000111"	"Interpreter needed - Ukrainian"	"204201000000107"	"9NUr.00"
"312421000000119"	"Interpreter needed - Urdu"	"204211000000109"	"9NUs.00"
"312441000000114"	"Interpreter needed - Vietnamese"	"204221000000103"	"9NUt.00"
"312471000000115"	"Interpreter needed - Welsh"	"204231000000101"	"9NUu.00"
"312491000000116"	"Interpreter needed - Yoruba"	"204241000000105"	"9NUv.00"
"312701000000119"	"Interpreter needed - British Sign Language"	"204331000000107"	"9NUw.00"
"312731000000113"	"Interpreter needed - Makaton Sign Language"	"204341000000103"	"9NUx.00"
"664911000000115"	"Romanian language interpreter needed"	"353881000000101"	"9NUy.00"
"664991000000112"	"Bulgarian language interpreter needed"	"353921000000107"	"9NUz.00"
"1779741000000116"	"Requires contact via telephone interpreting line"	"796131000000106"	"9Nf9.00"
"2440101000000118"	"Requires deafblind manual alphabet interpreter"	"957051000000100"	"9Nfa.00"
"2440141000000115"	"Requires deafblind block alphabet interpreter"	"957071000000109"	"9Nfb.00"
"2440231000000116"	"Requires deafblind haptic communication interpreter"	"957111000000103"	"9Nfc.00"
"1681051000006110"	"Other interpreter needed"	"315594003"	"9Nm..00"
"677351000000117"	"Mongolian language interpreter needed"	"359641000000107"	"9Nm0.00"
"677411000000113"	"Moldavian language interpreter needed"	"359671000000101"	"9Nm1.00"
"677471000000115"	"Marathi language interpreter needed"	"359701000000102"	"9Nm2.00"
"677531000000116"	"Maltese language interpreter needed"	"359731000000108"	"9Nm3.00"
"677591000000115"	"Luganda language interpreter needed"	"359761000000103"	"9Nm4.00"
"677651000000110"	"Ethiopian language interpreter needed"	"359791000000109"	"9Nm5.00"
"677711000000117"	"Brawa language interpreter needed"	"359821000000104"	"9Nm6.00"
"677771000000110"	"Kirghiz language interpreter needed"	"359851000000109"	"9Nm7.00"
"677831000000119"	"Iban language interpreter needed"	"359881000000103"	"9Nm8.00"
"677891000000118"	"Maori language interpreter needed"	"359911000000103"	"9Nm9.00"
"678011000000118"	"Macedonian language interpreter needed"	"359971000000108"	"9NmA.00"
"678091000000110"	"Malagasy language interpreter needed"	"360011000000101"	"9NmB.00"
"678211000000113"	"Latvian language interpreter needed"	"360071000000106"	"9NmC.00"
"678271000000115"	"Kannada language interpreter needed"	"360101000000102"	"9NmD.00"
"678331000000111"	"Kinyarwanda language interpreter needed"	"360131000000108"	"9NmE.00"
"678391000000112"	"Malay language interpreter needed"	"360161000000103"	"9NmF.00"
"678451000000111"	"Kashmiri language interpreter needed"	"360191000000109"	"9NmG.00"
"678511000000111"	"Kazakh language interpreter needed"	"360221000000102"	"9NmH.00"
"678571000000118"	"Inupiaq language interpreter needed"	"360251000000107"	"9NmJ.00"
"678631000000119"	"Javanese language interpreter needed"	"360281000000101"	"9NmK.00"
"678691000000118"	"Inuktitut language interpreter needed"	"360311000000103"	"9NmL.00"
"678751000000117"	"Interlingue language interpreter needed"	"360341000000102"	"9NmM.00"
"678811000000114"	"Lao language interpreter needed"	"360371000000108"	"9NmN.00"
"678871000000116"	"Icelandic language interpreter needed"	"360401000000105"	"9NmP.00"
"678931000000110"	"Hungarian language interpreter needed"	"360431000000104"	"9NmQ.00"
"681151000000119"	"Guarani language interpreter needed"	"361441000000100"	"9NmR.00"
"681211000000114"	"Georgian language interpreter needed"	"361471000000106"	"9NmS.00"
"681271000000116"	"Frisian language interpreter needed"	"361501000000104"	"9NmT.00"
"681871000000117"	"Faeroese language interpreter needed"	"361791000000100"	"9NmV.00"
"681931000000111"	"Fijian language interpreter needed"	"361821000000105"	"9NmW.00"
"681991000000112"	"Galician language interpreter needed"	"361851000000100"	"9NmX.00"
"682051000000111"	"Esperanto language interpreter needed"	"361881000000106"	"9NmY.00"
"682111000000113"	"Estonian language interpreter needed"	"361911000000106"	"9NmZ.00"
"682231000000113"	"Danish language interpreter needed"	"361971000000101"	"9Nmb.00"
"682311000000110"	"Kalaallisut language interpreter needed"	"362011000000102"	"9Nmc.00"
"692821000000111"	"Greenlandic language interpreter needed"	"362011000000102"	"9Nmc.11"
"682371000000117"	"Catalan language interpreter needed"	"362041000000101"	"9Nmd.00"
"682431000000114"	"Belarusian language interpreter needed"	"362071000000107"	"9Nme.00"
"682521000000113"	"Indonesian language interpreter needed"	"362111000000101"	"9Nmf.00"
"682581000000114"	"Breton language interpreter needed"	"362141000000100"	"9Nmg.00"
"682641000000119"	"Bislama language interpreter needed"	"362171000000106"	"9Nmh.00"
"682701000000112"	"Bihari language interpreter needed"	"362201000000107"	"9Nmi.00"
"682761000000111"	"Assamese language interpreter needed"	"362231000000101"	"9Nmj.00"
"682821000000110"	"Armenian language interpreter needed"	"362261000000106"	"9Nmk.00"
"683001000000115"	"Central Khmer language interpreter needed"	"362331000000107"	"9Nml.00"
"683091000000110"	"Burmese language interpreter needed"	"362371000000109"	"9Nmm.00"
"683471000000119"	"Aymara language interpreter needed"	"362541000000108"	"9Nmn.00"
"683531000000115"	"Afrikaans language interpreter needed"	"362571000000102"	"9Nmo.00"
"683621000000116"	"Azerbaijani language interpreter needed"	"362611000000106"	"9Nmp.00"
"683681000000115"	"Basque language interpreter needed"	"362641000000107"	"9Nmq.00"
"683791000000113"	"Afar language interpreter needed"	"362691000000102"	"9Nmr.00"
"683851000000113"	"Abkhazian language interpreter needed"	"362721000000106"	"9Nms.00"
"684061000000119"	"Zulu language interpreter needed"	"362821000000104"	"9Nmu.00"
"684441000000111"	"Oromo language interpreter needed"	"362991000000107"	"9Nmx.00"
"684501000000112"	"Yiddish language interpreter needed"	"363021000000102"	"9Nmy.00"
"684581000000119"	"Rundi language interpreter needed"	"363061000000105"	"9Nmz.00"
"1681661000006118"	"Further interpreter needed"	"315594003"	"9Nn..00"
"684771000000112"	"Tibetan language interpreter needed"	"363141000000105"	"9Nn0.00"
"684881000000117"	"Tsonga language interpreter needed"	"363181000000102"	"9Nn1.00"
"685121000000110"	"Twi language interpreter needed"	"363301000000109"	"9Nn3.00"
"685201000000110"	"Telugu language interpreter needed"	"363341000000107"	"9Nn4.00"
"685651000000113"	"Turkmen language interpreter needed"	"363551000000104"	"9Nn6.00"
"685731000000111"	"Slovenian language interpreter needed"	"363591000000107"	"9Nn7.00"
"685851000000112"	"Southern Sotho language interpreter needed"	"363651000000100"	"9Nn9.00"
"685971000000111"	"Sindhi language interpreter needed"	"363711000000105"	"9NnB.00"
"686111000000112"	"Sundanese language interpreter needed"	"363781000000103"	"9NnC.00"
"686231000000112"	"Samoan language interpreter needed"	"363841000000104"	"9NnD.00"
"686571000000111"	"Quechua language interpreter needed"	"364011000000105"	"9NnF.00"
"686651000000115"	"Sango language interpreter needed"	"364051000000109"	"9NnG.00"
"687071000000116"	"Nepali language interpreter needed"	"364251000000104"	"9NnK.00"
"687531000000112"	"Romansh language interpreter needed"	"364481000000106"	"9NnN.00"
"2399091000000116"	"Sign Supported English interpreter needed"	"936761000000104"	"9NnQ.00"
"2418601000000115"	"Visual frame sign language interpreter needed"	"945711000000107"	"9NnR.00"
"2418641000000117"	"Hands-on signing interpreter needed"	"945731000000104"	"9NnS.00"
"1761221000000114"	"Interpreter booked"	"736790000"	"9Ns..00"
"8064351000006113"	"Spanish language interpreter needed"	"204031000000105"	"NO READ CODE"
"8064121000006118"	"Polish language interpreter needed"	"203901000000102"	"NO READ CODE"
"8357981000006119"	"Aragonese interpreter needed"	"972511000000109"	"NO READ CODE"
"8064591000006111"	"Ukrainian language interpreter needed"	"204201000000107"	"NO READ CODE"
"8063451000006115"	"Cantonese language interpreter needed"	"203381000000108"	"NO READ CODE"
"8064501000006116"	"Tamil language interpreter needed"	"204131000000109"	"NO READ CODE"
"8064021000006119"	"Mandarin language interpreter needed"	"203821000000101"	"NO READ CODE"
"8064081000006115"	"Pushto interpreter needed"	"203841000000108"	"NO READ CODE"
"8358141000006110"	"Fulah interpreter needed"	"972671000000103"	"NO READ CODE"
"993811000006119"	"Sign interpreter needed"	"993811000006103"	"NO READ CODE"
"8064551000006117"	"Tigrinya language interpreter needed"	"204171000000106"	"NO READ CODE"
"993391000006117"	"Language of interpreter - Brawa"	"993391000006101"	"NO READ CODE"
"2475061000000111"	"Latin interpreter needed"	"972801000000105"	"NO READ CODE"
"8064231000006114"	"Russian language interpreter needed"	"203971000000105"	"NO READ CODE"
"8064201000006118"	"Panjabi language interpreter needed"	"203961000000103"	"NO READ CODE"
"993291000006111"	"Language of interpreter - Iba"	"993291000006107"	"NO READ CODE"
"8358161000006114"	"Herero interpreter needed"	"972691000000104"	"NO READ CODE"
"8358691000006112"	"Wolof interpreter needed"	"973161000000108"	"NO READ CODE"
"993591000006114"	"Language of interpreter - Luganda"	"993591000006105"	"NO READ CODE"
"2643231000000111"	"Romanes language interpreter needed"	"1047321000000104"	"NO READ CODE"
"8064531000006112"	"Thai language interpreter needed"	"204151000000102"	"NO READ CODE"
"994201000006119"	"Informed consent obtained via interpreter to a nursing procedure"	"994201000006103"	"NO READ CODE"
"993301000006112"	"Language of interpreter - Kutchi"	"993301000006108"	"NO READ CODE"
"993201000006116"	"Language of interpreter needed"	"993201000006100"	"NO READ CODE"
"993821000006110"	"Sign interpreter needed - British sign language"	"993821000006106"	"NO READ CODE"
"8063851000006117"	"Kurdish language interpreter needed"	"203701000000104"	"NO READ CODE"
"2638741000000119"	"Romsky language interpreter needed"	"1047321000000104"	"NO READ CODE"
"1009181000006111"	"Telephone interpreter used"	"1009181000006107"	"NO READ CODE"
"8064461000006116"	"Tagalog language interpreter needed"	"204111000000101"	"NO READ CODE"
"8064571000006110"	"Turkish language interpreter needed"	"204191000000105"	"NO READ CODE"
"11930091000006118"	"Interpreter booked"	"787661000000108"	"NO READ CODE"
"8063661000006116"	"German language interpreter needed"	"203581000000102"	"NO READ CODE"
"993491000006110"	"Language of interpreter - Gaelic"	"993491000006106"	"NO READ CODE"
"8064061000006113"	"Pashto language interpreter needed"	"203841000000108"	"NO READ CODE"
"8063301000006111"	"Albanian language interpreter needed"	"203291000000102"	"NO READ CODE"
"8063681000006114"	"Greek language interpreter needed"	"203591000000100"	"NO READ CODE"
"8064301000006114"	"Sinhala language interpreter needed"	"204011000000102"	"NO READ CODE"
"1873661000006119"	"Interpreter was required to support care activity"	"1873661000006103"	"NO READ CODE"
"1748591000006119"	"Interpreter booked"	"1748591000006103"	"NO READ CODE"
"8063781000006115"	"Hindi language interpreter needed"	"203651000000107"	"NO READ CODE"
"2638731000000111"	"Romani language interpreter needed"	"1047321000000104"	"NO READ CODE"
"8064681000006112"	"Yoruba language interpreter needed"	"204241000000105"	"NO READ CODE"
"8063871000006110"	"Lingala language interpreter needed"	"203711000000102"	"NO READ CODE"
"2638711000000115"	"Romany language interpreter needed"	"1047321000000104"	"NO READ CODE"
"8063811000006118"	"Japanese language interpreter needed"	"203681000000101"	"NO READ CODE"
"1010001000006111"	"Family member interpreter present"	"1010001000006107"	"NO READ CODE"
"8358651000006118"	"VolapÃ¼k interpreter needed"	"973131000000103"	"NO READ CODE"
"8063571000006112"	"French language interpreter needed"	"203441000000106"	"NO READ CODE"
"8064611000006117"	"Urdu language interpreter needed"	"204211000000109"	"NO READ CODE"
"8063611000006119"	"French Creole language interpreter needed"	"203521000000103"	"NO READ CODE"
"8358021000006116"	"Bambara interpreter needed"	"972541000000105"	"NO READ CODE"
"8358071000006115"	"Chinese interpreter needed"	"972591000000100"	"NO READ CODE"
"994251000006115"	"'Information sharing' PIL given and discussed via an interpreter"	"994251000006104"	"NO READ CODE"
"8064391000006119"	"Swedish language interpreter needed"	"204051000000103"	"NO READ CODE"
"1873651000006116"	"Interpreter required indicator"	"1873651000006100"	"NO READ CODE"
"8064371000006115"	"Swahili language interpreter needed"	"204041000000101"	"NO READ CODE"
"2638721000000114"	"Romanesa language interpreter needed"	"1047321000000104"	"NO READ CODE"
"8063991000006115"	"Malayalam language interpreter needed"	"203811000000107"	"NO READ CODE"
"8064791000006115"	"British Sign Language interpreter needed"	"204331000000107"	"NO READ CODE"
"8063831000006112"	"Korean language interpreter needed"	"203691000000104"	"NO READ CODE"
"994211000006116"	"Informed consent obtained via interpreter to medication delivery"	"994211000006100"	"NO READ CODE"
"8064141000006113"	"Portuguese language interpreter needed"	"203911000000100"	"NO READ CODE"
"8063521000006111"	"Dutch language interpreter needed"	"203411000000105"	"NO READ CODE"
"8063501000006118"	"Czech language interpreter needed"	"203401000000108"	"NO READ CODE"
"2475581000000111"	"Serbo-Croatian interpreter needed"	"973061000000107"	"NO READ CODE"
"8358231000006111"	"Kikuyu interpreter needed"	"972751000000103"	"NO READ CODE"
"8358181000006116"	"Ido interpreter needed"	"972711000000102"	"NO READ CODE"
"8115821000006118"	"Abkhaz interpreter needed"	"362721000000106"	"NO READ CODE"
"8064641000006118"	"Vietnamese language interpreter needed"	"204221000000103"	"NO READ CODE"
"8064421000006110"	"Sylheti language interpreter needed"	"204081000000109"	"NO READ CODE"
"8064041000006114"	"Norwegian language interpreter needed"	"203831000000104"	"NO READ CODE"
"8063901000006110"	"Lithuanian language interpreter needed"	"203721000000108"	"NO READ CODE"
"8063741000006114"	"Hausa language interpreter needed"	"203631000000100"	"NO READ CODE"
"8063431000006110"	"Italian language interpreter needed"	"203371000000106"	"NO READ CODE"
"8064811000006116"	"Makaton Sign Language interpreter needed"	"204341000000103"	"NO READ CODE"
"8063321000006118"	"Amharic language interpreter needed"	"203301000000103"	"NO READ CODE"
"8064281000006110"	"Shona language interpreter needed"	"203991000000109"	"NO READ CODE"
"8358041000006111"	"Bosnian interpreter needed"	"972561000000106"	"NO READ CODE"
"8063701000006112"	"Gujarati language interpreter needed"	"203601000000106"	"NO READ CODE"
"993671000006112"	"Language of interpreter - Patois"	"993671000006108"	"NO READ CODE"
"993431000006111"	"Language of interpreter - Ethiopian"	"993431000006107"	"NO READ CODE"
"1010011000006114"	"Practice member interpreter present"	"1010011000006105"	"NO READ CODE"
"8063761000006113"	"Hebrew language interpreter needed"	"203641000000109"	"NO READ CODE"
"994231000006110"	"Consent given via an interpreter for electronic record sharing"	"994231000006106"	"NO READ CODE"
"8063341000006113"	"Arabic language interpreter needed"	"203311000000101"	"NO READ CODE"
"980831000006117"	"Interpreter/translator services"	"980831000006101"	"NO READ CODE"
"8063371000006117"	"Bengali language interpreter needed"	"203321000000107"	"NO READ CODE"
"994221000006112"	"Informed consent obtained via interpreter to vaccinate"	"994221000006108"	"NO READ CODE"
"8113231000006115"	"Slovak language interpreter needed"	"352901000000108"	"NO READ CODE"
"8064331000006118"	"Somali language interpreter needed"	"204021000000108"	"NO READ CODE"
"993451000006116"	"Language of interpreter - Flemish"	"993451000006100"	"NO READ CODE"
"8063631000006113"	"Igbo language interpreter needed"	"203531000000101"	"NO READ CODE"
"2474561000000115"	"Bashkir interpreter needed"	"972551000000108"	"NO READ CODE"
