medcodeid	term	readcode
"12115961000006114"	"Signposting to Special Educational Needs and Disabilities Service"	"NO READ CODE"
"1782491000006112"	"Lack of mental capacity to make decision (Mental Capacity Act 2005)"	"2JR..00"
"1860901000006112"	"Preferred place of care no longer learning disability unit"	"NO READ CODE"
"2018531000006110"	"Review by specialist community children's school nursing team"	"NO READ CODE"
"2023201000006117"	"Lack of mental capacity to make decision (Mental Capacity Act (NI) 2016)"	"NO READ CODE"
"317247012"	"Retardation of physical development"	"R034400"
"337982010"	"Specialist school"	"13Z4M00"
"397797015"	"Relative - mental handicap"	"13L2.00"
"412029016"	"Cares for mentally handicapped dependent"	"13HH.11"
"4933261000006119"	"Special needs school"	"NO READ CODE"
"5653121000006113"	"Special educational needs coordinator"	"NO READ CODE"
"5653131000006111"	"SENCO - Special educational needs coordinator"	"NO READ CODE"
"959321000006113"	"Difficulty providing cognitive learning experiences & activities"	"NO READ CODE"
"10374011"	"Laurence-Moon-Biedl syndrome"	"PKy1.00"
"108541018"	"Hurler's syndrome"	"C375112"
"110901011"	"Acrodysostosis"	"PG5F.00"
"1175631000000111"	"Exception reporting - learning disability quality indicators"	"9hL..00"
"119577010"	"Heller's syndrome"	"E141.11"
"119579013"	"Disintegrative psychosis"	"E141.00"
"12007891000006110"	"Wiedemann Steiner syndrome"	"NO READ CODE"
"12010191000006115"	"Malan overgrowth syndrome"	"NO READ CODE"
"12010231000006113"	"Agenesis of corpus callosum and abnormal genitalia syndrome"	"NO READ CODE"
"12073641000006117"	"PURA syndrome"	"NO READ CODE"
"121704017"	"Marshall-Smith syndrome"	"PKy0400"
"1221474011"	"Deletion of short arm of chromosome 4"	"PJ32.00"
"1224879014"	"Trisomy 18 NOS"	"PJ2z.11"
"1224880012"	"Trisomy 13 NOS"	"PJ1z.11"
"1224941015"	"Dubowitz syndrome"	"PKy6600"
"1229637015"	"Degenerative amsterodamensis typus"	"PKy6013"
"1229639017"	"Bruck-de Lange syndrome"	"PKy6012"
"1231577014"	"Biedl-Bardet syndrome"	"PKy1.11"
"1233229018"	"Deletion of short arm of chromosome 5"	"PJ31.11"
"1234349019"	"Oculocerebrorenal dystrophy"	"C302512"
"1234352010"	"Lowe disease"	"C302500"
"131704013"	"Oculocerebrorenal syndrome"	"C302511"
"13491161000006116"	"10q22.3q23.3 microdeletion syndrome"	"NO READ CODE"
"13492091000006117"	"Microcephalic primordial dwarfism Alazami type"	"NO READ CODE"
"13492121000006118"	"Monosomy 13q14 syndrome"	"NO READ CODE"
"13493791000006114"	"Progressive encephalopathy with oedema, hypsarrhythmia, and optic atrophy-like syndrome"	"NO READ CODE"
"13497341000006114"	"49,XXXYY syndrome"	"NO READ CODE"
"13501631000006113"	"Polymicrogyria with optic nerve hypoplasia"	"NO READ CODE"
"13510661000006110"	"White Sutton syndrome"	"NO READ CODE"
"13520601000006115"	"Cyclin-dependent kinase-like 5 deficiency"	"NO READ CODE"
"13521831000006119"	"CK syndrome"	"NO READ CODE"
"13522651000006117"	"Bainbridge Roppers syndrome"	"NO READ CODE"
"13525931000006114"	"Distal Xq28 microduplication syndrome"	"NO READ CODE"
"13594019"	"Thought retardation"	"1Ba2.00"
"13621171000006117"	"Distal trisomy 18q"	"NO READ CODE"
"13622571000006118"	"Congenital disorder of glycosylation type 1u"	"NO READ CODE"
"14163361000006116"	"X-linked complicated corpus callosum dysgenesis"	"NO READ CODE"
"1694831000006112"	"Pitt-Hopkins syndrome"	"NO READ CODE"
"1705661000006112"	"PEHO (progressive encephalopathy with oedema, hypsarrhythmia and optic atrophy) syndrome"	"F10y200"
"1741561000006119"	"Excepted from learning disability quality indicators - patient unsuitable"	"9hL1.00"
"17479015"	"Coffin-Siris syndrome"	"NO READ CODE"
"1780502018"	"Smith-Magenis syndrome"	"PJ33300"
"1840491000006119"	"Special education needs-emotional and behavioural difficulties"	"NO READ CODE"
"1872711000006116"	"Special educational need type"	"NO READ CODE"
"1872741000006117"	"Special education needs - emotional and behavioural difficulty"	"NO READ CODE"
"187765019"	"Amaurotic familial idiocy"	"F101.11"
"189601000000111"	"Learning disabilities administration status"	"9HB..00"
"1932101000006114"	"3D study - problems with learning disability management"	"NO READ CODE"
"1941001000006115"	"DD-CGAS (Developmental Disabilities - Children's Global Assessment Scale) self care score"	"38Gf000"
"2090010"	"Fragile X syndrome"	"PJyy400"
"2114791000000110"	"Kleefstra syndrome"	"PJ33A00"
"215821000000119"	"Moron"	"E30..13"
"215930017"	"Statement of special educational needs"	"9F8..00"
"2288551000000117"	"Statement of special educational needs stopped"	"13ZK100"
"2296351000000113"	"MECP2 duplication syndrome"	"PJz3100"
"239991000006111"	"Patau syndrome"	"PJ1..00"
"2403181000000114"	"Seen by learning disability team"	"9Nlh.00"
"2478440016"	"Ohdo blepharophimosis syndrome"	"PKyG.11"
"250818014"	"Child attends special school"	"13IE.00"
"2508311000006110"	"FRAXA - Fragile X syndrome"	"NO READ CODE"
"25776014"	"Coffin-Lowry syndrome"	"PKy5F00"
"2589171000006110"	"Bardet-Biedl syndrome"	"NO READ CODE"
"261108013"	"Trisomy 21 in amniotic foetal cell"	"4H73.00"
"2744171000000114"	"Birth to 25 education, health and care in special education setting"	"NO READ CODE"
"2835541000006116"	"Complete trisomy 13 syndrome"	"NO READ CODE"
"2900005013"	"Fragile X associated tremor ataxia syndrome"	"F1y0.00"
"294938012"	"Active disintegrative psychoses"	"E141000"
"294939016"	"Residual disintegrative psychoses"	"E141100"
"294941015"	"Disintegrative psychosis NOS"	"E141z00"
"3009131000006116"	"Handicapped child - special school"	"NO READ CODE"
"302051000000118"	"Lujan-Fryns syndrome"	"PKyJ.00"
"315350012"	"Trisomy 13, meiotic nondisjunction"	"PJ10.00"
"315360015"	"Antimongolism syndrome"	"PJ30.00"
"315486012"	"Fragile X chromosome"	"PJyy200"
"3267011000006111"	"Mental subnormality"	"NO READ CODE"
"3334491000006116"	"Complete trisomy 18 syndrome"	"NO READ CODE"
"3334501000006112"	"Edwards syndrome"	"NO READ CODE"
"3462421000006114"	"Cutis laxa-corneal clouding-oligophrenia syndrome"	"NO READ CODE"
"3501751000006112"	"Amaurotic idiocy juvenile type"	"NO READ CODE"
"3562061000006117"	"Mucopolysaccharidosis, MPS-I-H"	"NO READ CODE"
"3562141000006117"	"Mucopolysaccharidosis type I-H"	"NO READ CODE"
"3591821000006112"	"Gerstmann-Straussler-Scheinker syndrome"	"NO READ CODE"
"36300015"	"Borjeson-Forssman-Lehmann syndrome"	"PKy6900"
"3640931000006110"	"5p partial monosomy syndrome"	"NO READ CODE"
"3670581000006118"	"Childhood disintegrative disorder"	"NO READ CODE"
"376631000006115"	"[X]Dementia infantalis"	"Eu84311"
"376951000006119"	"[X]Developmental Gerstmann's syndrome"	"Eu81213"
"377071011"	"Gillespie syndrome"	"P22y200"
"377461000006113"	"[X]Disintegrative psychosis"	"Eu84312"
"378491010"	"Pseudotrisomy 18"	"PJ5y.11"
"378494019"	"Partial trisomy 21 in Down's syndrome"	"PJ02.11"
"378496017"	"Edward's syndrome NOS"	"PJ2z.00"
"378497014"	"Partial trisomy 18 in Edward's syndrome"	"PJ22.11"
"378499012"	"Patau's syndrome NOS"	"PJ1z.00"
"378500015"	"Partial trisomy 13 in Patau's syndrome"	"PJ12.11"
"3790911000006117"	"Lowe syndrome"	"NO READ CODE"
"3790971000006114"	"Cerebro-oculorenal dystrophy"	"NO READ CODE"
"386751000006111"	"[X]Feeble-mindedness"	"Eu70.11"
"388761000006114"	"[X]Heller's syndrome"	"Eu84313"
"398201000006115"	"[X]Mental deficiency NOS"	"Eu7z.11"
"398251000006116"	"[X]Mental subnormality NOS"	"Eu7z.12"
"398821000006114"	"[X]Moderate mental subnormality"	"Eu71.11"
"401910019"	"[X]Other childhood disintegrative disorder"	"Eu84300"
"4164891000006115"	"Kohlschutter's syndrome"	"NO READ CODE"
"417681000006116"	"[X]Overactive disorder assoc mental retard/stereotype movts"	"Eu84400"
"423521000006119"	"[X]Profound mental subnormality"	"Eu73.11"
"424971000006111"	"Rett syndrome"	"Eu84200"
"426611000006117"	"[X]Severe mental subnormality"	"Eu72.11"
"4831001000006119"	"Trisomy 18 - meiotic nondisjunction"	"NO READ CODE"
"4926511000006114"	"Educated at special needs school"	"NO READ CODE"
"53891000006113"	"Wolff - Hirschorn syndrome"	"PJ32.11"
"557191000000119"	"Mowat-Wilson syndrome"	"PJ9..00"
"5580071000006115"	"Attendance at special school"	"NO READ CODE"
"5943911000006116"	"Seen by psychiatrist for mental handicap"	"NO READ CODE"
"5946231000006113"	"Seen by mental handicap psychiatry service"	"NO READ CODE"
"5952001000006113"	"Referral to mental handicap psychiatry service"	"NO READ CODE"
"5954321000006111"	"Referral to psychiatrist for mental handicap"	"NO READ CODE"
"600811000006111"	"Cri du chat syndrome"	"PJ31.00"
"6348371000006113"	"Translocation Down syndrome"	"NO READ CODE"
"636711000006113"	"Edward's syndrome - trisomy 18"	"PJ2..00"
"63896011"	"Cornelia de Lange syndrome"	"PKy6011"
"63898012"	"Amsterdam dwarf"	"PKy6000"
"667621000006119"	"Feeble-minded"	"E30..12"
"68472012"	"Mongolism"	"PJ0..11"
"7349161000006111"	"FXTAS - Fragile X associated tremor ataxia syndrome"	"NO READ CODE"
"7519871000006119"	"Ohdo syndrome, Say-Barber-Biesecker-Young-Simpson variant"	"NO READ CODE"
"7525391000006116"	"Renpenning syndrome"	"NO READ CODE"
"7558081000006114"	"Allan-Herndon-Dudley syndrome"	"NO READ CODE"
"7558801000006110"	"Chromosome 2q37 deletion syndrome"	"NO READ CODE"
"7560021000006117"	"Partington syndrome"	"NO READ CODE"
"7560111000006112"	"Snyder-Robinson syndrome"	"NO READ CODE"
"7769521000006118"	"Wolf Hirschhorn syndrome"	"NO READ CODE"
"7774181000006117"	"Achalasia microcephaly syndrome"	"NO READ CODE"
"7781071000006113"	"Shprintzen Goldberg craniosynostosis syndrome"	"NO READ CODE"
"7781091000006114"	"Shprintzen-Goldberg syndrome"	"NO READ CODE"
"7781471000006115"	"BSG syndrome"	"NO READ CODE"
"7782211000006118"	"Pettigrew syndrome"	"NO READ CODE"
"7788761000006111"	"19q13.11 microdeletion syndrome"	"NO READ CODE"
"7791131000006110"	"DOORS syndrome"	"NO READ CODE"
"7791151000006115"	"DOOR syndrome"	"NO READ CODE"
"7791221000006119"	"Chromosome Xp11.3 microdeletion syndrome"	"NO READ CODE"
"7792761000006113"	"Trisomy Xq28 syndrome"	"NO READ CODE"
"7792771000006118"	"Chromosome Xq28 trisomy syndrome"	"NO READ CODE"
"7804931000006111"	"Autosomal recessive limb girdle muscular dystrophy type 2K"	"NO READ CODE"
"7809711000006116"	"Filippi syndrome"	"NO READ CODE"
"7810891000006112"	"Oliver syndrome"	"NO READ CODE"
"7842691000006118"	"Isodicentric chromosome 15 syndrome"	"NO READ CODE"
"7842741000006116"	"Faciocardiorenal syndrome"	"NO READ CODE"
"785941000006115"	"Imbecile"	"E310.11"
"787151000006113"	"Idiocy"	"E312.11"
"7881411000006110"	"Weaver Williams syndrome"	"NO READ CODE"
"7881921000006114"	"Primrose syndrome"	"NO READ CODE"
"79051000006114"	"Ullrich - Feichtiger syndrome, chimaera"	"PKyz000"
"7952761000006111"	"Epilepsy telangiectasia syndrome"	"NO READ CODE"
"7952891000006114"	"Encephalopathy, intracerebral calcification, retinal degeneration syndrome"	"NO READ CODE"
"7958391000006116"	"Microcephalus, glomerulonephritis, marfanoid habitus syndrome"	"NO READ CODE"
"815791000006111"	"Handicap child -special school"	"8F23.00"
"829441000006116"	"Hurler's syndrome"	"C375.13"
"8367721000006112"	"HoNOS-LD (Health of the Nation Outcome Scales for People with Learning Disabilities) rating scale 16 score - level of self-care"	"NO READ CODE"
"83729012"	"Dyslexia training"	"8E23.00"
"8443531000006111"	"Difficulty learning basic skills"	"NO READ CODE"
"88251000006115"	"Trisomy 13, mitotic nondisjunction"	"PJ11.11"
"88261000006118"	"Trisomy 13 - mitotic nondisjunction mosaicism"	"PJ11.00"
"88271000006113"	"Trisomy 13, translocation"	"PJ12.00"
"882761000006114"	"Mental subnormality"	"E3...99"
"882801000006117"	"Mental subnormality NOS"	"E31z.99"
"88291000006114"	"Trisomy 18, meiotic nondisjunction"	"PJ20.00"
"88301000006110"	"Trisomy 18, mitotic nondisjunction"	"PJ21.11"
"88311000006113"	"Trisomy 18 - mitotic nondisjunction mosaicism"	"PJ21.00"
"88321000006117"	"Trisomy 18, translocation"	"PJ22.00"
"893501000006110"	"Fragile X syndrome"	"PJyy299"
"940371000006118"	"Fragile X syndrome"	"NO READ CODE"
"94131019"	"Cohen syndrome"	"PKy5K00"
"96285014"	"Seckel syndrome"	"PKy6400"
"988941000006119"	"Mental subnormality NOS"	"E3...98"
"1009521000006116"	"Cause of learning disabilities"	"NO READ CODE"
"1009531000006118"	"Cause of learning disabilities: Down's syndrome"	"NO READ CODE"
"1009541000006111"	"Cause of learning disabilities: Tuberous sclerosis"	"NO READ CODE"
"1009551000006113"	"Cause of learning disabilities: Birth trauma"	"NO READ CODE"
"1009561000006110"	"Cause of learning disabilities: Meningitis/encephalitis"	"NO READ CODE"
"1009571000006115"	"Cause of learning disabilities: Fragile X syndrome"	"NO READ CODE"
"1009581000006117"	"Cause of learning disabilities: Late effect of head injury"	"NO READ CODE"
"1009591000006119"	"Cause of learning disabilities: Brain tumour"	"NO READ CODE"
"1009601000006110"	"Cause of learning disabilities: Congenital hydrocephalus"	"NO READ CODE"
"1009611000006113"	"Cause of learning disabilities: Microcephaly"	"NO READ CODE"
"1009621000006117"	"Cause of learning disabilities: Phenylketonuria"	"NO READ CODE"
"1009631000006119"	"Cause of learning disabilities: Prader-Willi syndrome"	"NO READ CODE"
"1009641000006112"	"Cause of learning disabilities: Smith-Magenis syndrome"	"NO READ CODE"
"1009651000006114"	"Cause of learning disabilities: Rett syndrome"	"NO READ CODE"
"1009661000006111"	"Cause of learning disabilities: Congenital rubella"	"NO READ CODE"
"1009691000006115"	"Cause of learning disabilities: Other"	"NO READ CODE"
"1009801000006111"	"Level of support for person with adult learning disablts. (ALD)"	"NO READ CODE"
"1129781000000117"	"Severe learning disability"	"Eu81500"
"1129811000000119"	"Moderate learning disability"	"Eu81400"
"1158111000000115"	"Preferred place of care - learning disability unit"	"8Ce6.00"
"1162851000000116"	"Learning disability annual health check invitation"	"9mA..00"
"1162891000000112"	"Learning disability annual health check verbal invitation"	"9mA0.00"
"1162931000000119"	"Learning disability annual health check telephone invitation"	"9mA1.00"
"1164251000000114"	"Learning disability annual health check letter invitation"	"9mA2.00"
"1177021000000114"	"Learning disabilities annual health check declined"	"9HB6.11"
"1177051000000116"	"Did not attend learning disabilities annual health check"	"9HB7.11"
"12009571000006115"	"Intellectual disability, brachydactyly, Pierre Robin syndrome"	"NO READ CODE"
"12022541000006113"	"Intellectual disability Birk-Barel type"	"NO READ CODE"
"12077271000006118"	"PPP2R5D-related intellectual disability"	"NO READ CODE"
"12178711000006112"	"Hyperphosphatasaemia with intellectual disability"	"NO READ CODE"
"12197931000006114"	"Borderline intellectual disability"	"NO READ CODE"
"1222495016"	"[D]Global retardation"	"R034y11"
"1224878018"	"Trisomy 21 NOS"	"PJ0z.11"
"12321891000006112"	"Intellectual disability, congenital heart disease, blepharophimosis, blepharoptosis and hypoplastic teeth"	"NO READ CODE"
"1234038018"	"Angelman's syndrome"	"PKyz700"
"12702211000006116"	"Specific learning difficulty"	"NO READ CODE"
"127638013"	"Angelman syndrome"	"PKyz511"
"127639017"	"Happy puppet syndrome"	"PKyz500"
"13522691000006111"	"Intellectual disability with strabismus syndrome"	"NO READ CODE"
"13530051000006113"	"AHDC1-related intellectual disability, obstructive sleep apnoea, mild dysmorphism syndrome"	"NO READ CODE"
"13622001000006116"	"Severe intellectual disability, progressive spastic diplegia syndrome"	"NO READ CODE"
"13622051000006117"	"Intellectual disability, facial dysmorphism syndrome due to SETD5 haploinsufficiency"	"NO READ CODE"
"13622561000006113"	"Congenital muscular dystrophy with intellectual disability and severe epilepsy"	"NO READ CODE"
"13630921000006112"	"Has special educational needs"	"NO READ CODE"
"13632231000006117"	"White matter hypoplasia, corpus callosum agenesis, intellectual disability syndrome"	"NO READ CODE"
"13697811000006116"	"Significant learning disability"	"NO READ CODE"
"13784441000006119"	"Learning disability"	"NO READ CODE"
"13963471000006119"	"Autism spectrum disorder with disorder of intellectual development and impaired functional language without loss of previously acquired skills"	"NO READ CODE"
"13964071000006114"	"Autism spectrum disorder with disorder of intellectual development and impaired functional language"	"NO READ CODE"
"14259191000006116"	"Intellectual disability care plan"	"NO READ CODE"
"146051000006113"	"Severe mental retardation, IQ in range 20-34"	"E311.00"
"148214012"	"Prader-Willi syndrome"	"PKy0.12"
"1488521019"	"Mental handicap (specialty)"	"9bA0.00"
"151009017"	"Mental retardation"	"E3...00"
"1550041000000110"	"Mild learning disability"	"Eu81600"
"1550051000000113"	"Profound learning disability"	"Eu81700"
"1563991000006112"	"Learning disability - specialty"	"NO READ CODE"
"1620441000006116"	"Learning disability"	"NO READ CODE"
"1705901000006118"	"Angelman syndrome"	"PKyz711"
"1741551000006116"	"Excepted from learning disability quality indicators - informed dissent"	"9hL0.00"
"1755011000006114"	"Learning disability annual health check invitation first letter"	"9mA2000"
"1755021000006118"	"Learning disability annual health check invitation second letter"	"9mA2100"
"1755031000006115"	"Learning disability annual health check invitation third letter"	"9mA2200"
"1821361000006110"	"Intellectual functioning disability"	"NO READ CODE"
"1823961000006113"	"Learning disability confirmed"	"NO READ CODE"
"1840481000006117"	"Special education needs unspecified"	"NO READ CODE"
"1840501000006110"	"Special educational needs - moderate learning difficulties"	"NO READ CODE"
"1840531000006119"	"Special educ need-complex learning difficulties and disabilities"	"NO READ CODE"
"1855811000006118"	"Learning disability monitoring in primary care"	"NO READ CODE"
"1855831000006112"	"Learning disability monitoring in secondary care"	"NO READ CODE"
"1856971000006112"	"Did not attend learning disability monitoring"	"NO READ CODE"
"1856981000006110"	"Learning disability follow-up"	"NO READ CODE"
"1872721000006112"	"Special education needs - specific learning disability"	"NO READ CODE"
"1872731000006110"	"Special education needs - learning difficulty"	"NO READ CODE"
"1872751000006115"	"Special education needs - speech and communication difficulty"	"NO READ CODE"
"1872791000006114"	"Special education needs - other difficulty/disability"	"NO READ CODE"
"1872801000006110"	"Special education needs - not stated"	"NO READ CODE"
"1873371000006115"	"Care contact service: learning disability"	"NO READ CODE"
"1887331000006119"	"Specific learning disability"	"Eu81800"
"189611000000113"	"Learning disabilities health action plan offered"	"9HB1.00"
"1922491000006113"	"Down syndrome body mass index centile"	"22K9K00"
"2008481000006110"	"Learning disabilities: reasonable adjustments"	"NO READ CODE"
"201751000006110"	"Profound mental retardation with IQ less than 20"	"E312.00"
"212911000006116"	"Prader-Willi syndrome"	"PKy9300"
"212921000006112"	"Prader-Willi Syndrome"	"PKy0.11"
"2153641000000116"	"Learning disability nursing"	"NO READ CODE"
"222121000000113"	"Trisomy 21"	"PJ0..12"
"2249771000000115"	"Under care of community learning disability team"	"9Nh4.00"
"2288511000000116"	"Has statement of special educational needs"	"13ZK000"
"2376321000000116"	"Down's syndrome height centile"	"64j..00"
"2376331000000119"	"Down's syndrome weight centile"	"64k..00"
"2435151000000112"	"Intellectual development disorder of unknown aetiology"	"13VC900"
"2452421000000116"	"Learning disability care plan"	"NO READ CODE"
"2474675019"	"Referral to learning disability team"	"8HHP.00"
"2474708013"	"Learning disabilities health action plan declined"	"9HB0.00"
"2474709017"	"Learning disabilities health action plan reviewed"	"9HB2.00"
"251223010"	"Learning difficulties"	"13Z4E00"
"2528331000006110"	"Learning disorder"	"NO READ CODE"
"2528351000006115"	"General learning disability"	"NO READ CODE"
"2534201018"	"Completion of learning disabilities health action plan"	"9HB4.00"
"2548475019"	"On learning disability register"	"918e.00"
"255260017"	"O/E - dyslexia"	"2B55.00"
"264621015"	"Mental handicap problem"	"6664.00"
"2730191000000119"	"Profound intellectual development disorder with impairment of behaviour"	"NO READ CODE"
"2730211000000115"	"Severe intellectual development disorder without significant impairment of behaviour"	"NO READ CODE"
"2730271000000113"	"Severe intellectual development disorder with impairment of behaviour"	"NO READ CODE"
"2730291000000112"	"Moderate intellectual development disorder without significant impairment of behaviour"	"NO READ CODE"
"2730311000000113"	"Moderate intellectual development disorder with significant impairment of behaviour"	"NO READ CODE"
"2730351000000112"	"Moderate intellectual development disorder with minimal impairment of behaviour"	"NO READ CODE"
"2730391000000116"	"Mild intellectual development disorder without significant impairment of behaviour"	"NO READ CODE"
"2730411000000116"	"Mild intellectual development disorder with significant impairment of behaviour"	"NO READ CODE"
"2730431000000112"	"Mild intellectual development disorder with minimal impairment of behaviour"	"NO READ CODE"
"2740341000000113"	"Severe mental retardation without significant impairment of behaviour"	"NO READ CODE"
"2740451000000116"	"Mild mental retardation with impairment of behaviour"	"NO READ CODE"
"2740461000000118"	"Mild intellectual development disorder with impairment of behaviour"	"NO READ CODE"
"2740521000000110"	"Intellectual development disorder with significant impairment of behaviour"	"NO READ CODE"
"2740551000000117"	"Intellectual development disorder with minimal impairment of behaviour"	"NO READ CODE"
"2740581000000111"	"Intellectual development disorder with impairment of behaviour"	"NO READ CODE"
"295629016"	"Developmental dyslexia"	"E2F0200"
"295633011"	"Specific learning difficulty"	"E2F2.00"
"295661017"	"Other specified mental retardation"	"E3y..00"
"295662012"	"Other specified mental retardation NOS"	"E31z.00"
"295664013"	"Intellectual disability"	"E3z..00"
"296557014"	"[X]Mild mental retardation, other impairments of behaviour"	"Eu70y00"
"296574014"	"[X]Severe mental retardation, other impairments of behaviour"	"Eu72y00"
"296586012"	"[X]Other mental retardation"	"Eu7y.00"
"296592018"	"[X]Other mental retardation, other impairments of behaviour"	"Eu7yy00"
"296651019"	"[X]Specific disorder of arithmetical skills"	"Eu81200"
"3003301000006113"	"Profound mental handicap"	"NO READ CODE"
"3003361000006114"	"Profound learning disability"	"NO READ CODE"
"306561000000113"	"Seen in learning disabilities clinic"	"9N0y.00"
"3155151000006112"	"Severe learning disability"	"NO READ CODE"
"3155171000006119"	"Severe mental handicap"	"NO READ CODE"
"3161031000006112"	"Complete trisomy 21 syndrome"	"NO READ CODE"
"3161041000006119"	"Down syndrome"	"NO READ CODE"
"3161061000006115"	"Downs syndrome"	"NO READ CODE"
"317310010"	"Dyslexia"	"R046300"
"3266991000006117"	"Mental handicap"	"NO READ CODE"
"329968011"	"Cretinism"	"C03z.12"
"342159015"	"Child with special educational needs"	"13ZK.00"
"342177013"	"Intellectual functioning disability"	"NO READ CODE"
"3493641000006112"	"Moderate mental handicap"	"NO READ CODE"
"3493681000006118"	"Moderate learning disability"	"NO READ CODE"
"3505252012"	"Alpha-thalassaemia intellectual disability syndrome linked to chromosome 16"	"NO READ CODE"
"3528203016"	"Trisomy 21"	"NO READ CODE"
"3750051000006112"	"Angelman syndrome"	"NO READ CODE"
"3756821000006110"	"Borderline learning disability"	"NO READ CODE"
"3756851000006118"	"Borderline intellectual functioning"	"NO READ CODE"
"376821000006119"	"[X]Developmental acalculia"	"Eu81211"
"376861000006113"	"[X]Developmental arithmetical disorder"	"Eu81212"
"376901000006118"	"[X]Developmental dyslexia"	"Eu81012"
"376941000006116"	"[X]Developmental expressive writing disorder"	"Eu81y11"
"378493013"	"Down's syndrome NOS"	"PJ0z.00"
"3910901000006110"	"Mild mental handicap"	"NO READ CODE"
"3910951000006114"	"Mild learning disability"	"NO READ CODE"
"395051000006119"	"[X]Learn acquisition disab NOS"	"Eu81z13"
"395061000006117"	"Learning disability"	"Eu81z11"
"395071000006112"	"[X]Learning disorder NOS"	"Eu81z12"
"398231000006111"	"[X]Mental retardation"	"Eu7..00"
"398241000006118"	"[X]Mental retardation with autistic features"	"Eu84112"
"398381000006119"	"[X]Mild mental retardation"	"Eu70.00"
"398391000006116"	"Mild intellectual disability"	"Eu70z00"
"398411000006116"	"[X]Mild mental subnormality"	"Eu70.12"
"398661000006116"	"[X]Mld mental retard with statement no or min impairm behav"	"Eu70000"
"398771000006118"	"[X]Mod mental retard with statement no or min impairm behav"	"Eu71000"
"398781000006115"	"[X]Mod mental retardation without mention impairment behav"	"Eu71z00"
"398811000006118"	"Moderate intellectual disability"	"Eu71.00"
"401902015"	"[X]Unspecified mental retardation"	"Eu7z.00"
"404861000006115"	"[X]Oth mental retard with statement no or min impairm behav"	"Eu7y000"
"411791000006118"	"[X]Other mental retardation without mention impairment behav"	"Eu7yz00"
"413177014"	"Educationally subnormal"	"E30..11"
"423361000006118"	"[X]Prfnd mental retardation without mention impairment behav"	"Eu73z00"
"423491000006116"	"[X]Profound ment retrd wth statement no or min impairm behav"	"Eu73000"
"423501000006112"	"Profound intellectual disability"	"Eu73.00"
"423511000006110"	"[X]Profound mental retardation, other impairments of behavr"	"Eu73y00"
"426531000006112"	"[X]Sev mental retard with statement no or min impairm behav"	"Eu72000"
"426541000006119"	"[X]Sev mental retardation without mention impairment behav"	"Eu72z00"
"426591000006111"	"Severe intellectual disability"	"Eu72.00"
"430061000006113"	"[X]Unsp mental retard with statement no or min impairm behav"	"Eu7z000"
"430071000006118"	"[X]Unsp mental retardation without mention impairment behav"	"Eu7zz00"
"431231000006115"	"[X]Unspecified mental retardatn, other impairments of behav"	"Eu7zy00"
"4538731000006118"	"LD - Learning difficulties"	"NO READ CODE"
"4830941000006112"	"Trisomy 21- meiotic nondisjunction"	"NO READ CODE"
"4976271000006116"	"Special educational needs"	"NO READ CODE"
"4976281000006118"	"SEN - Special educational needs"	"NO READ CODE"
"507246016"	"Mild mental retardation, IQ in range 50-70"	"E30..00"
"5095461000006114"	"Prune belly syndrome with pulmonic stenosis, mental retardation and deafness"	"NO READ CODE"
"5246521000006112"	"Impaired ability to learn new material"	"NO READ CODE"
"5591451000006112"	"ESN - Educationally subnormal"	"NO READ CODE"
"5903381000006117"	"Finding relating to special educational needs"	"NO READ CODE"
"5941451000006113"	"Under care of psychiatrist for mental handicap"	"NO READ CODE"
"600791000006112"	"Cretinism"	"C03..11"
"621631000000114"	"Referral to learning disabilities psychiatrist"	"8H4f.00"
"628281000006114"	"Down's syndrome"	"PJ0..00"
"6762511000006117"	"Community learning disabilities team"	"NO READ CODE"
"6762781000006117"	"Learning disability - speciality"	"NO READ CODE"
"6762801000006118"	"Learning disability"	"NO READ CODE"
"700071000006118"	"Moderate mental retardation, IQ in range 35-49"	"E310.00"
"7282231000006119"	"Nonverbal learning disorder"	"NO READ CODE"
"751221000000117"	"Examination of learning disabled patient"	"69DB.00"
"7567381000006119"	"Down syndrome clinic"	"NO READ CODE"
"7750931000006111"	"FRAXE intellectual disability syndrome"	"NO READ CODE"
"7758091000006113"	"X-linked epilepsy with learning disability and behaviour disorder syndrome"	"NO READ CODE"
"7780351000006110"	"X-linked intellectual disability Schimke type"	"NO READ CODE"
"7782551000006115"	"Syndromic X-linked intellectual disability type 7"	"NO READ CODE"
"7810331000006116"	"Alport syndrome, intellectual disability, midface hypoplasia, elliptocytosis syndrome"	"NO READ CODE"
"7828621000006116"	"Spastic paraplegia, intellectual disability, palmoplantar hyperkeratosis syndrome"	"NO READ CODE"
"7832001000006117"	"Male hypergonadotropic hypogonadism, intellectual disability, skeletal anomaly syndrome"	"NO READ CODE"
"7955161000006118"	"Dementia with Down syndrome"	"NO READ CODE"
"8195041000006117"	"Cause of learning disability"	"NO READ CODE"
"8274271000006112"	"Community learning disability nursing"	"NO READ CODE"
"8313061000006110"	"Learning disability service"	"NO READ CODE"
"8337561000006119"	"Significant learning disability"	"NO READ CODE"
"8459481000006112"	"Learning disability annual health check invitation SMS (short message service) text message"	"NO READ CODE"
"8459511000006116"	"Learning disability annual health check invitation email"	"NO READ CODE"
"857391000006110"	"Referral to learning disability team"	"NO READ CODE"
"882771000006119"	"Mild mental retardation"	"E30..99"
"882781000006116"	"Moderate mental retardation"	"E310.99"
"882791000006118"	"Severe mental retardation"	"E311.99"
"88351000006114"	"Trisomy 21, meiotic nondisjunction"	"PJ00.00"
"88361000006111"	"Trisomy 21, mitotic nondisjunction"	"PJ01.11"
"88371000006116"	"Trisomy 21- mitotic nondisjunction mosaicism"	"PJ01.00"
"88381000006118"	"Trisomy 21, translocation"	"PJ02.00"
"893481000006117"	"Down's syndrome"	"PJ0..98"
"906941000006119"	"[RFC] Learning disabilities"	"NO READ CODE"
"908941000006118"	"[RFC] Learning disability"	"NO READ CODE"
"92487017"	"Dyscalculia"	"E2F1.00"
"968201000006114"	"Mental retardation, congenital heart disease, blepharophimosis, blepharoptosis and hypoplastic teeth"	"PKyG.00"
"9881000006115"	"Other specified mental retardation"	"E31..00"
