medcodeid	term	snomedctconceptid	cleansedreadcode
"294927012"	"Psychogenic stupor"	"191683009"	"E13y000"
"418231000006115"	"[X]Paranoid state"	"191667009"	"Eu22012"
"401770015"	"Acute paranoid reaction"	"268624000"	"E133.00"
"4764391000006115"	"Paranoia"	"191667009"	"NO READ CODE"
"882331000006116"	"Paranoia"	"191667009"	"E12..99"
"851701000006114"	"Paranoid"	"851701000006105"	"NO READ CODE"
"294807012"	"Single manic episode in partial remission"	"764731000000103"	"E110500"
"8237871000006117"	"Single manic episode in remission"	"764741000000107"	"NO READ CODE"
"3648761000006118"	"Schizoid character"	"70630002"	"NO READ CODE"
"3527771000006116"	"BouffÃ©e dÃ©lirante"	"63204009"	"NO READ CODE"
"362391000006117"	"Acute polymorphic psychotic disorder without symptoms of schizophrenia"	"712824002"	"Eu23000"
"251188012"	"Schizophrenia association member"	"161103001"	"13Y2.00"
"367121000006119"	"[X]Bipolar affective disorder, current episode mixed"	"192362008"	"Eu31600"
"296135011"	"[X]Bipolar affective disorder, unspecified"	"13746004"	"Eu31z00"
"1785871000006117"	"[X]Bipolar II disorder"	"83225003"	"Eu31911"
"367161000006113"	"[X]Bipolar II disorder"	"83225003"	"Eu31y11"
"401865016"	"[X]Other bipolar affective disorders"	"13746004"	"Eu31y00"
"3854401000006113"	"Bipolar 2 disorder"	"83225003"	"NO READ CODE"
"367101000006112"	"Bipolar affective disorder"	"13746004"	"Eu31.00"
"398541000006116"	"Bipolar affective disorder , current episode mixed"	"192362008"	"Eu3y011"
"367111000006110"	"Bipolar affective disorder, current episode hypomanic"	"31446002"	"Eu31000"
"513801000006112"	"Bipolar affective disorder, current episode manic"	"191618007"	"E114.00"
"4767311000006117"	"Bipolar affective disorder, current episode mixed"	"192362008"	"NO READ CODE"
"294849019"	"Bipolar affective disorder, currently manic, mild"	"191620005"	"E114100"
"294850019"	"Bipolar affective disorder, currently manic, moderate"	"191621009"	"E114200"
"294858014"	"Bipolar affective disorder, currently manic, NOS"	"191618007"	"E114z00"
"294848010"	"Bipolar affective disorder, currently manic, unspecified"	"191618007"	"E114000"
"12059221000006110"	"Bipolar affective disorder, most recent episode mixed"	"767633005"	"NO READ CODE"
"13716031000006110"	"Bipolar disorder caused by drug"	"16238741000119105"	"NO READ CODE"
"82091000006116"	"Bipolar disorder in partial remission"	"5703000"	"E117500"
"296130018"	"Bipolar disorder in remission"	"85248005"	"Eu31700"
"3886291000006119"	"Bipolar disorder, in remission"	"85248005"	"NO READ CODE"
"1785851000006110"	"Bipolar I disorder"	"371596008"	"Eu31800"
"3006671000006118"	"Bipolar I disorder, most recent episode hypomanic"	"31446002"	"NO READ CODE"
"1785861000006112"	"Bipolar II disorder"	"83225003"	"Eu31900"
"513741000006119"	"Manic bipolar I disorder in partial remission"	"63249007"	"E114500"
"294882016"	"Mild bipolar disorder"	"13313007"	"E117100"
"294869012"	"Mixed bipolar affective disorder"	"191636007"	"E116.00"
"8235161000006110"	"Mixed bipolar affective disorder, in partial remission"	"760721000000109"	"NO READ CODE"
"294871012"	"Mixed bipolar affective disorder, mild"	"191638008"	"E116100"
"294872017"	"Mixed bipolar affective disorder, moderate"	"191639000"	"E116200"
"294877011"	"Mixed bipolar affective disorder, NOS"	"191636007"	"E116z00"
"701051000006118"	"Mixed bipolar affective disorder, partial/unspec remission"	"760721000000109"	"E116500"
"294870013"	"Mixed bipolar affective disorder, unspecified"	"191636007"	"E116000"
"294883014"	"Moderate bipolar disorder"	"79584002"	"E117200"
"1972101000006111"	"Organic bipolar affective disorder"	"1972101000006107"	"NO READ CODE"
"5023451000006115"	"Organic bipolar disorder"	"231444002"	"NO READ CODE"
"8041781000006111"	"Rapid cycling bipolar I disorder"	"133091000119105"	"NO READ CODE"
"13911951000006118"	"Rapid cycling bipolar II disorder"	"789061003"	"NO READ CODE"
"294880012"	"Unspecified bipolar affective disorder"	"13746004"	"E117.00"
"294888017"	"Unspecified bipolar affective disorder, NOS"	"13746004"	"E117z00"
"294881011"	"Unspecified bipolar affective disorder, unspecified"	"13746004"	"E117000"
"367961000006110"	"[X]Bouffee delirante"	"63204009"	"Eu23011"
"914461000006118"	"[X]Capgras syndrome"	"44906001"	"Eu22111"
"967791000006111"	"[X]Cotard syndrome"	"357705009"	"Eu22200"
"376501000006110"	"[X]Delusional dysmorphophobia"	"231487004"	"Eu22y11"
"914471000006113"	"[X]Delusional misidentification syndrome"	"44906001"	"Eu22100"
"387071000006117"	"[X]Folie a deux"	"191670008"	"Eu24.11"
"389651000006112"	"[X]Induced paranoid disorder"	"61831009"	"Eu24.12"
"394461000006110"	"[X]Involutional paranoid state"	"231487004"	"Eu22y12"
"401859016"	"[X]Other acute predominantly delusional psychotic disorders"	"231489001"	"Eu23300"
"401857019"	"[X]Other persistent delusional disorders"	"231487004"	"Eu22y00"
"418181000006110"	"[X]Paranoia querulans"	"231487004"	"Eu22y13"
"418191000006113"	"[X]Paranoid organic state"	"5510009"	"Eu05211"
"215851000000112"	"[X]Paranoid psychosis"	"191667009"	"Eu22011"
"296066015"	"[X]Persistent delusional disorder, unspecified"	"231487004"	"Eu22z00"
"424071000006112"	"[X]Psychogenic paranoid psychosis"	"191680007"	"Eu23312"
"425921000006114"	"[X]Sensitiver Beziehungswahn"	"41189006"	"Eu22014"
"2730111000000111"	"Acute predominantly delusional psychotic disorder"	"1089691000000105"	"NO READ CODE"
"523481000006114"	"Bouffee delirante"	"63204009"	"E133.11"
"3224391000006119"	"Capgras syndrome"	"44906001"	"NO READ CODE"
"401768012"	"Chronic paranoid psychosis"	"268622001"	"E121.00"
"6201561000006118"	"Cotard's syndrome"	"357705009"	"NO READ CODE"
"4569010"	"Delusion"	"2073000"	"1BH..11"
"5128661000006118"	"Delusion of foul odour"	"238975005"	"NO READ CODE"
"2632941000006110"	"Delusion of infidelity"	"8330006"	"NO READ CODE"
"3959871000006110"	"Delusion of parasitosis"	"89809008"	"NO READ CODE"
"1452014"	"Delusion of persecution"	"216004"	"1BH0.00"
"7018741000006112"	"Delusion of pregnancy"	"424040008"	"NO READ CODE"
"215841000000114"	"Delusional disorder"	"48500005"	"Eu22000"
"7515091000006113"	"Delusional disorder in remission"	"698951002"	"NO READ CODE"
"5614141000006110"	"Delusional dysmorphophobia"	"278508007"	"NO READ CODE"
"5128691000006114"	"Delusional hyperhidrosis"	"238977002"	"NO READ CODE"
"2531681000006112"	"Delusional ideas"	"2073000"	"NO READ CODE"
"5247211000006115"	"Delusional mood"	"247672006"	"NO READ CODE"
"3549101000006116"	"Delusional perception"	"64514005"	"NO READ CODE"
"2531671000006114"	"Delusional thoughts"	"2073000"	"NO READ CODE"
"981141000006111"	"Delusions"	"981141000006107"	"NO READ CODE"
"480834016"	"Delusions"	"2073000"	"1BH..00"
"5128651000006115"	"Delusions of infestation"	"238974009"	"NO READ CODE"
"5128641000006117"	"Delusions of parasitosis"	"238973003"	"NO READ CODE"
"294908018"	"Folie a deux"	"191670008"	"E123.11"
"3267191000006117"	"Grandiose delusion disorder"	"47447001"	"NO READ CODE"
"369805011"	"Grandiose delusions"	"247667002"	"1BH1.00"
"389641000006110"	"Induced delusional disorder"	"61831009"	"Eu24.00"
"3504791000006115"	"Induced paranoid disorder"	"61831009"	"NO READ CODE"
"3116711000006110"	"Involutional paraphrenia"	"38295006"	"NO READ CODE"
"3760411000006111"	"Jealous delusion disorder"	"77475008"	"NO READ CODE"
"418251000006110"	"Late paraphrenia"	"38295006"	"Eu22013"
"2549426013"	"O/E - delusion of persecution"	"416890005"	"225F.00"
"42191000006110"	"Organic delusional syndrome"	"5510009"	"E03y000"
"1975781000006112"	"Other acute predominantly delusional psychotic disorders, with associated acute stress"	"1975781000006108"	"NO READ CODE"
"1975761000006119"	"Other acute predominantly delusional psychotic disorders, without associated acute stress"	"1975761000006103"	"NO READ CODE"
"294911017"	"Paranoia querulans"	"191672000"	"E12y000"
"243361000006117"	"Paranoid disorder"	"191667009"	"E12..00"
"2548181016"	"Paranoid ideation"	"417233008"	"1BH3.00"
"2587491000006110"	"Paranoid organic state"	"5510009"	"NO READ CODE"
"294913019"	"Paranoid psychosis"	"191667009"	"E12z.00"
"44335019"	"Paraphrenia"	"26472000"	"E122.00"
"2502001000006113"	"Persecutory delusion"	"216004"	"NO READ CODE"
"3956691000006118"	"Persecutory delusion disorder"	"89618007"	"NO READ CODE"
"419861000006117"	"Persistent delusional disorder"	"231487004"	"Eu22.00"
"5582571000006113"	"Primary delusions"	"276243003"	"NO READ CODE"
"294924017"	"Psychogenic paranoid psychosis"	"191680007"	"E134.00"
"5247201000006118"	"Religious delusion"	"247671004"	"NO READ CODE"
"294909014"	"Shared paranoid disorder"	"191670008"	"E123.00"
"294904016"	"Simple paranoid state"	"191668004"	"E120.00"
"3036131000006117"	"Somatic delusion disorder"	"33323008"	"NO READ CODE"
"367081000006116"	"[X]Bipolar affect disorder cur epi manic wout psychotic symp"	"191618007"	"Eu31100"
"367151000006111"	"[X]Bipolar disorder, single manic episode"	"268619003"	"Eu30.11"
"396691000006111"	"[X]Mania NOS"	"268619003"	"Eu30z11"
"396701000006111"	"[X]Mania with mood-congruent psychotic symptoms"	"231494001"	"Eu30211"
"396711000006114"	"[X]Mania with mood-incongruent psychotic symptoms"	"231494001"	"Eu30212"
"401863011"	"[X]Mania with psychotic symptoms"	"231494001"	"Eu30200"
"396741000006113"	"[X]Manic episode"	"268619003"	"Eu30.00"
"401864017"	"[X]Manic episode, unspecified"	"268619003"	"Eu30z00"
"396761000006112"	"[X]Manic stupor"	"231494001"	"Eu30213"
"296118012"	"[X]Other manic episodes"	"231494001"	"Eu30y00"
"424661000006111"	"[X]Recurrent manic episodes"	"191590005"	"Eu31y12"
"294893019"	"Atypical manic disorder"	"191658009"	"E11y100"
"367071000006119"	"Bipolar affective disorder, currently manic, severe, with psychosis"	"191623007"	"Eu31200"
"12059211000006119"	"Bipolar disorder, most recent episode manic"	"767632000"	"NO READ CODE"
"389401000006111"	"Hypomania"	"231496004"	"Eu30000"
"296110017"	"Mania"	"231494001"	"Eu30100"
"2730071000000117"	"Mania with mood-incongruent psychotic features"	"1089671000000106"	"NO READ CODE"
"2730091000000118"	"Mania with psychotic features"	"1089681000000108"	"NO READ CODE"
"882321000006119"	"Mania/hypomania"	"268619003"	"E110.99"
"5023961000006111"	"Manic"	"231494001"	"NO READ CODE"
"5688931000006112"	"Manic behavior"	"284513006"	"NO READ CODE"
"5688921000006114"	"Manic behaviour"	"284513006"	"NO READ CODE"
"401765010"	"Manic disorder, single episode"	"268619003"	"E110.00"
"294809010"	"Manic disorder, single episode NOS"	"268619003"	"E110z00"
"2157096015"	"Manic mood"	"405273008"	"1S42.00"
"1972091000006117"	"Organic manic disorder"	"58329000"	"NO READ CODE"
"3447781000006113"	"Organic mood disorder of manic type"	"58329000"	"NO READ CODE"
"294818012"	"Recurrent manic episode NOS"	"191590005"	"E111z00"
"294810017"	"Recurrent manic episodes"	"191590005"	"E111.00"
"182861000006110"	"Recurrent manic episodes, in partial remission"	"764671000000105"	"E111500"
"8237821000006118"	"Recurrent manic episodes, in remission"	"764681000000107"	"NO READ CODE"
"294812013"	"Recurrent manic episodes, mild"	"191592002"	"E111100"
"294813015"	"Recurrent manic episodes, moderate"	"191593007"	"E111200"
"182871000006115"	"Recurrent manic episodes, severe"	"764621000000106"	"E111300"
"294815010"	"Recurrent manic episodes, severe, with psychosis"	"191595000"	"E111400"
"294811018"	"Recurrent manic episodes, unspecified"	"191590005"	"E111000"
"513691000006116"	"Severe manic bipolar I disorder without psychotic features"	"162004"	"E114300"
"294803011"	"Single manic episode, mild"	"191583000"	"E110100"
"294804017"	"Single manic episode, moderate"	"191584006"	"E110200"
"294805016"	"Single manic episode, severe"	"764641000000104"	"E110300"
"294806015"	"Single manic episode, severe, with psychosis"	"191586008"	"E110400"
"294802018"	"Single manic episode, unspecified"	"268619003"	"E110000"
"753321000006116"	"Korsakoff's syndrome - non-alcoholic"	"17262008"	"E040.11"
"2773831000006113"	"Korsakov's syndrome - non-alcoholic"	"17262008"	"NO READ CODE"
"161371000006118"	"Sander's disease"	"268622001"	"E121.11"
"3630091000006111"	"Wernicke-Korsakoff syndrome"	"69482004"	"NO READ CODE"
"501294012"	"Wernicke-Korsakov syndrome"	"69482004"	"E011200"
"359091000006115"	"[X] Presenile psychosis NOS"	"268612007"	"Eu02z12"
"359161000006110"	"[X] Senile psychosis NOS"	"268612007"	"Eu02z15"
"362221000006114"	"[X]Acute / subacute infective psychosis"	"191502008"	"Eu04.13"
"401860014"	"[X]Acute and transient psychotic disorder, unspecified"	"231489001"	"Eu23z00"
"362781000006116"	"[X]Affective psychosis NOS"	"46206005"	"Eu3z.11"
"366551000006116"	"[X]Atypical childhood psychosis"	"231536004"	"Eu84111"
"367991000006119"	"[X]Brief reactive psychosis NOS"	"231489001"	"Eu23z11"
"370461000006112"	"[X]Catatonic stupor"	"191542003"	"Eu20211"
"370981000006112"	"[X]Chronic hallucinatory psychosis"	"480111000000107"	"Eu2y.11"
"376271000006119"	"[X]Cycloid psychosis"	"307417003"	"Eu23012"
"377461000006113"	"[X]Disintegrative psychosis"	"35919005"	"Eu84312"
"379901000006113"	"[X]Epileptic psychosis NOS"	"111479008"	"Eu05y11"
"389451000006110"	"[X]Hysterical psychosis"	"44376007"	"Eu44.14"
"389661000006114"	"[X]Induced psychotic disorder"	"61831009"	"Eu24.13"
"389681000006116"	"[X]Infantile psychosis"	"408858002"	"Eu84013"
"394691000006116"	"[X]Korsakov's psychosis, nonalcoholic"	"3298001"	"Eu03.11"
"398751000006111"	"[X]Mnt/bh dis vol solvents: resid & late-onset psychotic dis"	"91388009"	"Eu18700"
"1667591000000111"	"[X]Nonorganic psychosis in remission"	"755311000000100"	"Eu26.00"
"404041000006111"	"[X]Organic psychosis NOS"	"111479008"	"Eu0z.11"
"296083012"	"[X]Other acute and transient psychotic disorders"	"231489001"	"Eu23y00"
"412201000006113"	"[X]Other nonorganic psychotic disorders"	"191525009"	"Eu2y.00"
"424281000006115"	"[X]Puerperal psychosis NOS"	"199260001"	"Eu53111"
"424511000006112"	"[X]Reactive psychosis"	"231437006"	"Eu23z12"
"428441000006116"	"[X]Symbiotic psychosis"	"35919005"	"Eu84314"
"401862018"	"[X]Unspecified nonorganic psychosis"	"191525009"	"Eu2z.00"
"294938012"	"Active disintegrative psychoses"	"191692007"	"E141000"
"1975901000006117"	"Acute and transient psychotic disorder, unspecified, with associated acute stress"	"1975901000006101"	"NO READ CODE"
"1975871000006117"	"Acute and transient psychotic disorder, unspecified, without associated acute stress"	"1975871000006101"	"NO READ CODE"
"294919015"	"Acute hysterical psychosis"	"191677006"	"E131.00"
"5568191000006118"	"Acute polymorphic psychotic disorder"	"274953007"	"NO READ CODE"
"362271000006110"	"Acute transient psychotic disorder"	"231489001"	"Eu23.00"
"294897018"	"Affective psychosis"	"441704009"	"E11z.00"
"294943017"	"Atypical childhood psychoses"	"191696005"	"E14y000"
"513701000006116"	"Bipolar affect disord, currently manic,severe with psychosis"	"191623007"	"E114400"
"513871000006118"	"Bipolar disorder"	"13746004"	"E11..11"
"294944011"	"Borderline psychosis of childhood"	"191697001"	"E14y100"
"2586801000006115"	"Brief psychotic disorder"	"5464005"	"NO READ CODE"
"10122017"	"Brief reactive psychosis"	"5464005"	"E13y100"
"2502581000000119"	"CBTp - cognitive behavioural therapy for psychosis"	"718026005"	"8G13100"
"401772011"	"Child psychosis NOS"	"191687005"	"E14z.00"
"294721016"	"Chronic organic psychosis NOS"	"191447007"	"E04z.00"
"7859641000006116"	"Cocaine-induced psychotic disorder"	"724689006"	"NO READ CODE"
"7766271000006113"	"Cognitive behavioural therapy for psychosis"	"718026005"	"NO READ CODE"
"119579013"	"Disintegrative psychosis"	"71961003"	"E141.00"
"294941015"	"Disintegrative psychosis NOS"	"71961003"	"E141z00"
"5023531000006114"	"Epileptic psychosis"	"231449007"	"NO READ CODE"
"12736721000006110"	"FEP - first episode psychosis"	"1127191000000108"	"NO READ CODE"
"789221000006116"	"Hypomanic psychoses"	"231496004"	"E110.11"
"3504751000006114"	"Induced psychosis"	"61831009"	"NO READ CODE"
"3504721000006117"	"Induced psychotic disorder"	"61831009"	"NO READ CODE"
"3630121000006110"	"Korsakoff psychosis"	"69482004"	"NO READ CODE"
"3630151000006118"	"Korsakov psychosis"	"69482004"	"NO READ CODE"
"223601000000119"	"Manic psychosis"	"231494001"	"E11..13"
"5106071000006112"	"Mild postnatal psychosis"	"237351003"	"NO READ CODE"
"701071000006111"	"Mixed bipolar affective disorder, severe"	"764591000000108"	"E116300"
"294874016"	"Mixed bipolar affective disorder, severe, with psychosis"	"191641004"	"E116400"
"473201000006114"	"Mood disorder"	"46206005"	"E11..00"
"294724012"	"Non-organic psychoses"	"191525009"	"E1...00"
"223611000000117"	"Non-organic psychosis"	"191525009"	"E13z.00"
"8232541000006114"	"Non-organic psychosis in remission"	"755311000000100"	"NO READ CODE"
"401771016"	"Non-organic psychosis NOS"	"191525009"	"E1z..00"
"853201000006116"	"Obsessional compulsive psychosis"	"853201000006100"	"NO READ CODE"
"2503361000000110"	"Oral antipsychotic therapy"	"718024008"	"8BPf.00"
"294723018"	"Organic psychoses NOS"	"191447007"	"E0z..00"
"42731000006112"	"Organic psychotic condition"	"191447007"	"E0...00"
"1975851000006110"	"Other acute and transient psychotic disorders, with associated acute stress"	"1975851000006106"	"NO READ CODE"
"1975821000006118"	"Other acute and transient psychotic disorders, without associated acute stress"	"1975821000006102"	"NO READ CODE"
"294902017"	"Other affective psychosis NOS"	"441704009"	"E11zz00"
"294942010"	"Other childhood psychoses"	"191687005"	"E14y.00"
"294945012"	"Other childhood psychoses NOS"	"191687005"	"E14yz00"
"882261000006115"	"Other chronic org. psychoses"	"589311000000105"	"E04..99"
"294717011"	"Other chronic organic psychoses"	"191447007"	"E04..00"
"25461000006115"	"Other nonorganic psychoses"	"191525009"	"E13..00"
"882271000006110"	"Other organic psychoses"	"589321000000104"	"E0z..99"
"294926015"	"Other reactive psychoses"	"231437006"	"E13y.00"
"294929010"	"Other reactive psychoses NOS"	"231437006"	"E13yz00"
"401759010"	"Other senile and presenile organic psychoses"	"268612007"	"E00y.00"
"294720015"	"Other specified chronic organic psychoses"	"191447007"	"E04y.00"
"294949018"	"Other specified non-organic psychoses"	"191525009"	"E1y..00"
"294722011"	"Other specified organic psychoses"	"191447007"	"E0y..00"
"882241000006119"	"Other trans. org. psychoses"	"589301000000108"	"E03y.99"
"294713010"	"Other transient organic psychoses"	"191499009"	"E03y.00"
"294715015"	"Other transient organic psychoses NOS"	"191499009"	"E03yz00"
"215691000006112"	"Poor insight into psychotic condition"	"12200008"	"286..11"
"1821481000006114"	"Possible early psychosis"	"1821481000006105"	"NO READ CODE"
"1821491000006112"	"Possible psychosis prodrome"	"1821491000006108"	"NO READ CODE"
"294714016"	"Postpartum psychosis"	"18260003"	"E03y300"
"3515942013"	"Postpartum psychosis in remission"	"60401000119104"	"NO READ CODE"
"346897015"	"Presbyophrenic psychosis"	"231438001"	"E00y.11"
"7822921000006111"	"Provision of information about psychosis"	"721775007"	"NO READ CODE"
"8342781000006115"	"Psychoactive substance-induced psychosis"	"943121000000104"	"NO READ CODE"
"294933015"	"Psychoses with origin in childhood"	"191687005"	"E14..00"
"3627341000006115"	"Psychosis"	"69322001"	"NO READ CODE"
"7790241000006117"	"Psychosis co-occurrent and due to Parkinson's disease"	"719717006"	"NO READ CODE"
"4764511000006119"	"Psychosis with origin in childhood"	"191687005"	"NO READ CODE"
"424231000006116"	"Psychotic"	"69322001"	"Eu2z.11"
"402504012"	"Psychotic condition, insight present"	"268957000"	"285..11"
"346895011"	"Psychotic disorder"	"69322001"	"E13z.11"
"3636410011"	"Psychotic disorder caused by stimulant"	"762325009"	"NO READ CODE"
"1807561000006117"	"Psychotic symptom"	"363895008"	"NO READ CODE"
"5624451000006114"	"Psychotic symptom finding"	"279315008"	"NO READ CODE"
"428451000006119"	"Psychotic symptom present"	"280427006"	"Eu0z.12"
"882251000006117"	"Puerperal psychosis"	"551591000000100"	"E03y399"
"346896012"	"Reactive psychoses"	"231437006"	"E13..11"
"397798013"	"Relative - psychotic illness"	"266969002"	"13L3.00"
"294939016"	"Residual disintegrative psychoses"	"191693002"	"E141100"
"401757012"	"Senile and presenile organic psychotic conditions"	"268612007"	"E00..00"
"294660013"	"Senile or presenile psychoses NOS"	"268612007"	"E00z.00"
"82171000006116"	"Severe bipolar disorder with psychotic features"	"4441000"	"E117400"
"82151000006114"	"Severe bipolar disorder without psychotic features"	"53049002"	"E117300"
"5106081000006110"	"Severe postnatal psychosis"	"237352005"	"NO READ CODE"
"294694010"	"Transient organic psychoses"	"191499009"	"E03..00"
"294716019"	"Transient organic psychoses NOS"	"191499009"	"E03z.00"
"294898011"	"Unspecified affective psychoses NOS"	"441704009"	"E11z000"
"366571000006114"	"[X]Atypical schizophrenia"	"111484002"	"Eu20311"
"367971000006115"	"[X]Bouffee delirante with symptoms of schizophrenia"	"712850003"	"Eu23111"
"368001000006112"	"[X]Brief schizophreniform disorder"	"278853003"	"Eu23211"
"368011000006110"	"[X]Brief schizophrenifrm psych"	"278853003"	"Eu23212"
"370451000006110"	"[X]Catatonic schizophrenia"	"191542003"	"Eu20200"
"370631000006117"	"[X]Cenesthopathic schizophrenia"	"58214004"	"Eu20y11"
"371031000006115"	"[X]Chronic undifferentiated schizophrenia"	"111484002"	"Eu20511"
"376251000006112"	"[X]Cyclic schizophrenia"	"270901009"	"Eu25211"
"378051000006119"	"[X]Disorganised schizophrenia"	"35252006"	"Eu20111"
"388741000006110"	"[X]Hebephrenic schizophrenia"	"35252006"	"Eu20100"
"395021000006111"	"[X]Latent schizophrenia"	"191559008"	"Eu21.13"
"395031000006114"	"[X]Latent schizophrenic reaction"	"191559008"	"Eu21.11"
"403611000006116"	"[X]Oneirophrenia"	"278853003"	"Eu23213"
"296095012"	"[X]Other schizoaffective disorders"	"68890003"	"Eu25y00"
"401855010"	"[X]Other schizophrenia"	"58214004"	"Eu20y00"
"418221000006118"	"[X]Paranoid schizophrenia"	"64905009"	"Eu20000"
"418261000006112"	"[X]Paraphrenic schizophrenia"	"64905009"	"Eu20011"
"423731000006114"	"[X]Pseudoneurotic schizophrenia"	"31027006"	"Eu21.16"
"423741000006116"	"[X]Pseudopsychopathic schizophrenia"	"31027006"	"Eu21.17"
"424841000006113"	"[X]Residual schizophrenia"	"26025008"	"Eu20500"
"424931000006113"	"[X]Restzustand schizophrenic"	"26025008"	"Eu20512"
"296096013"	"[X]Schizoaffective disorder, unspecified"	"68890003"	"Eu25z00"
"425551000006112"	"[X]Schizoaffective psychosis NOS"	"68890003"	"Eu25z11"
"425571000006119"	"[X]Schizoaffective psychosis, manic type"	"271428004"	"Eu25011"
"425581000006116"	"[X]Schizoid disorder of childhood"	"23560001"	"Eu84512"
"425601000006114"	"[X]Schizophrenia"	"58214004"	"Eu20.00"
"12480451000006112"	"[X]Schizophrenia, schizotypal and delusional disorders"	"417601000000102"	"NO READ CODE"
"296022017"	"[X]Schizophrenia, schizotypal and delusional disorders"	"417601000000102"	"Eu2..00"
"296040018"	"[X]Schizophrenia, unspecified"	"58214004"	"Eu20z00"
"425631000006118"	"[X]Schizophrenia-like psychosis in epilepsy"	"5510009"	"Eu05212"
"425641000006111"	"[X]Schizophrenic catalepsy"	"191542003"	"Eu20212"
"425651000006113"	"[X]Schizophrenic catatonia"	"191542003"	"Eu20213"
"294743012"	"[X]Schizophrenic flexibilatis cerea"	"191542003"	"Eu20214"
"425671000006115"	"[X]Schizophrenic reaction"	"278853003"	"Eu23214"
"425681000006117"	"[X]Schizophreniform disord NOS"	"58214004"	"Eu20y12"
"425701000006119"	"[X]Schizophreniform psychosis, manic type"	"271428004"	"Eu25012"
"425711000006116"	"[X]Schizophrenifrm psychos NOS"	"58214004"	"Eu20y13"
"426881000006111"	"[X]Simple schizophrenia"	"191527001"	"Eu20600"
"294751010"	"Acute exacerbation of chronic catatonic schizophrenia"	"191548004"	"E102400"
"4763641000006116"	"Acute exacerbation of chronic disorganised schizophrenia"	"191539009"	"NO READ CODE"
"294739013"	"Acute exacerbation of chronic hebephrenic schizophrenia"	"191539009"	"E101400"
"294769018"	"Acute exacerbation of chronic latent schizophrenia"	"191564007"	"E105400"
"294758016"	"Acute exacerbation of chronic paranoid schizophrenia"	"191555002"	"E103400"
"4763921000006118"	"Acute exacerbation of chronic schizoaffective schizophrenia"	"191572009"	"NO READ CODE"
"456731000006115"	"Acute exacerbation of chronic schizo-affective schizophrenia"	"191572009"	"E107400"
"294731011"	"Acute exacerbation of chronic schizophrenia"	"191531007"	"E100400"
"294750011"	"Acute exacerbation of subchronic catatonic schizophrenia"	"191547009"	"E102300"
"294738017"	"Acute exacerbation of subchronic hebephrenic schizophrenia"	"14291003"	"E101300"
"294768014"	"Acute exacerbation of subchronic latent schizophrenia"	"191563001"	"E105300"
"294757014"	"Acute exacerbation of subchronic paranoid schizophrenia"	"191554003"	"E103300"
"4763911000006114"	"Acute exacerbation of subchronic schizoaffective schizophrenia"	"191571002"	"NO READ CODE"
"294730012"	"Acute exacerbation of subchronic schizophrenia"	"111482003"	"E100300"
"456801000006115"	"Acute exacerbation subchronic schizo-affective schizophrenia"	"191571002"	"E107300"
"1975691000006115"	"Acute polymorphic psychot disord with symp of schizophren, with associated acute stress"	"1975691000006104"	"NO READ CODE"
"1975681000006118"	"Acute polymorphic psychot disord with symp of schizophren, without associated acute stress"	"1975681000006102"	"NO READ CODE"
"1975671000006116"	"Acute polymorphic psychot disord without symp of schizoph, with associated acute stress"	"1975671000006100"	"NO READ CODE"
"1975621000006117"	"Acute polymorphic psychot disord without symp of schizoph, without associated acute stress"	"1975621000006101"	"NO READ CODE"
"362381000006115"	"Acute polymorphic psychotic disorder co-occurrent with symptoms of schizophrenia"	"712850003"	"Eu23100"
"7696261000006113"	"Acute polymorphic psychotic disorder with symptoms of schizophrenia"	"712850003"	"NO READ CODE"
"882301000006112"	"Acute schizo affective psychosis"	"191567000"	"E107.99"
"362421000006113"	"Acute schizophrenia-like psychotic disorder"	"278853003"	"Eu23200"
"1975731000006111"	"Acute schizophrenia-like psychotic disorder, with associated acute stress"	"1975731000006107"	"NO READ CODE"
"1975711000006117"	"Acute schizophrenia-like psychotic disorder, without associated acute stress"	"1975711000006101"	"NO READ CODE"
"401763015"	"Acute schizophrenic episode"	"268617001"	"E104.00"
"1219653018"	"Atypical schizophrenia"	"111484002"	"E10y000"
"367951000006113"	"Borderline schizophrenia"	"274952002"	"Eu21.12"
"294742019"	"Catatonic schizophrenia"	"191542003"	"E102.00"
"178723016"	"Catatonic schizophrenia in remission"	"111483008"	"E102500"
"294753013"	"Catatonic schizophrenia NOS"	"191542003"	"E102z00"
"1974751000006117"	"Catatonic schizophrenia, continuous"	"1974751000006101"	"NO READ CODE"
"1974921000006111"	"Catatonic schizophrenia, course uncertain, period of observation too short"	"1974921000006107"	"NO READ CODE"
"1974831000006116"	"Catatonic schizophrenia, episodic remittent"	"1974831000006100"	"NO READ CODE"
"1974781000006113"	"Catatonic schizophrenia, episodic with progressive deficit"	"1974781000006109"	"NO READ CODE"
"1974801000006112"	"Catatonic schizophrenia, episodic with stable deficit"	"1974801000006108"	"NO READ CODE"
"1974861000006113"	"Catatonic schizophrenia, incomplete remission"	"1974861000006109"	"NO READ CODE"
"1976901000006114"	"Catatonic schizophrenia, other"	"1976901000006105"	"NO READ CODE"
"294788013"	"Cenesthopathic schizophrenia"	"191577003"	"E10y.11"
"346955013"	"Childhood schizophrenia NOS"	"191687005"	"E14z.11"
"114616017"	"Chronic catatonic schizophrenia"	"68995007"	"E102200"
"294737010"	"Chronic hebephrenic schizophrenia"	"12939007"	"E101200"
"294767016"	"Chronic latent schizophrenia"	"191562006"	"E105200"
"52897013"	"Chronic paranoid schizophrenia"	"31658008"	"E103200"
"556631000006116"	"Chronic schizoaffective schizophrenia"	"191570001"	"E107200"
"3862661000006112"	"Chronic schizophrenia"	"83746006"	"NO READ CODE"
"1234861017"	"Chronic schizophrenic"	"83746006"	"E100200"
"294787015"	"Coenesthopathic schizophrenia"	"191577003"	"E10y100"
"294773015"	"Cyclic schizophrenia"	"191567000"	"E107.11"
"376281000006116"	"Cycloid psychosis"	"307417003"	"Eu23112"
"3068121000006112"	"Disorganised schizophrenia"	"35252006"	"NO READ CODE"
"819351000006115"	"Hebephrenic schizophrenia"	"35252006"	"E101.00"
"294740010"	"Hebephrenic schizophrenia in remission"	"31373002"	"E101500"
"294741014"	"Hebephrenic schizophrenia NOS"	"35252006"	"E101z00"
"1974601000006111"	"Hebephrenic schizophrenia, continuous"	"1974601000006107"	"NO READ CODE"
"1974721000006114"	"Hebephrenic schizophrenia, course uncertain, period of observation too short"	"1974721000006105"	"NO READ CODE"
"1974641000006113"	"Hebephrenic schizophrenia, episodic remittent"	"1974641000006109"	"NO READ CODE"
"1974611000006114"	"Hebephrenic schizophrenia, episodic with progressive deficit"	"1974611000006105"	"NO READ CODE"
"1974621000006118"	"Hebephrenic schizophrenia, episodic with stable deficit"	"1974621000006102"	"NO READ CODE"
"1974671000006117"	"Hebephrenic schizophrenia, incomplete remission"	"1974671000006101"	"NO READ CODE"
"1976891000006110"	"Hebephrenic schizophrenia, other"	"1976891000006106"	"NO READ CODE"
"6890801000006117"	"Late onset schizophrenia"	"416340002"	"NO READ CODE"
"294764011"	"Latent schizophrenia"	"191559008"	"E105.00"
"294770017"	"Latent schizophrenia in remission"	"191565008"	"E105500"
"294771018"	"Latent schizophrenia NOS"	"191559008"	"E105z00"
"398631000006113"	"Mixed schizophrenic and affective pschosis"	"270901009"	"Eu25212"
"5517971000006118"	"Mixed schizophrenic and affective psychosis"	"270901009"	"NO READ CODE"
"403961000006113"	"Organic delusional disorder"	"5510009"	"Eu05200"
"401764014"	"Other schizophrenia"	"58214004"	"E10y.00"
"294789017"	"Other schizophrenia NOS"	"58214004"	"E10yz00"
"1975751000006116"	"Other schizophrenia, continuous"	"1975751000006100"	"NO READ CODE"
"1975911000006119"	"Other schizophrenia, course uncertain, period of observation too short"	"1975911000006103"	"NO READ CODE"
"1975831000006115"	"Other schizophrenia, episodic remittent"	"1975831000006104"	"NO READ CODE"
"1975771000006114"	"Other schizophrenia, episodic with progressive deficit"	"1975771000006105"	"NO READ CODE"
"1975801000006111"	"Other schizophrenia, episodic with stable deficit"	"1975801000006107"	"NO READ CODE"
"1975841000006113"	"Other schizophrenia, incomplete remission"	"1975841000006109"	"NO READ CODE"
"1976951000006113"	"Other schizophrenia, other"	"1976951000006109"	"NO READ CODE"
"107878010"	"Paranoid schizophrenia"	"64905009"	"E103.00"
"105029017"	"Paranoid schizophrenia in remission"	"63181006"	"E103500"
"294760019"	"Paranoid schizophrenia NOS"	"64905009"	"E103z00"
"1974351000006118"	"Paranoid schizophrenia, continuous"	"1974351000006102"	"NO READ CODE"
"1974541000006112"	"Paranoid schizophrenia, course uncertain, period of observation too short"	"1974541000006108"	"NO READ CODE"
"1974451000006113"	"Paranoid schizophrenia, episodic remittent"	"1974451000006109"	"NO READ CODE"
"1974391000006112"	"Paranoid schizophrenia, episodic with progressive deficit"	"1974391000006108"	"NO READ CODE"
"1974431000006118"	"Paranoid schizophrenia, episodic with stable deficit"	"1974431000006102"	"NO READ CODE"
"1974481000006117"	"Paranoid schizophrenia, incomplete remission"	"1974481000006101"	"NO READ CODE"
"1976881000006112"	"Paranoid schizophrenia, other"	"1976881000006108"	"NO READ CODE"
"423271000006116"	"Prepsychotic schizophrenia"	"247804008"	"Eu21.14"
"423471000006117"	"Prodromal schizophrenia"	"247804008"	"Eu21.15"
"43595011"	"Residual schizophrenia"	"26025008"	"E106.00"
"1975351000006117"	"Residual schizophrenia, continuous"	"1975351000006101"	"NO READ CODE"
"1975481000006116"	"Residual schizophrenia, course uncertain, period of observation too short"	"1975481000006100"	"NO READ CODE"
"1975431000006117"	"Residual schizophrenia, episodic remittent"	"1975431000006101"	"NO READ CODE"
"1975381000006113"	"Residual schizophrenia, episodic with progressive deficit"	"1975381000006109"	"NO READ CODE"
"1975401000006113"	"Residual schizophrenia, episodic with stable deficit"	"1975401000006109"	"NO READ CODE"
"1975441000006110"	"Residual schizophrenia, incomplete remission"	"1975441000006106"	"NO READ CODE"
"1976931000006118"	"Residual schizophrenia, other"	"1976931000006102"	"NO READ CODE"
"169061000006112"	"Restzustand - schizophrenia"	"26025008"	"E106.11"
"425541000006110"	"Schizoaffective disorder"	"68890003"	"Eu25.00"
"3118041000006112"	"Schizoaffective disorder, bipolar type"	"38368003"	"NO READ CODE"
"425511000006111"	"Schizoaffective disorder, manic type"	"271428004"	"Eu25000"
"425521000006115"	"Schizoaffective disorder, mixed type"	"270901009"	"Eu25200"
"155141000006116"	"Schizoaffective schizophrenia"	"191567000"	"E107.00"
"155151000006119"	"Schizoaffective schizophrenia in remission"	"191574005"	"E107500"
"155161000006117"	"Schizo-affective schizophrenia NOS"	"191567000"	"E107z00"
"294790014"	"Schizophrenia"	"58214004"	"E10z.00"
"9225016"	"Schizophrenia in remission"	"4926007"	"E100500"
"294726014"	"Schizophrenia simplex"	"191527001"	"E100.11"
"1976001000006113"	"Schizophrenia, unspecified, continuous"	"1976001000006109"	"NO READ CODE"
"1976171000006118"	"Schizophrenia, unspecified, course uncertain, period of observation too short"	"1976171000006102"	"NO READ CODE"
"1976121000006119"	"Schizophrenia, unspecified, episodic remittent"	"1976121000006103"	"NO READ CODE"
"1976061000006114"	"Schizophrenia, unspecified, episodic with progressive deficit"	"1976061000006105"	"NO READ CODE"
"1976101000006112"	"Schizophrenia, unspecified, episodic with stable deficit"	"1976101000006108"	"NO READ CODE"
"1976141000006114"	"Schizophrenia, unspecified, incomplete remission"	"1976141000006105"	"NO READ CODE"
"1976961000006110"	"Schizophrenia, unspecified, other"	"1976961000006106"	"NO READ CODE"
"294725013"	"Schizophrenic disorders"	"191526005"	"E10..00"
"5248961000006113"	"Schizophrenic prodrome"	"247804008"	"NO READ CODE"
"882291000006111"	"Schizophrenic psychoses"	"191526005"	"E10..99"
"882281000006113"	"Schizophrenic psychoses NOS"	"191526005"	"E10..98"
"4082931000006110"	"Schizophrenic reaction"	"102940002"	"NO READ CODE"
"3946141000006118"	"Schizophreniform disorder"	"88975006"	"NO READ CODE"
"3000261000006112"	"Schizoptypal disorder"	"31027006"	"NO READ CODE"
"294727017"	"Simple schizophrenia"	"191527001"	"E100.00"
"294734015"	"Simple schizophrenia NOS"	"191527001"	"E100z00"
"1975491000006118"	"Simple schizophrenia, continuous"	"1975491000006102"	"NO READ CODE"
"1975641000006112"	"Simple schizophrenia, course uncertain, period of observation too short"	"1975641000006108"	"NO READ CODE"
"1975551000006113"	"Simple schizophrenia, episodic remittent"	"1975551000006109"	"NO READ CODE"
"1975501000006114"	"Simple schizophrenia, episodic with progressive deficit"	"1975501000006105"	"NO READ CODE"
"1975521000006116"	"Simple schizophrenia, episodic with stable deficit"	"1975521000006100"	"NO READ CODE"
"1975571000006115"	"Simple schizophrenia, incomplete remission"	"1975571000006104"	"NO READ CODE"
"1976941000006111"	"Simple schizophrenia, other"	"1976941000006107"	"NO READ CODE"
"71539017"	"Subchronic catatonic schizophrenia"	"42868002"	"E102100"
"294736018"	"Subchronic hebephrenic schizophrenia"	"27387000"	"E101100"
"294766013"	"Subchronic latent schizophrenia"	"191561004"	"E105100"
"132503015"	"Subchronic paranoid schizophrenia"	"79866005"	"E103100"
"123611000006110"	"Subchronic schizo-affective schizophrenia"	"191569002"	"E107100"
"28758018"	"Subchronic schizophrenia"	"16990005"	"E100100"
"296031017"	"Undifferentiated schizophrenia"	"111484002"	"Eu20300"
"3137261000006111"	"Undifferentiated schizophrenia in remission"	"39610001"	"NO READ CODE"
"1975051000006119"	"Undifferentiated schizophrenia, incomplete remission"	"1975051000006103"	"NO READ CODE"
"1976911000006112"	"Undifferentiated schizophrenia, other"	"1976911000006108"	"NO READ CODE"
"294744018"	"Unspecified catatonic schizophrenia"	"191542003"	"E102000"
"294735019"	"Unspecified hebephrenic schizophrenia"	"35252006"	"E101000"
"294765012"	"Unspecified latent schizophrenia"	"191559008"	"E105000"
"294754019"	"Unspecified paranoid schizophrenia"	"64905009"	"E103000"
"78531000006116"	"Unspecified schizo-affective schizophrenia"	"191567000"	"E107000"
"294728010"	"Unspecified schizophrenia"	"58214004"	"E100000"
"8044911000006116"	"Delusions in Alzheimer's disease"	"141991000119109"	"NO READ CODE"
"6348061000006115"	"Senile dementia with psychosis"	"371026009"	"NO READ CODE"
"396771000006117"	"[X] Manic-depressive psychosis, depressed type without psychotic symptoms"	"36474008"	"Eu33213"
"367091000006118"	"[X]Bipolar affect disorder cur epi mild or moderate depressn"	"191630001"	"Eu31300"
"379771000006116"	"[X]Endogenous depression with psychotic symptoms"	"73867007"	"Eu33311"
"396781000006119"	"[X]Manic-depress psychosis,depressed type+psychotic symptoms"	"765176007"	"Eu33312"
"396071000006119"	"[X]Manic-depressive reaction"	"13746004"	"Eu31.13"
"423041000006119"	"[X]Post-schizophrenic depression"	"231485007"	"Eu20400"
"424531000006118"	"[X]Recurr depress disorder cur epi severe without psyc sympt"	"310497006"	"Eu33200"
"424541000006111"	"[X]Recurr severe episodes/major depression+psychotic symptom"	"28475009"	"Eu33313"
"424551000006113"	"[X]Recurr severe episodes/psychogenic depressive psychosis"	"191613003"	"Eu33314"
"424571000006115"	"[X]Recurrent depress disorder cur epi severe with psyc symp"	"28475009"	"Eu33300"
"1755911000006110"	"[X]Recurrent major depressive episodes, severe, with psychosis, psychosis in remission"	"755331000000108"	"Eu32A00"
"424671000006116"	"[X]Recurrent severe episodes of psychotic depression"	"191613003"	"Eu33315"
"425561000006114"	"[X]Schizoaffective psychosis, depressive type"	"84760002"	"Eu25111"
"425691000006119"	"[X]Schizophreniform psychosis, depressive type"	"84760002"	"Eu25112"
"401869010"	"[X]Severe depressive episode with psychotic symptoms"	"191604000"	"Eu32300"
"426921000006115"	"[X]Single episode of major depression and psychotic symptoms"	"191604000"	"Eu32311"
"426951000006112"	"[X]Single episode of psychogenic depressive psychosis"	"191676002"	"Eu32312"
"426961000006114"	"[X]Single episode of psychotic depression"	"191604000"	"Eu32313"
"426981000006116"	"[X]Single episode of reactive depressive psychosis"	"191676002"	"Eu32314"
"1755901000006112"	"[X]Single major depressive episode, severe, with psychosis, psychosis in remission"	"755321000000106"	"Eu32900"
"513721000006114"	"Bipolar affect disord, now depressed, severe with psychosis"	"765176007"	"E115400"
"513731000006112"	"Bipolar affect disord, now depressed, severe, no psychosis"	"61403008"	"E115300"
"1975941000006115"	"Bipolar affect disorder cur epi mild or moderate depressn, with somatic syndrome"	"1975941000006104"	"NO READ CODE"
"1975931000006113"	"Bipolar affect disorder cur epi mild or moderate depressn, without somatic syndrome"	"1975931000006109"	"NO READ CODE"
"513751000006117"	"Bipolar affective disorder, current episode depression"	"191627008"	"E115.00"
"294862015"	"Bipolar affective disorder, currently depressed, mild"	"191629006"	"E115100"
"294863013"	"Bipolar affective disorder, currently depressed, moderate"	"191630001"	"E115200"
"294868016"	"Bipolar affective disorder, currently depressed, NOS"	"191627008"	"E115z00"
"294861010"	"Bipolar affective disorder, currently depressed, unspecified"	"191627008"	"E115000"
"12059201000006117"	"Bipolar disorder, most recent episode depression"	"767631007"	"NO READ CODE"
"513711000006118"	"Depressed bipolar I disorder in partial remission"	"49512000"	"E115500"
"613791000006115"	"Depressive psychoses"	"35489007"	"E11..12"
"7882721000006118"	"Major depression with psychotic features"	"726772006"	"NO READ CODE"
"7127661000006118"	"Major depressive disorder, single episode, severe with psychotic features"	"430852001"	"NO READ CODE"
"294860011"	"Manic-depressive - now depressed"	"191627008"	"E115.11"
"294847017"	"Manic-depressive - now manic"	"191618007"	"E114.11"
"396791000006116"	"Manic-depressive illness"	"13746004"	"Eu31.11"
"882311000006110"	"Manic-depressive psychoses"	"13746004"	"E11..99"
"396801000006115"	"Manic-depressive psychosis"	"13746004"	"Eu31.12"
"294895014"	"Mixed bipolar I disorder"	"16506000"	"E11y300"
"294891017"	"Other and unspecified manic-depressive psychoses"	"13746004"	"E11y.00"
"294896010"	"Other and unspecified manic-depressive psychoses NOS"	"13746004"	"E11yz00"
"5023901000006110"	"Post-schizophrenic depression"	"231485007"	"NO READ CODE"
"1975191000006114"	"Post-schizophrenic depression, continuous"	"1975191000006105"	"NO READ CODE"
"1975321000006114"	"Post-schizophrenic depression, course uncertain, period of observation too short"	"1975321000006105"	"NO READ CODE"
"1975261000006113"	"Post-schizophrenic depression, episodic remittent"	"1975261000006109"	"NO READ CODE"
"1975211000006110"	"Post-schizophrenic depression, episodic with progressive deficit"	"1975211000006106"	"NO READ CODE"
"1975231000006116"	"Post-schizophrenic depression, episodic with stable deficit"	"1975231000006100"	"NO READ CODE"
"1975281000006115"	"Post-schizophrenic depression, incomplete remission"	"1975281000006104"	"NO READ CODE"
"1976921000006116"	"Post-schizophrenic depression, other"	"1976921000006100"	"NO READ CODE"
"367061000006114"	"Psychosis and severe depression co-occurrent and due to bipolar affective disorder"	"765176007"	"Eu31500"
"3700911000006115"	"Psychotic depression"	"73867007"	"NO READ CODE"
"294918011"	"Psychotic reactive depression"	"191676002"	"E130.11"
"294917018"	"Reactive depressive psychosis"	"191676002"	"E130.00"
"8089301000006110"	"Reactive depressive psychosis, single episode"	"288751000119101"	"NO READ CODE"
"2729751000000118"	"Recurrent depression with current severe episode and psychotic features"	"1089511000000100"	"NO READ CODE"
"294840015"	"Recurrent major depressive episodes, severe, with psychosis"	"191613003"	"E113400"
"8232591000006117"	"Recurrent major depressive episodes, severe, with psychosis, psychosis in remission"	"755331000000108"	"NO READ CODE"
"424681000006118"	"Recurrent reactive depressive episodes, severe, with psychosis"	"1086471000000103"	"Eu33316"
"425501000006113"	"Schizoaffective disorder, depressive type"	"84760002"	"Eu25100"
"3468391000006115"	"Severe bipolar I disorder, most recent episode depressed with psychotic features"	"59617007"	"NO READ CODE"
"367051000006112"	"Severe depressed bipolar I disorder without psychotic features"	"61403008"	"Eu31400"
"1715191000006112"	"Severe major depression with psychotic features"	"73867007"	"Eu32800"
"7127651000006115"	"Severe major depression, single episode, with psychotic features"	"430852001"	"NO READ CODE"
"3767531000006119"	"Severe major depression, single episode, with psychotic features, mood-congruent"	"77911002"	"NO READ CODE"
"2957311000006113"	"Severe recurrent major depression with psychotic features"	"28475009"	"NO READ CODE"
"294828015"	"Single major depressive episode, severe, with psychosis"	"191604000"	"E112400"
"8232571000006118"	"Single major depressive episode, severe, with psychosis, psychosis in remission"	"755321000000106"	"NO READ CODE"
"294892012"	"Unspecified manic-depressive psychoses"	"13746004"	"E11y000"
"492761000000114"	"Bipolar affective disorder resolved"	"285491000000101"	"212V.00"
"513811000006110"	"Bipolar affective disorder, currently manic, in full remission"	"191625000"	"E114600"
"294887010"	"Bipolar disorder in full remission"	"41836007"	"E117600"
"7849081000006116"	"Bipolar type I disorder currently in full remission"	"723903001"	"NO READ CODE"
"294876019"	"Mixed bipolar affective disorder, in full remission"	"191643001"	"E116600"
"294817019"	"Recurrent manic episodes, in full remission"	"191597008"	"E111600"
"294808019"	"Single manic episode in full remission"	"191588009"	"E110600"
"300411000000110"	"H/O: psychosis"	"198991000000103"	"146H.00"
"492881000000114"	"Psychosis resolved"	"285551000000108"	"212X.00"
"460273017"	"[V]Personal history of schizophrenia"	"161464003"	"ZV11000"
"1974891000006117"	"Catatonic schizophrenia, complete remission"	"1974891000006101"	"NO READ CODE"
"251628010"	"H/O: schizophrenia"	"161468000"	"1464.00"
"1974691000006116"	"Hebephrenic schizophrenia, complete remission"	"1974691000006100"	"NO READ CODE"
"4539931000006112"	"History of schizophrenia"	"161468000"	"NO READ CODE"
"418921010"	"History of schizophrenia in child of subject"	"444180005"	"13L3.12"
"1975881000006119"	"Other schizophrenia, complete remission"	"1975881000006103"	"NO READ CODE"
"1974511000006113"	"Paranoid schizophrenia, complete remission"	"1974511000006109"	"NO READ CODE"
"996171000006114"	"Psychosis, schizophrenia and bipolar affective disorder resolved"	"200951000000109"	"212T.00"
"1975471000006119"	"Residual schizophrenia, complete remission"	"1975471000006103"	"NO READ CODE"
"492821000000113"	"Schizophrenia resolved"	"285521000000103"	"212W.00"
"1976151000006111"	"Schizophrenia, unspecified, complete remission"	"1976151000006107"	"NO READ CODE"
"1975601000006110"	"Simple schizophrenia, complete remission"	"1975601000006106"	"NO READ CODE"
"1227584015"	"[V]Personal history of manic-depressive psychosis"	"429124005"	"ZV11112"
"513861000006113"	"Bipolar affective disorder, currently depressed, in full remission"	"191634005"	"E115600"
"1780205015"	"H/O: manic depressive disorder"	"400998002"	"146D.00"
"345141000006111"	"History of mood disorder"	"429124005"	"ZV11111"
"1975301000006116"	"Post-schizophrenic depression, complete remission"	"1975301000006100"	"NO READ CODE"
"1749711000000118"	"Antipsychotic medication review"	"769063007"	"8BM0100"
"6515001000006117"	"Early intervention in psychosis"	"390815004"	"NO READ CODE"
"6519941000006116"	"Early intervention in psychosis - <1 contact/month"	"391190003"	"NO READ CODE"
"8028531000006112"	"Early intervention in psychosis team"	"92191000000105"	"NO READ CODE"
"2013941000006115"	"Monitoring for early signs of psychosis"	"2013941000006104"	"NO READ CODE"
"5023541000006116"	"Psychosis associated with intensive care"	"231450007"	"NO READ CODE"
"1992191000006111"	"Psychosis clinical information system (PsyCIS) review number"	"1992191000006107"	"NO READ CODE"
"8367361000006119"	"Current View Provisional Problem Description item 12 score - delusional beliefs and hallucinations"	"987361000000109"	"NO READ CODE"
"5647801000006116"	"Health of the Nation Outcome Scale item 6 - hallucinations/delusions"	"281120007"	"NO READ CODE"
"2281871000000116"	"Antipsychotic medication physical health check"	"885271000000107"	"69DD.00"
"2284411000000114"	"Assessment of cause of psychotic and behavioural symptoms"	"703257008"	"38C1400"
"8331071000006111"	"GASS - Glasgow Antipsychotic Side-effect Scale"	"921631000000109"	"NO READ CODE"
"8331111000006115"	"GASS (Glasgow Antipsychotic Side-effect Scale) score"	"921661000000104"	"NO READ CODE"
"11931271000006118"	"Glasgow Antipsychotic Side-effect Scale"	"921631000000109"	"NO READ CODE"
"2365281000000114"	"Glasgow Antipsychotic Side-effect Scale score"	"921661000000104"	"38Qh.00"
