medcodeid	term	snomedctconceptid	cleansedreadcode
"295527014"	"Change in personality"	"192073007"	"E2A1200"
"4082981000006111"	"Personality change"	"102943000"	"NO READ CODE"
"371011000006114"	"Somatoform pain disorder"	"30077003"	"Eu62y11"
"379811000006116"	"[X]Enduring personality change after catastrophic experience"	"268729004"	"Eu62000"
"379821000006112"	"[X]Enduring personality change after psychiatric illness"	"192498004"	"Eu62100"
"379831000006110"	"[X]Enduring personality change not attrib to brain damag/dis"	"192496000"	"Eu62.00"
"386711000006110"	"[X]Fanatic paranoid personality disorder"	"13601005"	"Eu60012"
"401900011"	"[X]Other enduring personality changes"	"192496000"	"Eu62y00"
"420421000006113"	"[X]Personality change aft prolong captiv+possib/being killed"	"268729004"	"Eu62013"
"420431000006111"	"[X]Personality change after concentration camp experiences"	"268729004"	"Eu62011"
"420441000006118"	"[X]Personality change after disasters"	"268729004"	"Eu62012"
"420451000006116"	"[X]Personality change after torture"	"268729004"	"Eu62015"
"2567501000006116"	"Cluster B personality disorder"	"4306003"	"NO READ CODE"
"8342811000006118"	"Disorder of adult personality AND/OR behaviour"	"943161000000107"	"NO READ CODE"
"5506851000006115"	"Enduring personality change after catastrophic experience"	"268729004"	"NO READ CODE"
"4767411000006110"	"Enduring personality change after psychiatric illness"	"192498004"	"NO READ CODE"
"4941771000006118"	"Financially abusive behaviour"	"225476009"	"NO READ CODE"
"295066011"	"Psychoinfantile personality"	"191766006"	"E215300"
"155281000006119"	"Schizotypal personality"	"31027006"	"E212200"
"972911000006111"	"** Personality disorders-clinical & social perspectives"	"972911000006107"	"NO READ CODE"
"973101000006118"	"** Psychopathic & antisocial personality disorders"	"973101000006102"	"NO READ CODE"
"359041000006112"	"[X] Munchausens syndrome"	"50705009"	"Eu6y111"
"362771000006119"	"[X]Affective personality disorder"	"76105009"	"Eu34011"
"362851000006118"	"[X]Aggressive personality disorder"	"191765005"	"Eu60311"
"363081000006112"	"[X]Amoral personality disorder"	"26665006"	"Eu60211"
"363921000006112"	"[X]Asocial personality disorder"	"26665006"	"Eu60213"
"366421000006114"	"[X]Asthenic personality disorder"	"84466009"	"Eu60711"
"367941000006111"	"[X]Borderline personality disorder"	"20010003"	"Eu60312"
"371341000006110"	"[X]Compulsive personality disorder"	"1376001"	"Eu60511"
"371401000006116"	"[X]Conduct disorder, solitary aggressive type"	"231541007"	"Eu91111"
"296458019"	"[X]Disorders of adult personality and behaviour"	"943161000000107"	"Eu6..00"
"379511000006118"	"[X]Eccentric personality disorder"	"33449004"	"Eu60y11"
"380231000006114"	"[X]Expansive paranoid personality disorder"	"13601005"	"Eu60011"
"380611000006117"	"[X]Explosive personality disorder"	"191765005"	"Eu60313"
"388391000006117"	"[X]Haltlose type personality disorder"	"33449004"	"Eu60y12"
"388871000006111"	"[X]Histrionic personality disorder"	"55341008"	"Eu60400"
"389441000006113"	"[X]Hysterical personality disorder"	"55341008"	"Eu60411"
"389491000006116"	"[X]Immature personality disorder"	"33449004"	"Eu60y13"
"389581000006115"	"[X]Inadequate personality disorder"	"84466009"	"Eu60712"
"296489015"	"[X]Mixed and other personality disorders"	"33449004"	"Eu61.00"
"399451000006114"	"[X]Narcissistic personality disorder"	"80711002"	"Eu60y14"
"400311000006117"	"[X]Obsessional personality disorder"	"473457009"	"Eu60512"
"400351000006116"	"[X]Obsessive-compulsive personality disorder"	"1376001"	"Eu60513"
"404031000006118"	"[X]Organic pseudopsychopathic personality"	"36217008"	"Eu06011"
"404911000006113"	"[X]Oth organ personality behav disorders brain dis dam dysf"	"111479008"	"Eu06y00"
"296543012"	"[X]Other disorders of adult personality and behaviour"	"943161000000107"	"Eu6y.00"
"401898014"	"[X]Other specific personality disorders"	"33449004"	"Eu60y00"
"414781000006118"	"[X]Other specified disorders of adult personality and behaviour"	"943161000000107"	"Eu6yy00"
"418201000006111"	"[X]Paranoid personality disorder"	"13601005"	"Eu60000"
"418531000006117"	"[X]Passive personality disorder"	"84466009"	"Eu60713"
"418541000006110"	"[X]Passive-aggressive personality disorder"	"33449004"	"Eu60y15"
"420411000006117"	"[X]Personality and behav disorder brain dis dam and dysfunct"	"111479008"	"Eu06.00"
"296488011"	"[X]Personality disorder, unspecified"	"33449004"	"Eu60z00"
"424161000006118"	"[X]Psychoinfantile personality disorder"	"55341008"	"Eu60412"
"424201000006112"	"[X]Psychoneurotic personality disorder"	"268634009"	"Eu60y16"
"424211000006110"	"[X]Psychopathic personality disorder"	"26665006"	"Eu60214"
"424331000006112"	"[X]Querulant personality disorder"	"13601005"	"Eu60013"
"425591000006118"	"[X]Schizoid personality disorder"	"52954000"	"Eu60100"
"425731000006110"	"[X]Schizotypal personality disorder"	"31027006"	"Eu21.18"
"425841000006112"	"[X]Self defeating personality disorder"	"84466009"	"Eu60714"
"425911000006118"	"[X]Sensitive paranoid personality disorder"	"13601005"	"Eu60014"
"427091000006119"	"[X]Sociopathic personality disorder"	"26665006"	"Eu60215"
"296460017"	"[X]Specific personality disorders"	"33449004"	"Eu60.00"
"429881000006115"	"[X]Unsocialised aggressive disorder"	"231541007"	"Eu91112"
"430371000006115"	"[X]Unspec organ personality behav disorder brain dam dysfunc"	"111479008"	"Eu06z00"
"296549011"	"[X]Unspecified disorder of adult personality and behaviour"	"943161000000107"	"Eu6z.00"
"4941931000006119"	"Abusive behavior"	"225481000"	"NO READ CODE"
"4941921000006117"	"Abusive behaviour"	"225481000"	"NO READ CODE"
"12031331000006115"	"Abusive behaviour towards people"	"765437001"	"NO READ CODE"
"295044016"	"Affective personality disorder"	"76105009"	"E211000"
"1495439012"	"Affective personality disorder"	"76105009"	"E211.00"
"295048018"	"Affective personality disorder NOS"	"76105009"	"E211z00"
"3497151000006114"	"Aggressive behavior"	"61372001"	"NO READ CODE"
"498995015"	"Aggressive behaviour"	"61372001"	"1P5..00"
"1961611000006118"	"Aggressive behaviour towards care professional"	"1961611000006102"	"NO READ CODE"
"474121000006111"	"Aggressive character"	"286798002"	"E213.11"
"295544013"	"Aggressive outburst"	"192083006"	"E2C0000"
"295543019"	"Aggressive unsocial conduct disorder"	"192082001"	"E2C0.00"
"295548011"	"Aggressive unsocial conduct disorder NOS"	"192082001"	"E2C0z00"
"2520381000006114"	"Anancastic personality disorder"	"1376001"	"NO READ CODE"
"363221000006116"	"Anankastic personality disorder"	"1376001"	"Eu60500"
"487991000006113"	"Antisocial or sociopathic personality disorder"	"26665006"	"E217.00"
"363561000006112"	"Antisocial personality disorder"	"26665006"	"Eu60212"
"363691000006117"	"Anxious personality disorder"	"231528008"	"Eu60600"
"62962010"	"Avoidant personality disorder"	"37746008"	"E21y100"
"33677019"	"Borderline personality disorder"	"20010003"	"E21y200"
"577931000006110"	"Compulsive personality disorder"	"473456000"	"E214.00"
"295063015"	"Compulsive personality disorder NOS"	"473456000"	"E214z00"
"429891000006117"	"Conduct disorder - unsocialised"	"231541007"	"Eu91100"
"5024501000006116"	"Conduct disorder - unsocialized"	"231541007"	"NO READ CODE"
"605901000006114"	"Cyclothymic personality disorder"	"76105009"	"E211300"
"376671000006117"	"Dependent personality disorder"	"84466009"	"Eu60700"
"376751000006117"	"Depressive personality disorder"	"1084061000000106"	"Eu34112"
"613781000006118"	"Depressive personality disorder"	"78667006"	"E211200"
"378071000006112"	"Dissocial personality disorder"	"26665006"	"Eu60200"
"294691019"	"Drug-induced personality disorder"	"191496002"	"E02y400"
"295079019"	"Eccentric personality disorder"	"191772006"	"E21y400"
"379701000006110"	"Emotionally unstable personality disorder"	"191765005"	"Eu60300"
"1976691000006111"	"Emotionally unstable personality disorder, borderline type"	"1976691000006107"	"NO READ CODE"
"1976681000006113"	"Emotionally unstable personality disorder, impulsive type"	"1976681000006109"	"NO READ CODE"
"347011014"	"Explosive personality disorder"	"231527003"	"E213.00"
"5690041000006119"	"Finding relating to aggressive behaviour"	"284607007"	"NO READ CODE"
"824751000006111"	"Histrionic personality disorder"	"55341008"	"E215.00"
"295067019"	"Histrionic personality disorder NOS"	"55341008"	"E215z00"
"295045015"	"Hypomanic personality disorder"	"191753006"	"E211100"
"3398571000006119"	"Hysterical personality disorder"	"55341008"	"NO READ CODE"
"787571000006113"	"Hysterical personality disorders"	"55341008"	"E215.11"
"295080016"	"Immature personality disorder"	"191773001"	"E21y500"
"5024351000006113"	"Impulsive personality disorder"	"231527003"	"NO READ CODE"
"782871000006113"	"Inadequate personality disorder"	"84466009"	"E216.00"
"295081017"	"Masochistic personality disorder"	"191774007"	"E21y600"
"4941841000006119"	"Mentally abusive behaviour"	"225479002"	"NO READ CODE"
"1976641000006119"	"Mixed personality disorders"	"1976641000006103"	"NO READ CODE"
"3009221000006112"	"Multiple personality disorder"	"31611000"	"NO READ CODE"
"481069014"	"Munchausen's syndrome"	"21586000"	"E215100"
"133885012"	"Narcissistic personality disorder"	"80711002"	"E21y000"
"675911000006115"	"Neurotic personality disorder"	"33449004"	"E21..11"
"675921000006111"	"Neurotic, personality and other nonpsychotic disorders"	"74732009"	"E2...00"
"401814012"	"Nonaggressive unsocial conduct disorder"	"268661009"	"E2C1.00"
"295559019"	"Nonaggressive unsocial conduct disorder NOS"	"268661009"	"E2C1z00"
"296508011"	"Non-organic enduring personality change"	"192496000"	"Eu62z00"
"7488401000006113"	"Obsessional personality disorder"	"473457009"	"NO READ CODE"
"2520371000006111"	"Obsessive compulsive personality disorder"	"1376001"	"NO READ CODE"
"404021000006116"	"Organic personality disorder"	"36217008"	"Eu06000"
"401786010"	"Other personality disorder NOS"	"33449004"	"E21yz00"
"295077017"	"Other personality disorders"	"33449004"	"E21y.00"
"23211011"	"Paranoid personality disorder"	"13601005"	"E210.00"
"3128951000006119"	"Passive aggressive character"	"39077006"	"NO READ CODE"
"3225431000006114"	"Passive aggressive personality disorder"	"44966003"	"NO READ CODE"
"1230168015"	"Passive-aggressive personality disorder"	"44966003"	"E21y300"
"230091000006118"	"Personality disorder"	"33449004"	"E21..00"
"401787018"	"Personality disorder NOS"	"33449004"	"E21z.00"
"4941911000006113"	"Physically abusive behavior"	"225480004"	"NO READ CODE"
"338845019"	"Physically abusive behaviour"	"225480004"	"1P51.00"
"1961631000006112"	"Physically abusive behaviour towards care professional"	"1961631000006108"	"NO READ CODE"
"401785014"	"Psychoneurotic personality disorder"	"268634009"	"E21y700"
"199821000006114"	"Psychopathic personality"	"26665006"	"E21z.11"
"2927081000006115"	"Psychopathic personality disorder"	"26665006"	"NO READ CODE"
"4941751000006111"	"Racially abusive behaviour"	"225475008"	"NO READ CODE"
"88108012"	"Schizoid personality disorder"	"52954000"	"E212.00"
"295052018"	"Schizoid personality disorder NOS"	"52954000"	"E212z00"
"401856011"	"Schizotypal personality disorder"	"31027006"	"Eu21.00"
"4941801000006116"	"Sexually abusive behaviour"	"225477000"	"NO READ CODE"
"2927101000006111"	"Sociopathic personality disorder"	"26665006"	"NO READ CODE"
"1976651000006117"	"Troublesome personality changes"	"1976651000006101"	"NO READ CODE"
"370309017"	"Uncooperative behaviour"	"248042003"	"1P11.00"
"5719031000006113"	"Uncooperative character"	"286729002"	"NO READ CODE"
"295064014"	"Unspecified histrionic personality disorder"	"55341008"	"E215000"
"295049014"	"Unspecified schizoid personality disorder"	"52954000"	"E212000"
"4941831000006112"	"Verbally abusive behavior"	"225478005"	"NO READ CODE"
"338836015"	"Verbally abusive behaviour"	"225478005"	"1P52.00"
"1961621000006114"	"Verbally abusive behaviour towards care professional"	"1961621000006105"	"NO READ CODE"
