medcodeid	term	snomedctconceptid	readcode
"488101000006116"	"Acute antritis"	"68272006"	"H010.11"
"14149851000006115"	"Rhinosinusitis"	"897656009"	"NO READ CODE"
"6717931000006115"	"Irritation of the throat"	"405737000"	"NO READ CODE"
"2470021018"	"Acute necrotising ulcerative gingivitis"	"399050001"	"AA1..00"
"301235017"	"Lingular tonsillitis"	"195804009"	"H14y600"
"255676015"	"O/E - follicular tonsillitis"	"164256007"	"2DB6.00"
"6013001000006119"	"Bacterial upper respiratory infection"	"312118003"	"NO READ CODE"
"13483871000006117"	"Infection of upper respiratory tract caused by 2019 novel coronavirus"	"1240541000000107"	"NO READ CODE"
"91647017"	"Laryngotracheitis"	"55130001"	"H042.11"
"301090016"	"Other upper respiratory infections of multiple sites"	"54150009"	"H05y.00"
"301087010"	"Pharyngotracheitis"	"195707008"	"H052.00"
"301088017"	"Recurrent upper respiratory tract infection"	"195708003"	"H054.00"
"3524071000006110"	"Tracheitis"	"62994001"	"NO READ CODE"
"6013011000006116"	"Upper respiratory bacterial infection"	"312118003"	"NO READ CODE"
"73091000006118"	"Upper respiratory infection"	"54150009"	"H05z.11"
"396089010"	"Upper respiratory infection NOS"	"54150009"	"H05z.00"
"3378381000006118"	"Upper respiratory tract infection"	"54150009"	"NO READ CODE"
"12990621000006115"	"Upper respiratory tract infection caused by 2019-nCoV (novel coronavirus)"	"1240541000000107"	"NO READ CODE"
"3378391000006115"	"URI - Upper respiratory infection"	"54150009"	"NO READ CODE"
"3378371000006116"	"URTI - Infection of the upper respiratory tract"	"54150009"	"NO READ CODE"
"5655871000006119"	"URTI - Viral upper respiratory tract infection"	"281794004"	"NO READ CODE"
"3573331000006112"	"Viral tracheitis"	"66011008"	"NO READ CODE"
"350040017"	"Viral upper respiratory tract infection"	"281794004"	"H05z.12"
"146816010"	"Aerosinusitis"	"88548007"	"SN31.11"
"2795871000006117"	"Ethmoidal sinusitis"	"18643000"	"NO READ CODE"
"130650014"	"Frontal sinusitis"	"78737005"	"H131.11"
"8032501000006116"	"Fungal sinusitis"	"104041000119108"	"NO READ CODE"
"7494791000006117"	"Infection of preauricular sinus"	"609209009"	"NO READ CODE"
"146480018"	"Maxillary sinusitis"	"88348008"	"H130.12"
"301212015"	"Pansinusitis"	"195790000"	"H13y100"
"301210011"	"Recurrent sinusitis"	"195788001"	"H135.00"
"61668014"	"Sinusitis"	"36971009"	"H01..11"
"8016801000006110"	"Sinusitis co-occurrent with nasal polyps"	"41931000119102"	"NO READ CODE"
"2710431000006111"	"Sphenoidal sinusitis"	"13266007"	"NO READ CODE"
"7298311000006115"	"Viral sinusitis"	"444814009"	"NO READ CODE"
"106138013"	"Atrophic pharyngitis"	"63866002"	"H121100"
"7576111000006118"	"Bacterial tonsillitis"	"703468005"	"NO READ CODE"
"301234018"	"Caseous tonsillitis"	"195803003"	"H14y500"
"348182011"	"Chlamydial infection of pharynx"	"232403001"	"A78A100"
"3807341000006118"	"Epiglottitis"	"80384002"	"NO READ CODE"
"2947421000006113"	"Follicular tonsillitis"	"27878001"	"NO READ CODE"
"360178015"	"Fusobacterial necrotising tonsillitis"	"240444009"	"A383000"
"5035801000006118"	"Glandular fever pharyngitis"	"232401004"	"NO READ CODE"
"3708981000006112"	"Gonococcal pharyngitis"	"74372003"	"NO READ CODE"
"7819881000006115"	"Herpes simplex pharyngotonsillitis"	"721586007"	"NO READ CODE"
"6016181000006117"	"Infective laryngitis"	"312423006"	"NO READ CODE"
"6016171000006115"	"Infective pharyngitis"	"312422001"	"NO READ CODE"
"301416019"	"Influenza with laryngitis"	"195923003"	"H271000"
"301417011"	"Influenza with pharyngitis"	"195924009"	"H271100"
"3241481000006114"	"Laryngitis"	"45913009"	"NO READ CODE"
"885021000006114"	"Mild Tonsillitis"	"17741008"	"H03..99"
"779281000006114"	"Pharyngitis"	"405737000"	"2DC3.00"
"885011000006118"	"Pharyngitis"	"363746003"	"H02..99"
"301089013"	"Pharyngolaryngitis"	"195709006"	"H055.00"
"853251000006117"	"Recurrent tonsillitis"	"853251000006101"	"NO READ CODE"
"481814010"	"Rhinopharyngitis mutilans"	"24078009"	"AA25.11"
"1675541000006112"	"Strep pharyngitis probability (Modified Centor) score"	"1675541000006108"	"NO READ CODE"
"141055011"	"Streptococcal laryngitis"	"85083002"	"A340100"
"73158014"	"Streptococcal pharyngitis"	"43878008"	"A340200"
"69365016"	"Streptococcal tonsillitis"	"41582007"	"A340300"
"100101000006117"	"Throat infection - pharyngitis"	"405737000"	"H02..13"
"100111000006119"	"Throat infection - tonsillitis"	"17741008"	"H03..11"
"149482010"	"Tonsillitis"	"90176007"	"H03..12"
"12717051000006112"	"Tracheopharyngitis"	"195707008"	"NO READ CODE"
"301086018"	"Tracheopharyngitis"	"195707008"	"H053.00"
"116837013"	"Tuberculous laryngitis"	"70341005"	"A123.00"
"395416013"	"Vincent's angina"	"186963008"	"AA1z.00"
"4743831000006116"	"Vincent's angina - pharyngitis"	"186963008"	"NO READ CODE"
"348220011"	"Vincent's laryngitis"	"232427004"	"AA1z.11"
"60991000006118"	"Vincent's pharyngitis"	"186963008"	"AA12.00"
"348206016"	"Vincent's tonsillitis"	"232417005"	"AA1z.12"
"117891019"	"Viral epiglottitis"	"70976000"	"H043.11"
"2522971000006111"	"Viral pharyngitis"	"1532007"	"NO READ CODE"
"61411000006110"	"Viral sore throat NOS"	"195662009"	"H02..12"
"3329901000006119"	"Viral tonsillitis"	"51209006"	"NO READ CODE"
"362471000006114"	"[X]Acute upper respiratory infections"	"54398005"	"Hyu0.00"
"13486471000006113"	"Acute disease caused by severe acute respiratory syndrome coronavirus 2 infection"	"1325171000000109"	"NO READ CODE"
"412576019"	"Acute laryngitis and tracheitis"	"276443001"	"H04..00"
"301082016"	"Acute laryngitis and/or tracheitis"	"276443001"	"H04z.00"
"989171000006116"	"Acute laryngitis/tracheitis"	"64375000"	"H042.99"
"412577011"	"Acute laryngitis/tracheitis"	"276443001"	"H04..99"
"107009017"	"Acute laryngotracheitis"	"64375000"	"H042.00"
"301074016"	"Acute laryngotracheitis NOS"	"64375000"	"H042z00"
"99622016"	"Acute laryngotracheitis with obstruction"	"59967003"	"H042100"
"63301015"	"Acute laryngotracheitis without obstruction"	"37948003"	"H042000"
"301145010"	"Acute respiratory infection"	"195647007"	"H0z..00"
"300997012"	"Acute respiratory infections"	"195647007"	"H0...00"
"44623012"	"Acute tracheitis"	"26650005"	"H041.00"
"301068016"	"Acute tracheitis NOS"	"26650005"	"H041z00"
"15053015"	"Acute tracheitis with obstruction"	"8519009"	"H041100"
"106996011"	"Acute tracheitis without obstruction"	"64369009"	"H041000"
"460751000006119"	"Acute upper respiratory infection"	"54398005"	"H051.00"
"406151000006117"	"Acute upper respiratory infection of multiple sites"	"78337007"	"Hyu0300"
"3382671000006116"	"Acute upper respiratory tract infection"	"54398005"	"NO READ CODE"
"5899261000006111"	"Acute viral laryngotracheitis"	"301824001"	"NO READ CODE"
"3382661000006111"	"AURTI - Acute upper respiratory tract infection"	"54398005"	"NO READ CODE"
"13483881000006119"	"Infection of upper respiratory tract caused by Severe acute respiratory syndrome coronavirus 2"	"1240541000000107"	"NO READ CODE"
"301083014"	"Other acute upper respiratory infections"	"54398005"	"H05..00"
"301144014"	"Other specified acute respiratory infections"	"195647007"	"H0y..00"
"13012261000006113"	"Upper respiratory tract infection caused by SARS-CoV-2 (severe acute respiratory syndrome coronavirus 2)"	"1240541000000107"	"NO READ CODE"
"301801012"	"[X]Other acute sinusitis"	"15805002"	"Hyu0000"
"3727741000006111"	"Acute bacterial sinusitis"	"75498004"	"NO READ CODE"
"112674013"	"Acute ethmoidal sinusitis"	"67832005"	"H012.00"
"150861013"	"Acute frontal sinusitis"	"91038008"	"H011.00"
"2750721000006114"	"Acute infection of sinus"	"15805002"	"NO READ CODE"
"2750711000006118"	"Acute inflammation of sinus"	"15805002"	"NO READ CODE"
"113403018"	"Acute maxillary sinusitis"	"68272006"	"H010.00"
"9421011"	"Acute pansinusitis"	"5028002"	"H01y000"
"567061000000117"	"Acute rhinosinusitis"	"431231008"	"H014.00"
"26785019"	"Acute sinusitis"	"15805002"	"H01..00"
"301015010"	"Acute sinusitis NOS"	"15805002"	"H01z.00"
"129311019"	"Acute sphenoidal sinusitis"	"77919000"	"H013.00"
"301013015"	"Other acute sinusitis"	"15805002"	"H01y.00"
"301014014"	"Other acute sinusitis NOS"	"15805002"	"H01yz00"
"5035681000006111"	"Recurrent acute sinusitis"	"232391008"	"NO READ CODE"
"301802017"	"[X]Acute pharyngitis due to other specified organisms"	"363746003"	"Hyu0100"
"301803010"	"[X]Acute tonsillitis due to other specified organisms"	"17741008"	"Hyu0200"
"301064019"	"Acute bacterial laryngitis"	"849571000000102"	"H040x00"
"301024018"	"Acute bacterial pharyngitis"	"195658003"	"H023.00"
"301027013"	"Acute bacterial pharyngitis NOS"	"195658003"	"H023z00"
"301041016"	"Acute bacterial tonsillitis"	"195671000"	"H035.00"
"301044012"	"Acute bacterial tonsillitis NOS"	"195671000"	"H035z00"
"301054011"	"Acute catarrhal laryngitis"	"195682008"	"H040200"
"301038013"	"Acute catarrhal tonsillitis"	"195669000"	"H033.00"
"301080012"	"Acute epiglottitis"	"29608009"	"H043z00"
"456591000006112"	"Acute epiglottitis (non-streptococcal)"	"266337001"	"H043.00"
"1467013"	"Acute epiglottitis with obstruction"	"222008"	"H043100"
"83125011"	"Acute epiglottitis without obstruction"	"49908003"	"H043000"
"301035011"	"Acute erythematous tonsillitis"	"195666007"	"H030.00"
"4780151000006115"	"Acute exudative tonsillitis"	"195669000"	"NO READ CODE"
"301036012"	"Acute follicular tonsillitis"	"195667003"	"H031.00"
"301021014"	"Acute gangrenous pharyngitis"	"195655000"	"H020.00"
"301040015"	"Acute gangrenous tonsillitis"	"195670004"	"H034.00"
"301057016"	"Acute haemophilus influenzae laryngitis"	"195684009"	"H040400"
"5035771000006115"	"Acute herpes simplex pharyngitis"	"232399005"	"NO READ CODE"
"12028011"	"Acute laryngitis"	"6655004"	"H040.00"
"301065018"	"Acute laryngitis NOS"	"6655004"	"H040z00"
"1001611000006114"	"Acute laryngitis with obstruction"	"408669002"	"H043200"
"92029013"	"Acute laryngopharyngitis"	"55355000"	"H050.00"
"5912901000006119"	"Acute lingual tonsillitis"	"302911003"	"NO READ CODE"
"136470019"	"Acute nasopharyngitis"	"82272006"	"H00..00"
"301052010"	"Acute oedematous laryngitis"	"195680000"	"H040000"
"4075191000006110"	"Acute peritonsillitis"	"102453009"	"NO READ CODE"
"486416017"	"Acute pharyngitis"	"363746003"	"H02..00"
"459581000006119"	"Acute pharyngitis NOS"	"363746003"	"H02z.00"
"301055012"	"Acute phlegmonous laryngitis"	"195683003"	"H040300"
"301022019"	"Acute phlegmonous pharyngitis"	"195656004"	"H021.00"
"301058014"	"Acute pneumococcal laryngitis"	"195685005"	"H040500"
"301025017"	"Acute pneumococcal pharyngitis"	"195659006"	"H023000"
"301042011"	"Acute pneumococcal tonsillitis"	"195672007"	"H035000"
"5036201000006110"	"Acute simple laryngitis"	"232426008"	"NO READ CODE"
"301026016"	"Acute staphylococcal pharyngitis"	"195660001"	"H023100"
"301043018"	"Acute staphylococcal tonsillitis"	"195673002"	"H035100"
"5036251000006114"	"Acute subglottic laryngitis"	"232429001"	"NO READ CODE"
"301059018"	"Acute suppurative laryngitis"	"195686006"	"H040600"
"855671000006111"	"Acute tonsilitis/pharyngitis"	"855671000006107"	"NO READ CODE"
"29982014"	"Acute tonsillitis"	"17741008"	"H03..00"
"301049019"	"Acute tonsillitis NOS"	"17741008"	"H03z.00"
"301053017"	"Acute ulcerative laryngitis"	"195681001"	"H040100"
"301023012"	"Acute ulcerative pharyngitis"	"195657008"	"H022.00"
"301037015"	"Acute ulcerative tonsillitis"	"195668008"	"H032.00"
"301028015"	"Acute viral pharyngitis"	"195662009"	"H024.00"
"301046014"	"Acute viral tonsillitis"	"195676005"	"H036.00"
"5036301000006119"	"Adult acute epiglottitis and supraglottitis"	"232433008"	"NO READ CODE"
"4780231000006116"	"RAT - Recurrent acute tonsillitis"	"195677001"	"NO READ CODE"
"3517641017"	"Recurrent acute streptococcal tonsillitis"	"10629231000119109"	"NO READ CODE"
"301047017"	"Recurrent acute tonsillitis"	"195677001"	"H037.00"
"301063013"	"Viral laryngitis"	"441551009"	"H040w00"
