medcodeid	term	snomedctconceptid	readcode
"105227013"	"Chronic pyelonephritis"	"63302006"	"K100.00"
"147258010"	"Chronic gonococcal cystitis"	"88813005"	"A983100"
"304060010"	"Chronic pyelonephritis without medullary necrosis"	"197760006"	"K100000"
"3344841000006112"	"Emphysematous cystitis"	"52123000"	"NO READ CODE"
"5093281000006119"	"Fungal infection of kidney"	"236377000"	"NO READ CODE"
"304201019"	"Cystitis in trichomoniasis"	"197850006"	"K154700"
"304198012"	"Cystitis in moniliasis"	"197849006"	"K154600"
"4789821000006114"	"Monilial cystitis"	"197849006"	"NO READ CODE"
"8285011"	"Subacute cystitis"	"4324001"	"K152000"
"3376381000006117"	"Echinococcal cystitis"	"54026009"	"NO READ CODE"
"354324018"	"Chronic infective interstitial nephritis"	"236374007"	"K105.00"
"3817251000006113"	"Drainage of perinephric abscess"	"80986009"	"NO READ CODE"
"304069011"	"Acute pyelonephritis with medullary necrosis"	"197769007"	"K101100"
"304202014"	"Cystitis associated with another disorder"	"197845000"	"K154z00"
"4355491000006117"	"Focal pyelonephritis"	"123754002"	"NO READ CODE"
"3817241000006111"	"Drainage of perirenal abscess"	"80986009"	"NO READ CODE"
"61863019"	"Shunt nephritis"	"37085009"	"K000000"
"304209017"	"Cystitis NOS"	"38822007"	"K15z.00"
"304205011"	"Recurrent cystitis"	"197853008"	"K155.00"
"411392011"	"Cystitis of pregnancy"	"275412000"	"L166.11"
"113331011"	"Acute cystitis"	"68226007"	"K150.00"
"65119018"	"Cystitis"	"38822007"	"K15..00"
"305207010"	"[X]Other urethritis"	"31822004"	"Kyu5500"
"354330018"	"Chronic obstructive pyelonephritis"	"236379002"	"K100500"
"3876401000006115"	"Urethritis-non-specific"	"84619001"	"NO READ CODE"
"3876391000006117"	"NGU - Non-gonococcal urethritis"	"84619001"	"NO READ CODE"
"7978191000006116"	"Obstructive pyelonephritis"	"4181000119109"	"NO READ CODE"
"304277016"	"Other urethritis"	"31822004"	"K17y.00"
"5560201000006117"	"Acute recurrent cystitis"	"274109003"	"NO READ CODE"
"4789231000006111"	"Non-obstructive reflux-associated chronic pyelonephritis"	"197764002"	"NO READ CODE"
"304278014"	"Urethritis"	"31822004"	"K17y000"
"496701000006119"	"Asymptomatic bacteriuria in pregnancy - delivered with postnatal complication"	"199100007"	"L165200"
"303904014"	"Exudative nephritis"	"7011000119105"	"K03y100"
"304063012"	"Chronic pyonephrosis"	"197763008"	"K100300"
"305963015"	"Asymptomatic bacteriuria in pregnancy - delivered"	"199099004"	"L165100"
"52764015"	"Asymptomatic bacteriuria in pregnancy"	"31563000"	"L165.00"
"65241012"	"Xanthogranulomatous pyelonephritis"	"38898003"	"K104.00"
"304067013"	"Chronic pyelonephritis NOS"	"63302006"	"K100z00"
"74061000006112"	"Urethritis due to non venereal cause NOS"	"266563005"	"K17z.00"
"304061014"	"Chronic pyelonephritis with medullary necrosis"	"197761005"	"K100100"
"496751000006115"	"Asymptomatic bacteriuria in pregnancy with postnatal complication"	"199102004"	"L165400"
"140294012"	"Nonspecific urethritis"	"84619001"	"A994.00"
"305965010"	"Asymptomatic bacteriuria in pregnancy - not delivered"	"199101006"	"L165300"
"606691000006115"	"Cystitis in tuberculosis"	"32268008"	"K154800"
"303817011"	"Acute exudative nephritis"	"197583006"	"K00y100"
"304286014"	"Other urethritis NOS"	"31822004"	"K17yz00"
"304087014"	"Pyelonephritis in diseases EC"	"197782004"	"K10y300"
"305603019"	"Urinary tract infection following abortive pregnancy"	"609491002"	"L09y400"
"304321016"	"Chronic urinary tract infection"	"197928006"	"K190400"
"5097431000006111"	"Chlamydial urethritis"	"236683007"	"NO READ CODE"
"1231277013"	"Cystitis in echinococcus infestation"	"54026009"	"K154300"
"304086017"	"Pyonephrosis"	"48631008"	"K10y200"
"990791000006113"	"Kidney infection NOS"	"129128006"	"K10..99"
"50395017"	"Trichomonal urethritis"	"30116001"	"AD10200"
"886651000006115"	"Renal/perinephric abscess"	"197772000"	"K102.99"
"879451000006115"	"Non-specific urethritis"	"84619001"	"A994.99"
"304197019"	"Cystitis in gonorrhoea"	"197848003"	"K154500"
"417401000006111"	"[X]Other+unspcf genitourinary tract infection in pregnancy"	"267204006"	"Lyu2400"
"8120631000006117"	"Urinary tract infection caused by Klebsiella"	"369001000119100"	"NO READ CODE"
"8120621000006115"	"Urinary tract infection caused by Enterococcus"	"368991000119100"	"NO READ CODE"
"7083321000006113"	"Chronic lower UTI (urinary tract infection)"	"428091000"	"NO READ CODE"
"801221000006116"	"Genitourinary tract infection in pregnancy - deliv +p/n comp"	"199107005"	"L166200"
"74071000006117"	"Non-venereal urethritis"	"266563005"	"K17..00"
"7135041000006119"	"Acute UTI (urinary tract infection)"	"431309003"	"NO READ CODE"
"2580881000006110"	"Actinomycotic cystitis"	"5093001"	"NO READ CODE"
"80428019"	"Diphtheritic cystitis"	"48278001"	"A32y300"
"5097411000006117"	"Infective urethritis"	"236681009"	"NO READ CODE"
"4789841000006119"	"Trichomonal cystitis"	"197850006"	"NO READ CODE"
"21171016"	"Neonatal urinary tract infection"	"12301009"	"Q40y100"
"5888031000006115"	"Proteus urinary tract infection"	"301012009"	"NO READ CODE"
"404611000006119"	"[X]Oth disordrs/kidney+ureter/infects+parasitic diseases CE"	"443820000"	"Kyu4200"
"304072016"	"Renal and perinephric abscess"	"197772000"	"K102.00"
"308190014"	"[X]Other genitourinary tract infections following delivery"	"199106001"	"Lyu6100"
"1209801015"	"Sepsis due to urinary tract infection"	"721104000"	"K190600"
"7028541000006114"	"Bacterial cystitis"	"424551004"	"NO READ CODE"
"2247821000000119"	"On urinary tract infection care pathway"	"869691000000108"	"8CMWE00"
"5888021000006118"	"Escherichia coli urinary tract infection"	"301011002"	"NO READ CODE"
"304070012"	"Acute pyonephrosis"	"197770008"	"K101300"
"221191000000117"	"Cystitis in bilharziasis"	"60979006"	"K154200"
"801271000006115"	"Genitourinary tract infection in pregnancy with postnatal complication"	"199109008"	"L166400"
"3615701000006117"	"UTI - Urinary tract infection"	"68566005"	"NO READ CODE"
"5097421000006113"	"Gonococcal urethritis"	"236682002"	"NO READ CODE"
"1761271000006118"	"[SHHAPT] Urinary tract infection"	"1761271000006102"	"NO READ CODE"
"886811000006115"	"Urinary tract infection NOS"	"68566005"	"K190.98"
"304084019"	"Pyelonephritis"	"45816000"	"K10y000"
"7135021000006114"	"Acute urinary tract infection"	"431309003"	"NO READ CODE"
"7134991000006111"	"Acute upper urinary tract infection"	"431308006"	"NO READ CODE"
"1230922019"	"Cystitis in actinomycosis"	"5093001"	"K154000"
"305974012"	"Genitourinary tract infection in pregnancy - not delivered"	"199108000"	"L166300"
"79871000006111"	"Uncomplicated Non-Gonococcal/Non-Specific Urethritis In Males"	"79871000006107"	"NO READ CODE"
"112408019"	"Prostatocystitis"	"67685000"	"K213.00"
"304077010"	"Renal and perinephric abscess NOS"	"197772000"	"K102z00"
"4789351000006110"	"Secondary pyelonephritis"	"197782004"	"NO READ CODE"
"354323012"	"Emphysematous pyelonephritis"	"236373001"	"K101400"
"308102012"	"Urinary tract infection in pregnancy"	"307534009"	"Lyu2300"
"7144721000006113"	"Acute lower urinary tract infection"	"431737008"	"NO READ CODE"
"2563101000006115"	"UTI - Lower urinary tract infection"	"4009004"	"NO READ CODE"
"354329011"	"Candida pyelonephritis"	"236378005"	"K106.00"
"5097691000006113"	"Recurrent infective cystitis"	"236703003"	"NO READ CODE"
"304090015"	"Unspecified pyelonephritis NOS"	"45816000"	"K10yz00"
"49984015"	"Acute gonococcal urethritis"	"29864006"	"A980100"
"5096711000006114"	"Infective cystitis"	"236620008"	"NO READ CODE"
"5968141000006118"	"Acute infective cystitis"	"307426000"	"NO READ CODE"
"3811661000006116"	"Perirenal abscess"	"80640009"	"NO READ CODE"
"5888011000006114"	"Coliform urinary tract infection"	"301010001"	"NO READ CODE"
"304083013"	"Pyelonephritis and pyonephrosis unspecified"	"129128006"	"K10y.00"
"886661000006118"	"Kidney infection NOS"	"601541000000108"	"K10z.99"
"6013071000006113"	"Bacterial UTI (urinary tract infection)"	"312124009"	"NO READ CODE"
"41678019"	"Acute gonococcal cystitis"	"24868007"	"A981100"
"133779010"	"Perinephric abscess"	"80640009"	"K102100"
"1232869016"	"Acute infective interstitial nephritis"	"66993009"	"K08y700"
"4789331000006115"	"Pyelonephritis associated with another disorder"	"197782004"	"NO READ CODE"
"304068015"	"Acute pyelonephritis without medullary necrosis"	"197768004"	"K101000"
"779911000006110"	"Infectious disorder of kidney"	"129128006"	"K10..00"
"4790241000006110"	"Recurrent UTI - urinary tract infection"	"197927001"	"NO READ CODE"
"7534301000006113"	"Urinary tract infection associated with catheter"	"700372006"	"NO READ CODE"
"229141000006119"	"Periurethritis"	"7253006"	"K17..11"
"2732301000000110"	"Uncomplicated urinary tract infection"	"1090711000000102"	"NO READ CODE"
"5097681000006110"	"Acute culture positive cystitis"	"236702008"	"NO READ CODE"
"304071011"	"Acute pyelonephritis NOS"	"36689008"	"K101z00"
"74741000006111"	"Urinary Tract Infection"	"74741000006107"	"NO READ CODE"
"304276013"	"Candidal urethritis"	"197903003"	"K172.00"
"6995111000006113"	"Upper urinary tract infection"	"422747000"	"NO READ CODE"
"61206018"	"Acute pyelonephritis"	"36689008"	"K101.00"
"3876361000006113"	"Nongonococcal urethritis"	"84619001"	"NO READ CODE"
"6605011"	"Renal abscess"	"3321001"	"K102000"
"304091016"	"Kidney infection"	"129128006"	"K10z.00"
"1217047011"	"Cystitis in amoebiasis"	"8776008"	"K154100"
"2563091000006114"	"Lower urinary tract infection"	"4009004"	"NO READ CODE"
"2732311000000112"	"Uncomplicated UTI (urinary tract infection)"	"1090711000000102"	"NO READ CODE"
"5888051000006110"	"Pseudomonas urinary tract infection"	"301013004"	"NO READ CODE"
"108231015"	"Tuberculous pyelonephritis"	"44323002"	"A160200"
"5888041000006113"	"Proteus UTI (urinary tract infection)"	"301012009"	"NO READ CODE"
"74070015"	"Chronic gonococcal urethritis"	"44412000"	"A982100"
"7083311000006117"	"Chronic lower urinary tract infection"	"428091000"	"NO READ CODE"
"3091371000006117"	"Acute kidney infection"	"36689008"	"NO READ CODE"
"305976014"	"Infections of kidney in pregnancy"	"199110003"	"L166500"
"113884018"	"Urinary tract infection"	"68566005"	"K190500"
"183141000006112"	"Recurrent urinary tract infection"	"197927001"	"K190.11"
"398348012"	"Genitourinary tract infections in pregnancy"	"267204006"	"L166.00"
"450823012"	"UTI - urinary tract infection in pregnancy"	"307534009"	"L166z11"
"1490641019"	"Urinary tract infection complicating pregnancy"	"307534009"	"L166800"
"305972011"	"Genitourinary tract infection in pregnancy - delivered"	"199106001"	"L166100"
"183171000006116"	"Recurrent urinary tract infection"	"197927001"	"K190311"
"305971016"	"Genitourinary tract infection in pregnancy unspecified"	"267204006"	"L166000"
"398349016"	"Genitourinary tract infection in pregnancy"	"267204006"	"L166z00"
"304319014"	"Recurrent urinary tract infection"	"197927001"	"K190300"
"183161000006111"	"Recurrent urinary tract infections"	"197927001"	"1AG..00"
"305977017"	"Urinary tract infection following delivery"	"199111004"	"L166600"
"2277901000000116"	"CAUTI - catheter-associated urinary tract infection"	"700372006"	"SP07Q11"
"74781000006117"	"Urinary tract infection, site not specified"	"68566005"	"K190.00"
"304323018"	"Urinary tract infection, site not specified NOS"	"68566005"	"K190z00"
"2277891000000117"	"Catheter-associated urinary tract infection"	"700372006"	"SP07Q00"
"216611000006114"	"Postoperative urinary tract infection"	"197926005"	"K190200"
